base_ber,base_correct_fraction,complete_recovery,condition_key,cover_stego_psnr,cover_stego_ssim,detail_ber,detail_correct_fraction,failure_stage_counts,method,observation_count,operational_failure_count,pair_id,payload_correct_fraction,peak_memory_bytes,raw_ber,raw_secret_correct_fraction,reconstruction_ncc,reconstruction_psnr,reconstruction_ssim,runtime_seconds,unknown_bit_fraction,valid_base_only_recovery
,,1.0,clean,45.87538335445845,0.9851358738552893,,,"{""S0_COMPLETE"":1}",B1,1,0,coco-000000019924-000000414510,1.0,154439680.0,0.0,1.0,1.0,,1.0,0.003261366000515409,0.0,
,,0.0,gaussian:10,45.87538335445845,0.9851358738552894,,,"{""S2_HEADER_VALID_PARTIAL"":3}",B1,3,0,coco-000000019924-000000414510,0.5254058837890625,157111637.33333334,0.4745941162109375,0.5254058837890625,0.8068596380222547,8.852541722498188,0.028261586183632222,0.008902619999692737,0.0,
,,0.0,gaussian:15,45.87538335445845,0.9851358738552894,,,"{""S2_HEADER_VALID_PARTIAL"":3}",B1,3,0,coco-000000019924-000000414510,0.5174433390299479,155392682.66666666,0.48255666097005206,0.5174433390299479,0.8064141582800434,8.713765664303748,0.021609350559056467,0.007765920000262365,0.0,
,,0.0,gaussian:5,45.87538335445845,0.9851358738552894,,,"{""S2_HEADER_VALID_PARTIAL"":3}",B1,3,0,coco-000000019924-000000414510,0.5486806233723959,155709440.0,0.4513193766276042,0.5486806233723959,0.8131382504864844,9.177494518651756,0.03687421516293673,0.010051348666820559,0.0,
,,0.0,jpeg:50,45.87538335445845,0.9851358738552893,,,"{""S2_HEADER_VALID_PARTIAL"":1}",B1,1,0,coco-000000019924-000000414510,0.50799560546875,155840512.0,0.49200439453125,0.50799560546875,0.7836241279075653,9.702184696365949,0.020029265695138725,0.004879479000010178,0.0,
,,0.0,jpeg:70,45.87538335445845,0.9851358738552893,,,"{""S2_HEADER_VALID_PARTIAL"":1}",B1,1,0,coco-000000019924-000000414510,0.5193099975585938,157741056.0,0.48069000244140625,0.5193099975585938,0.8146881584662892,9.608784694596244,0.02600173979532204,0.007623342999067972,0.0,
,,0.0,jpeg:90,45.87538335445845,0.9851358738552893,,,"{""S2_HEADER_VALID_PARTIAL"":1}",B1,1,0,coco-000000019924-000000414510,0.5512313842773438,154439680.0,0.44876861572265625,0.5512313842773438,0.8190289205928989,9.72209371701544,0.04325212476197456,0.008506535999913467,0.0,
,,0.0,salt_pepper:0.01,45.87538335445845,0.9851358738552894,,,"{""S2_HEADER_VALID_PARTIAL"":3}",B1,3,0,coco-000000019924-000000414510,0.9946568806966146,157234517.33333334,0.005343119303385417,0.9946568806966146,0.9954358065473845,26.392894991764482,0.8696917714220391,0.006747462667287134,0.0,
,,0.0,salt_pepper:0.03,45.87538335445845,0.9851358738552894,,,"{""S2_HEADER_VALID_PARTIAL"":3}",B1,3,0,coco-000000019924-000000414510,0.9851023356119791,156252842.66666666,0.014897664388020834,0.9851023356119791,0.9877477829183207,22.056551071139484,0.7078292827951804,0.0075195739997676965,0.0,
,,0.0,salt_pepper:0.05,45.87538335445845,0.9851358738552894,,,"{""S2_HEADER_VALID_PARTIAL"":3}",B1,3,0,coco-000000019924-000000414510,0.9750086466471354,155541504.0,0.024991353352864582,0.9750086466471354,0.9795792366302226,19.77551912998351,0.5929628027225732,0.006558631666848669,0.0,
,,0.0,clean,,,,,"{""S5_EXTRACTION_TRANSFORM_FAILURE"":1}",B2,1,0,coco-000000019924-000000414510,,158416896.0,,,,,,,,
,,0.0,gaussian:10,,,,,"{""S5_EXTRACTION_TRANSFORM_FAILURE"":3}",B2,3,0,coco-000000019924-000000414510,,155638442.66666666,,,,,,,,
,,0.0,gaussian:15,,,,,"{""S5_EXTRACTION_TRANSFORM_FAILURE"":3}",B2,3,0,coco-000000019924-000000414510,,156155904.0,,,,,,,,
,,0.0,gaussian:5,,,,,"{""S5_EXTRACTION_TRANSFORM_FAILURE"":3}",B2,3,0,coco-000000019924-000000414510,,157234517.33333334,,,,,,,,
,,0.0,jpeg:50,,,,,"{""S5_EXTRACTION_TRANSFORM_FAILURE"":1}",B2,1,0,coco-000000019924-000000414510,,157741056.0,,,,,,,,
,,0.0,jpeg:70,,,,,"{""S5_EXTRACTION_TRANSFORM_FAILURE"":1}",B2,1,0,coco-000000019924-000000414510,,156495872.0,,,,,,,,
,,0.0,jpeg:90,,,,,"{""S5_EXTRACTION_TRANSFORM_FAILURE"":1}",B2,1,0,coco-000000019924-000000414510,,156790784.0,,,,,,,,
,,0.0,salt_pepper:0.01,,,,,"{""S5_EXTRACTION_TRANSFORM_FAILURE"":3}",B2,3,0,coco-000000019924-000000414510,,157234517.33333334,,,,,,,,
,,0.0,salt_pepper:0.03,,,,,"{""S5_EXTRACTION_TRANSFORM_FAILURE"":3}",B2,3,0,coco-000000019924-000000414510,,155638442.66666666,,,,,,,,
,,0.0,salt_pepper:0.05,,,,,"{""S5_EXTRACTION_TRANSFORM_FAILURE"":3}",B2,3,0,coco-000000019924-000000414510,,155740842.66666666,,,,,,,,
0.0,1.0,1.0,clean,45.000009005482426,0.980379541377785,0.0,1.0,"{""S0_COMPLETE"":1}",C0,1,0,coco-000000019924-000000414510,1.0,156495872.0,0.005945313905378665,1.0,1.0,,1.0,2.893323558000702,0.0,1.0
,0.0,0.0,gaussian:10,45.00000900548243,0.980379541377785,,0.0,"{""S4_HEADER_FAILURE"":3}",C0,3,0,coco-000000019924-000000414510,0.0,155572906.66666666,0.3251858847514541,,,,,2.074899926333577,1.0,0.0
,0.0,0.0,gaussian:15,45.00000900548243,0.980379541377785,,0.0,"{""S4_HEADER_FAILURE"":3}",C0,3,0,coco-000000019924-000000414510,0.0,156939605.33333334,0.3569631828266475,,,,,2.1803066310003487,1.0,0.0
,0.0,0.0,gaussian:5,45.00000900548243,0.980379541377785,,0.0,"{""S4_HEADER_FAILURE"":3}",C0,3,0,coco-000000019924-000000414510,0.0,155381760.0,0.2635381063740481,,,,,2.051820457999687,1.0,0.0
,0.0,0.0,jpeg:50,45.000009005482426,0.980379541377785,,0.0,"{""S4_HEADER_FAILURE"":1}",C0,1,0,coco-000000019924-000000414510,0.0,155840512.0,0.47991994963122864,,,,,2.137601069000084,1.0,0.0
,0.0,0.0,jpeg:70,45.000009005482426,0.980379541377785,,0.0,"{""S4_HEADER_FAILURE"":1}",C0,1,0,coco-000000019924-000000414510,0.0,156487680.0,0.4595655693470049,,,,,2.1928691800003435,1.0,0.0
,0.0,0.0,jpeg:90,45.000009005482426,0.980379541377785,,0.0,"{""S4_HEADER_FAILURE"":1}",C0,1,0,coco-000000019924-000000414510,0.0,157339648.0,0.35599028602266597,,,,,2.102211035999062,1.0,0.0
,0.0,0.0,salt_pepper:0.01,45.00000900548243,0.980379541377785,,0.0,"{""S4_HEADER_FAILURE"":3}",C0,3,0,coco-000000019924-000000414510,0.0,156725248.0,0.15016189962223422,,,,,2.11366736666605,1.0,0.0
,0.0,0.0,salt_pepper:0.03,45.00000900548243,0.980379541377785,,0.0,"{""S4_HEADER_FAILURE"":3}",C0,3,0,coco-000000019924-000000414510,0.0,157499392.0,0.3022306170174492,,,,,1.7125450563338138,1.0,0.0
,0.0,0.0,salt_pepper:0.05,45.00000900548243,0.980379541377785,,0.0,"{""S4_HEADER_FAILURE"":3}",C0,3,0,coco-000000019924-000000414510,0.0,155219285.33333334,0.376451100317803,,,,,1.752554407666442,1.0,0.0
0.0,1.0,1.0,clean,45.000000948646374,0.9805626337974125,0.0,1.0,"{""S0_COMPLETE"":1}",C1,1,0,coco-000000019924-000000414510,1.0,156790784.0,0.005945313905378665,1.0,1.0,,1.0,3.3267717700000503,0.0,1.0
,0.0,0.0,gaussian:10,45.000000948646374,0.9805626337974124,,0.0,"{""S4_HEADER_FAILURE"":3}",C1,3,0,coco-000000019924-000000414510,0.0,158001834.66666666,0.32567458175930925,,,,,1.975509731000784,1.0,0.0
,0.0,0.0,gaussian:15,45.000000948646374,0.9805626337974124,,0.0,"{""S4_HEADER_FAILURE"":3}",C1,3,0,coco-000000019924-000000414510,0.0,156002986.66666666,0.35693619955627504,,,,,2.03134105800018,1.0,0.0
,0.0,0.0,gaussian:5,45.000000948646374,0.9805626337974124,,0.0,"{""S4_HEADER_FAILURE"":3}",C1,3,0,coco-000000019924-000000414510,0.0,156191402.66666666,0.26418120765125624,,,,,1.9830923713331383,1.0,0.0
,0.0,0.0,jpeg:50,45.000000948646374,0.9805626337974125,,0.0,"{""S4_HEADER_FAILURE"":1}",C1,1,0,coco-000000019924-000000414510,0.0,154914816.0,0.4784943335132218,,,,,2.0962958829986746,1.0,0.0
,0.0,0.0,jpeg:70,45.000000948646374,0.9805626337974125,,0.0,"{""S4_HEADER_FAILURE"":1}",C1,1,0,coco-000000019924-000000414510,0.0,155840512.0,0.4549694189602447,,,,,2.173295683000106,1.0,0.0
,0.0,0.0,jpeg:90,45.000000948646374,0.9805626337974125,,0.0,"{""S4_HEADER_FAILURE"":1}",C1,1,0,coco-000000019924-000000414510,0.0,157339648.0,0.3460964202194639,,,,,1.8972713029997976,1.0,0.0
,0.0,0.0,salt_pepper:0.01,45.000000948646374,0.9805626337974124,,0.0,"{""S4_HEADER_FAILURE"":3}",C1,3,0,coco-000000019924-000000414510,0.0,157499392.0,0.14957126581519456,,,,,1.8187268136674295,1.0,0.0
,0.0,0.0,salt_pepper:0.03,45.000000948646374,0.9805626337974124,,0.0,"{""S4_HEADER_FAILURE"":3}",C1,3,0,coco-000000019924-000000414510,0.0,155465045.33333334,0.3031255621514661,,,,,2.1070937823333225,1.0,0.0
,0.0,0.0,salt_pepper:0.05,45.000000948646374,0.9805626337974124,,0.0,"{""S4_HEADER_FAILURE"":3}",C1,3,0,coco-000000019924-000000414510,0.0,156960085.33333334,0.37867572105294717,,,,,3.3946379069996815,1.0,0.0
0.0,1.0,1.0,clean,45.00001706233342,0.9803701370179125,0.0,1.0,"{""S0_COMPLETE"":1}",C2,1,0,coco-000000019924-000000414510,1.0,155840512.0,0.005891347364633927,1.0,1.0,,1.0,3.738055951998831,0.0,1.0
,0.0,0.0,gaussian:10,45.00001706233342,0.9803701370179126,,0.0,"{""S4_HEADER_FAILURE"":3}",C2,3,0,coco-000000019924-000000414510,0.0,155891029.33333334,0.32513941356359055,,,,,3.2190553020003185,1.0,0.0
,0.0,0.0,gaussian:15,45.00001706233342,0.9803701370179126,,0.0,"{""S4_HEADER_FAILURE"":3}",C2,3,0,coco-000000019924-000000414510,0.0,157196288.0,0.3555240750734545,,,,,2.9811561246672986,1.0,0.0
,0.0,0.0,gaussian:5,45.00001706233342,0.9803701370179126,,0.0,"{""S4_HEADER_FAILURE"":3}",C2,3,0,coco-000000019924-000000414510,0.0,157261824.0,0.26290549859087364,,,,,3.3696570610009076,1.0,0.0
,0.0,0.0,jpeg:50,45.00001706233342,0.9803701370179125,,0.0,"{""S4_HEADER_FAILURE"":1}",C2,1,0,coco-000000019924-000000414510,0.0,156487680.0,0.479020507285483,,,,,3.2516436710011476,1.0,0.0
,0.0,0.0,jpeg:70,45.00001706233342,0.9803701370179125,,0.0,"{""S4_HEADER_FAILURE"":1}",C2,1,0,coco-000000019924-000000414510,0.0,156786688.0,0.4577531930203274,,,,,2.86355636999906,1.0,0.0
,0.0,0.0,jpeg:90,45.00001706233342,0.9803701370179125,,0.0,"{""S4_HEADER_FAILURE"":1}",C2,1,0,coco-000000019924-000000414510,0.0,154914816.0,0.35294117647058826,,,,,2.851733567998963,1.0,0.0
,0.0,0.0,salt_pepper:0.01,45.00001706233342,0.9803701370179126,,0.0,"{""S4_HEADER_FAILURE"":3}",C2,3,0,coco-000000019924-000000414510,0.0,155972949.33333334,0.14946183366312885,,,,,3.5376991149999717,1.0,0.0
,0.0,0.0,salt_pepper:0.03,45.00001706233342,0.9803701370179126,,0.0,"{""S4_HEADER_FAILURE"":3}",C2,3,0,coco-000000019924-000000414510,0.0,156022101.33333334,0.3036022665947113,,,,,2.7851751126672752,1.0,0.0
,0.0,0.0,salt_pepper:0.05,45.00001706233342,0.9803701370179126,,0.0,"{""S4_HEADER_FAILURE"":3}",C2,3,0,coco-000000019924-000000414510,0.0,156484949.33333334,0.3768333633147449,,,,,2.5563453353327836,1.0,0.0
0.0,1.0,1.0,clean,45.000000948646374,0.9806273603377054,0.0,1.0,"{""S0_COMPLETE"":1}",C3,1,0,coco-000000019924-000000414510,1.0,156495872.0,0.005927325058463753,1.0,1.0,,1.0,2.978248810999503,0.0,1.0
,0.0,0.0,gaussian:10,45.000000948646374,0.9806273603377053,,0.0,"{""S4_HEADER_FAILURE"":3}",C3,3,0,coco-000000019924-000000414510,0.0,156497237.33333334,0.32562211428914073,,,,,1.8303111496661586,1.0,0.0
,0.0,0.0,gaussian:15,45.000000948646374,0.9806273603377053,,0.0,"{""S4_HEADER_FAILURE"":3}",C3,3,0,coco-000000019924-000000414510,0.0,156207786.66666666,0.35623613359716977,,,,,1.783577344999988,1.0,0.0
,0.0,0.0,gaussian:5,45.000000948646374,0.9806273603377053,,0.0,"{""S4_HEADER_FAILURE"":3}",C3,3,0,coco-000000019924-000000414510,0.0,155839146.66666666,0.2645095041074534,,,,,1.7822139066671905,1.0,0.0
,0.0,0.0,jpeg:50,45.000000948646374,0.9806273603377054,,0.0,"{""S4_HEADER_FAILURE"":1}",C3,1,0,coco-000000019924-000000414510,0.0,155840512.0,0.477630868861306,,,,,1.9877764609991573,1.0,0.0
,0.0,0.0,jpeg:70,45.000000948646374,0.9806273603377054,,0.0,"{""S4_HEADER_FAILURE"":1}",C3,1,0,coco-000000019924-000000414510,0.0,154034176.0,0.45468609462133475,,,,,1.6099006099993858,1.0,0.0
,0.0,0.0,jpeg:90,45.000000948646374,0.9806273603377054,,0.0,"{""S4_HEADER_FAILURE"":1}",C3,1,0,coco-000000019924-000000414510,0.0,156786688.0,0.3461683756071236,,,,,1.9592107600001327,1.0,0.0
,0.0,0.0,salt_pepper:0.01,45.000000948646374,0.9806273603377053,,0.0,"{""S4_HEADER_FAILURE"":3}",C3,3,0,coco-000000019924-000000414510,0.0,157391530.66666666,0.14933441266414824,,,,,1.6597277573334093,1.0,0.0
,0.0,0.0,salt_pepper:0.03,45.000000948646374,0.9806273603377053,,0.0,"{""S4_HEADER_FAILURE"":3}",C3,3,0,coco-000000019924-000000414510,0.0,155145557.33333334,0.30371769502908197,,,,,1.9290702630005399,1.0,0.0
,0.0,0.0,salt_pepper:0.05,45.000000948646374,0.9806273603377053,,0.0,"{""S4_HEADER_FAILURE"":3}",C3,3,0,coco-000000019924-000000414510,0.0,157742421.33333334,0.37800413743479044,,,,,1.6729282843328594,1.0,0.0
0.0,1.0,1.0,clean,45.000025119199364,0.9806520196031568,0.0,1.0,"{""S0_COMPLETE"":1}",C3_NP,1,0,coco-000000019924-000000414510,1.0,154439680.0,0.005994783234394676,1.0,1.0,,1.0,3.4540180459989642,0.0,1.0
,0.0,0.0,gaussian:10,45.000025119199364,0.9806520196031568,,0.0,"{""S4_HEADER_FAILURE"":3}",C3_NP,3,0,coco-000000019924-000000414510,0.0,157649578.66666666,0.32467769982610784,,,,,2.406850335000248,1.0,0.0
,0.0,0.0,gaussian:15,45.000025119199364,0.9806520196031568,,0.0,"{""S4_HEADER_FAILURE"":3}",C3_NP,3,0,coco-000000019924-000000414510,0.0,155787264.0,0.3567323259579061,,,,,2.212808426667228,1.0,0.0
,0.0,0.0,gaussian:5,45.000025119199364,0.9806520196031568,,0.0,"{""S4_HEADER_FAILURE"":3}",C3_NP,3,0,coco-000000019924-000000414510,0.0,155983872.0,0.264433051508065,,,,,2.026649191000009,1.0,0.0
,0.0,0.0,jpeg:50,45.000025119199364,0.9806520196031568,,0.0,"{""S4_HEADER_FAILURE"":1}",C3_NP,1,0,coco-000000019924-000000414510,0.0,156487680.0,0.4760028782155064,,,,,2.1393808470002114,1.0,0.0
,0.0,0.0,jpeg:70,45.000025119199364,0.9806520196031568,,0.0,"{""S4_HEADER_FAILURE"":1}",C3_NP,1,0,coco-000000019924-000000414510,0.0,157339648.0,0.4528377406008275,,,,,2.2046379639996303,1.0,0.0
,0.0,0.0,jpeg:90,45.000025119199364,0.9806520196031568,,0.0,"{""S4_HEADER_FAILURE"":1}",C3_NP,1,0,coco-000000019924-000000414510,0.0,158806016.0,0.3458490735743839,,,,,2.2975286740002048,1.0,0.0
,0.0,0.0,salt_pepper:0.01,45.000025119199364,0.9806520196031568,,0.0,"{""S4_HEADER_FAILURE"":3}",C3_NP,3,0,coco-000000019924-000000414510,0.0,156211882.66666666,0.14944084667506147,,,,,1.8788501219999791,1.0,0.0
,0.0,0.0,salt_pepper:0.03,45.000025119199364,0.9806520196031568,,0.0,"{""S4_HEADER_FAILURE"":3}",C3_NP,3,0,coco-000000019924-000000414510,0.0,156969642.66666666,0.30395304910955206,,,,,1.7421532983328991,1.0,0.0
,0.0,0.0,salt_pepper:0.05,45.000025119199364,0.9806520196031568,,0.0,"{""S4_HEADER_FAILURE"":3}",C3_NP,3,0,coco-000000019924-000000414510,0.0,157118464.0,0.37871319781735324,,,,,1.8851954800005235,1.0,0.0
,,1.0,clean,45.82719935881448,0.9885891346322115,,,"{""S0_COMPLETE"":1}",B1,1,0,coco-000000022705-000000343315,1.0,158416896.0,0.0,1.0,0.9999999999999999,,1.0,0.003237795001041377,0.0,
,,0.0,gaussian:10,45.82719935881448,0.9885891346322117,,,"{""S2_HEADER_VALID_PARTIAL"":3}",B1,3,0,coco-000000022705-000000343315,0.5088373819986979,155777706.66666666,0.49116261800130206,0.5088373819986979,0.8196224413654937,8.726147487853398,0.010390840557402848,0.008444564666812463,0.0,
,,0.0,gaussian:15,45.82719935881448,0.9885891346322117,,,"{""S2_HEADER_VALID_PARTIAL"":3}",B1,3,0,coco-000000022705-000000343315,0.5038859049479166,157231786.66666666,0.4961140950520833,0.5038859049479166,0.818956227664002,8.708612895197723,0.011901128356480687,0.009386905666057524,0.0,
,,0.0,gaussian:5,45.82719935881448,0.9885891346322117,,,"{""S2_HEADER_VALID_PARTIAL"":3}",B1,3,0,coco-000000022705-000000343315,0.5335667928059896,156606464.0,0.46643320719401044,0.5335667928059896,0.8308653692180102,8.997506229600338,0.018156943719278226,0.007833866666260292,0.0,
,,0.0,jpeg:50,45.82719935881448,0.9885891346322115,,,"{""S2_HEADER_VALID_PARTIAL"":1}",B1,1,0,coco-000000022705-000000343315,0.50604248046875,154931200.0,0.49395751953125,0.50604248046875,0.8225458631649565,8.83096724414015,0.014405548455026854,0.006703861999994842,0.0,
,,0.0,jpeg:70,45.82719935881448,0.9885891346322115,,,"{""S2_HEADER_VALID_PARTIAL"":1}",B1,1,0,coco-000000022705-000000343315,0.5069046020507812,155615232.0,0.49309539794921875,0.5069046020507812,0.8257579778059241,8.877561807278136,0.015466042955407109,0.004490217999773449,0.0,
,,0.0,jpeg:90,45.82719935881448,0.9885891346322115,,,"{""S2_HEADER_VALID_PARTIAL"":1}",B1,1,0,coco-000000022705-000000343315,0.5299301147460938,156487680.0,0.47006988525390625,0.5299301147460938,0.8353821273898805,9.127011657537835,0.018707816320486147,0.0074806740012718365,0.0,
,,0.0,salt_pepper:0.01,45.82719935881448,0.9885891346322117,,,"{""S2_HEADER_VALID_PARTIAL"":3}",B1,3,0,coco-000000022705-000000343315,0.9948221842447916,155772245.33333334,0.005177815755208333,0.9948221842447916,0.9971784582841995,26.528408040405935,0.8448051598800012,0.007130302333583434,0.0,
,,0.0,salt_pepper:0.03,45.82719935881448,0.9885891346322117,,,"{""S2_HEADER_VALID_PARTIAL"":3}",B1,3,0,coco-000000022705-000000343315,0.9846700032552084,156839936.0,0.015329996744791666,0.9846700032552084,0.9913140983605903,21.647315828955197,0.6318265332737503,0.005328889000035512,0.0,
,,0.0,salt_pepper:0.05,45.82719935881448,0.9885891346322117,,,"{""S2_HEADER_VALID_PARTIAL"":3}",B1,3,0,coco-000000022705-000000343315,0.9749603271484375,155908778.66666666,0.0250396728515625,0.9749603271484375,0.9863092131238987,19.66661404441574,0.5069005936560068,0.0063928083327482454,0.0,
,,0.0,clean,,,,,"{""S5_EXTRACTION_TRANSFORM_FAILURE"":1}",B2,1,0,coco-000000022705-000000343315,,158416896.0,,,,,,,,
,,0.0,gaussian:10,,,,,"{""S5_EXTRACTION_TRANSFORM_FAILURE"":3}",B2,3,0,coco-000000022705-000000343315,,155885568.0,,,,,,,,
,,0.0,gaussian:15,,,,,"{""S5_EXTRACTION_TRANSFORM_FAILURE"":3}",B2,3,0,coco-000000022705-000000343315,,156068522.66666666,,,,,,,,
,,0.0,gaussian:5,,,,,"{""S5_EXTRACTION_TRANSFORM_FAILURE"":3}",B2,3,0,coco-000000022705-000000343315,,157711018.66666666,,,,,,,,
,,0.0,jpeg:50,,,,,"{""S5_EXTRACTION_TRANSFORM_FAILURE"":1}",B2,1,0,coco-000000022705-000000343315,,156786688.0,,,,,,,,
,,0.0,jpeg:70,,,,,"{""S5_EXTRACTION_TRANSFORM_FAILURE"":1}",B2,1,0,coco-000000022705-000000343315,,154914816.0,,,,,,,,
,,0.0,jpeg:90,,,,,"{""S5_EXTRACTION_TRANSFORM_FAILURE"":1}",B2,1,0,coco-000000022705-000000343315,,156790784.0,,,,,,,,
,,0.0,salt_pepper:0.01,,,,,"{""S5_EXTRACTION_TRANSFORM_FAILURE"":3}",B2,3,0,coco-000000022705-000000343315,,157168981.33333334,,,,,,,,
,,0.0,salt_pepper:0.03,,,,,"{""S5_EXTRACTION_TRANSFORM_FAILURE"":3}",B2,3,0,coco-000000022705-000000343315,,157369685.33333334,,,,,,,,
,,0.0,salt_pepper:0.05,,,,,"{""S5_EXTRACTION_TRANSFORM_FAILURE"":3}",B2,3,0,coco-000000022705-000000343315,,155151018.66666666,,,,,,,,
0.0,1.0,1.0,clean,45.000049289886874,0.9837901550810246,0.0,1.0,"{""S0_COMPLETE"":1}",C0,1,0,coco-000000022705-000000343315,1.0,156495872.0,0.0009174311926605505,1.0,0.9999999999999999,,1.0,2.5963285870002437,0.0,1.0
,0.0,0.0,gaussian:10,45.000049289886874,0.9837901550810247,,0.0,"{""S4_HEADER_FAILURE"":3}",C0,3,0,coco-000000022705-000000343315,0.0,157477546.66666666,0.32285183186424415,,,,,1.8216800526661245,1.0,0.0
,0.0,0.0,gaussian:15,45.000049289886874,0.9837901550810247,,0.0,"{""S4_HEADER_FAILURE"":3}",C0,3,0,coco-000000022705-000000343315,0.0,155632981.33333334,0.35219314025304316,,,,,1.6814763116672111,1.0,0.0
,0.0,0.0,gaussian:5,45.000049289886874,0.9837901550810247,,0.0,"{""S4_HEADER_FAILURE"":3}",C0,3,0,coco-000000022705-000000343315,0.0,156946432.0,0.2578791149487318,,,,,1.7516503543332267,1.0,0.0
,0.0,0.0,jpeg:50,45.000049289886874,0.9837901550810246,,0.0,"{""S4_HEADER_FAILURE"":1}",C0,1,0,coco-000000022705-000000343315,0.0,157753344.0,0.4752428494333513,,,,,1.9139215670002159,1.0,0.0
,0.0,0.0,jpeg:70,45.000049289886874,0.9837901550810246,,0.0,"{""S4_HEADER_FAILURE"":1}",C0,1,0,coco-000000022705-000000343315,0.0,158416896.0,0.45019787731606403,,,,,2.0097291649999534,1.0,0.0
,0.0,0.0,jpeg:90,45.000049289886874,0.9837901550810246,,0.0,"{""S4_HEADER_FAILURE"":1}",C0,1,0,coco-000000022705-000000343315,0.0,156487680.0,0.3494918150746537,,,,,1.8703592909987492,1.0,0.0
,0.0,0.0,salt_pepper:0.01,45.000049289886874,0.9837901550810247,,0.0,"{""S4_HEADER_FAILURE"":3}",C0,3,0,coco-000000022705-000000343315,0.0,155478698.66666666,0.1626431612400312,,,,,2.0703589796667075,1.0,0.0
,0.0,0.0,salt_pepper:0.03,45.000049289886874,0.9837901550810247,,0.0,"{""S4_HEADER_FAILURE"":3}",C0,3,0,coco-000000022705-000000343315,0.0,155101866.66666666,0.3183171433711099,,,,,1.8468937066669848,1.0,0.0
,0.0,0.0,salt_pepper:0.05,45.000049289886874,0.9837901550810247,,0.0,"{""S4_HEADER_FAILURE"":3}",C0,3,0,coco-000000022705-000000343315,0.0,157462528.0,0.39244318522516036,,,,,1.880300295000173,1.0,0.0
0.0,1.0,1.0,clean,45.000009005482426,0.9838937872043584,0.0,1.0,"{""S0_COMPLETE"":1}",C1,1,0,coco-000000022705-000000343315,1.0,158416896.0,0.0010298614858787552,1.0,0.9999999999999999,,1.0,3.828255843000079,0.0,1.0
,0.0,0.0,gaussian:10,45.00000900548243,0.9838937872043584,,0.0,"{""S4_HEADER_FAILURE"":3}",C1,3,0,coco-000000022705-000000343315,0.0,156435797.33333334,0.3230841878035618,,,,,2.8454224433341246,1.0,0.0
,0.0,0.0,gaussian:15,45.00000900548243,0.9838937872043584,,0.0,"{""S4_HEADER_FAILURE"":3}",C1,3,0,coco-000000022705-000000343315,0.0,155772245.33333334,0.3531420519278048,,,,,2.9903620596663436,1.0,0.0
,0.0,0.0,gaussian:5,45.00000900548243,0.9838937872043584,,0.0,"{""S4_HEADER_FAILURE"":3}",C1,3,0,coco-000000022705-000000343315,0.0,155772245.33333334,0.2594681297595491,,,,,2.947791288333368,1.0,0.0
,0.0,0.0,jpeg:50,45.000009005482426,0.9838937872043584,,0.0,"{""S4_HEADER_FAILURE"":1}",C1,1,0,coco-000000022705-000000343315,0.0,159100928.0,0.4729222881813276,,,,,2.303698487001384,1.0,0.0
,0.0,0.0,jpeg:70,45.000009005482426,0.9838937872043584,,0.0,"{""S4_HEADER_FAILURE"":1}",C1,1,0,coco-000000022705-000000343315,0.0,156286976.0,0.4470363374707681,,,,,1.8711939330005407,1.0,0.0
,0.0,0.0,jpeg:90,45.000009005482426,0.9838937872043584,,0.0,"{""S4_HEADER_FAILURE"":1}",C1,1,0,coco-000000022705-000000343315,0.0,157753344.0,0.3418645439827307,,,,,2.4062698849993467,1.0,0.0
,0.0,0.0,salt_pepper:0.01,45.00000900548243,0.9838937872043584,,0.0,"{""S4_HEADER_FAILURE"":3}",C1,3,0,coco-000000022705-000000343315,0.0,156202325.33333334,0.1620165497391617,,,,,2.9822109786667474,1.0,0.0
,0.0,0.0,salt_pepper:0.03,45.00000900548243,0.9838937872043584,,0.0,"{""S4_HEADER_FAILURE"":3}",C1,3,0,coco-000000022705-000000343315,0.0,155447296.0,0.3204488217305271,,,,,3.316814607665947,1.0,0.0
,0.0,0.0,salt_pepper:0.05,45.00000900548243,0.9838937872043584,,0.0,"{""S4_HEADER_FAILURE"":3}",C1,3,0,coco-000000022705-000000343315,0.0,157915818.66666666,0.3950845475805001,,,,,3.1138118873332132,1.0,0.0
0.0,1.0,1.0,clean,45.00001706233342,0.9837776556846638,0.0,1.0,"{""S0_COMPLETE"":1}",C2,1,0,coco-000000022705-000000343315,1.0,154931200.0,0.0010613419679798525,1.0,0.9999999999999999,,1.0,5.684947387000648,0.0,1.0
,0.0,0.0,gaussian:10,45.00001706233342,0.9837776556846638,,0.0,"{""S4_HEADER_FAILURE"":3}",C2,3,0,coco-000000022705-000000343315,0.0,157035178.66666666,0.3223721292798465,,,,,3.0927617426671836,1.0,0.0
,0.0,0.0,gaussian:15,45.00001706233342,0.9837776556846638,,0.0,"{""S4_HEADER_FAILURE"":3}",C2,3,0,coco-000000022705-000000343315,0.0,156202325.33333334,0.352884211788691,,,,,3.432257021000017,1.0,0.0
,0.0,0.0,gaussian:5,45.00001706233342,0.9837776556846638,,0.0,"{""S4_HEADER_FAILURE"":3}",C2,3,0,coco-000000022705-000000343315,0.0,156871338.66666666,0.25910385560952215,,,,,3.188721466666417,1.0,0.0
,0.0,0.0,jpeg:50,45.00001706233342,0.9837776556846638,,0.0,"{""S4_HEADER_FAILURE"":1}",C2,1,0,coco-000000022705-000000343315,0.0,156495872.0,0.4757465371469689,,,,,3.072370363999653,1.0,0.0
,0.0,0.0,jpeg:70,45.00001706233342,0.9837776556846638,,0.0,"{""S4_HEADER_FAILURE"":1}",C2,1,0,coco-000000022705-000000343315,0.0,157753344.0,0.4523295556754812,,,,,3.096832346998781,1.0,0.0
,0.0,0.0,jpeg:90,45.00001706233342,0.9837776556846638,,0.0,"{""S4_HEADER_FAILURE"":1}",C2,1,0,coco-000000022705-000000343315,0.0,155176960.0,0.35048569886670267,,,,,3.159935396999572,1.0,0.0
,0.0,0.0,salt_pepper:0.01,45.00001706233342,0.9837776556846638,,0.0,"{""S4_HEADER_FAILURE"":3}",C2,3,0,coco-000000022705-000000343315,0.0,154696362.66666666,0.16324878575283322,,,,,2.822851355000239,1.0,0.0
,0.0,0.0,salt_pepper:0.03,45.00001706233342,0.9837776556846638,,0.0,"{""S4_HEADER_FAILURE"":3}",C2,3,0,coco-000000022705-000000343315,0.0,156977834.66666666,0.3193769862685136,,,,,2.539516608000364,1.0,0.0
,0.0,0.0,salt_pepper:0.05,45.00001706233342,0.9837776556846638,,0.0,"{""S4_HEADER_FAILURE"":3}",C2,3,0,coco-000000022705-000000343315,0.0,158064640.0,0.3925930922827847,,,,,2.2017136533334756,1.0,0.0
0.0,1.0,1.0,clean,45.000025119199364,0.9838947944074611,0.0,1.0,"{""S0_COMPLETE"":1}",C3,1,0,coco-000000022705-000000343315,1.0,156786688.0,0.001052347544522396,1.0,0.9999999999999999,,1.0,2.769895034000001,0.0,1.0
,0.0,0.0,gaussian:10,45.000025119199364,0.9838947944074611,,0.0,"{""S4_HEADER_FAILURE"":3}",C3,3,0,coco-000000022705-000000343315,0.0,155545600.0,0.32263746477184146,,,,,1.717524175333286,1.0,0.0
,0.0,0.0,gaussian:15,45.000025119199364,0.9838947944074611,,0.0,"{""S4_HEADER_FAILURE"":3}",C3,3,0,coco-000000022705-000000343315,0.0,156362069.33333334,0.35297265695268926,,,,,1.6224069153334615,1.0,0.0
,0.0,0.0,gaussian:5,45.000025119199364,0.9838947944074611,,0.0,"{""S4_HEADER_FAILURE"":3}",C3,3,0,coco-000000022705-000000343315,0.0,155514197.33333334,0.2599928044612341,,,,,1.7723401400004757,1.0,0.0
,0.0,0.0,jpeg:50,45.000025119199364,0.9838947944074611,,0.0,"{""S4_HEADER_FAILURE"":1}",C3,1,0,coco-000000022705-000000343315,0.0,157741056.0,0.47378575283324337,,,,,2.2500150590003614,1.0,0.0
,0.0,0.0,jpeg:70,45.000025119199364,0.9838947944074611,,0.0,"{""S4_HEADER_FAILURE"":1}",C3,1,0,coco-000000022705-000000343315,0.0,158416896.0,0.44783234394675303,,,,,2.055088008999519,1.0,0.0
,0.0,0.0,jpeg:90,45.000025119199364,0.9838947944074611,,0.0,"{""S4_HEADER_FAILURE"":1}",C3,1,0,coco-000000022705-000000343315,0.0,155897856.0,0.34147328656233134,,,,,1.4950507050016313,1.0,0.0
,0.0,0.0,salt_pepper:0.01,45.000025119199364,0.9838947944074611,,0.0,"{""S4_HEADER_FAILURE"":3}",C3,3,0,coco-000000022705-000000343315,0.0,157477546.66666666,0.16144240570846077,,,,,1.7889783693329566,1.0,0.0
,0.0,0.0,salt_pepper:0.03,45.000025119199364,0.9838947944074611,,0.0,"{""S4_HEADER_FAILURE"":3}",C3,3,0,coco-000000022705-000000343315,0.0,156256938.66666666,0.3202614379084967,,,,,1.6605504156668758,1.0,0.0
,0.0,0.0,salt_pepper:0.05,45.000025119199364,0.9838947944074611,,0.0,"{""S4_HEADER_FAILURE"":3}",C3,3,0,coco-000000022705-000000343315,0.0,155611136.0,0.39493763866402826,,,,,1.6918352626665485,1.0,0.0
0.0,1.0,1.0,clean,45.000000948646374,0.9838815506203687,0.0,1.0,"{""S0_COMPLETE"":1}",C3_NP,1,0,coco-000000022705-000000343315,1.0,156786688.0,0.0010613419679798525,1.0,0.9999999999999999,,1.0,2.9035454699987895,0.0,1.0
,0.0,0.0,gaussian:10,45.000000948646374,0.9838815506203687,,0.0,"{""S4_HEADER_FAILURE"":3}",C3_NP,3,0,coco-000000022705-000000343315,0.0,155678037.33333334,0.3227963662529232,,,,,1.9287449803335524,1.0,0.0
,0.0,0.0,gaussian:15,45.000000948646374,0.9838815506203687,,0.0,"{""S4_HEADER_FAILURE"":3}",C3_NP,3,0,coco-000000022705-000000343315,0.0,155997525.33333334,0.35311356958685614,,,,,1.8860687930003526,1.0,0.0
,0.0,0.0,gaussian:5,45.000000948646374,0.9838815506203687,,0.0,"{""S4_HEADER_FAILURE"":3}",C3_NP,3,0,coco-000000022705-000000343315,0.0,156026197.33333334,0.25977993643940755,,,,,2.0558518280001103,1.0,0.0
,0.0,0.0,jpeg:50,45.000000948646374,0.9838815506203687,,0.0,"{""S4_HEADER_FAILURE"":1}",C3_NP,1,0,coco-000000022705-000000343315,0.0,158416896.0,0.4736733225400252,,,,,2.6747371219989873,1.0,0.0
,0.0,0.0,jpeg:70,45.000000948646374,0.9838815506203687,,0.0,"{""S4_HEADER_FAILURE"":1}",C3_NP,1,0,coco-000000022705-000000343315,0.0,156495872.0,0.44646069436949093,,,,,1.8471456389997911,1.0,0.0
,0.0,0.0,jpeg:90,45.000000948646374,0.9838815506203687,,0.0,"{""S4_HEADER_FAILURE"":1}",C3_NP,1,0,coco-000000022705-000000343315,0.0,155176960.0,0.34049739161719733,,,,,1.7899814289994538,1.0,0.0
,0.0,0.0,salt_pepper:0.01,45.000000948646374,0.9838815506203687,,0.0,"{""S4_HEADER_FAILURE"":3}",C3_NP,3,0,coco-000000022705-000000343315,0.0,156263765.33333334,0.16229387779576662,,,,,1.6650330076669586,1.0,0.0
,0.0,0.0,salt_pepper:0.03,45.000000948646374,0.9838815506203687,,0.0,"{""S4_HEADER_FAILURE"":3}",C3_NP,3,0,coco-000000022705-000000343315,0.0,157343744.0,0.3211728728188523,,,,,1.5121536839997134,1.0,0.0
,0.0,0.0,salt_pepper:0.05,45.000000948646374,0.9838815506203687,,0.0,"{""S4_HEADER_FAILURE"":3}",C3_NP,3,0,coco-000000022705-000000343315,0.0,156558677.33333334,0.39498860706362054,,,,,1.6157506813336415,1.0,0.0
,,1.0,clean,45.586915923768494,0.9871693589337684,,,"{""S0_COMPLETE"":1}",B1,1,0,coco-000000031735-000000273715,1.0,151953408.0,0.0,1.0,1.0,,1.0,0.0026321650002500974,0.0,
,,0.0,gaussian:10,45.586915923768494,0.9871693589337683,,,"{""S2_HEADER_VALID_PARTIAL"":3}",B1,3,0,coco-000000031735-000000273715,0.5103836059570312,151650304.0,0.48961639404296875,0.5103836059570312,0.78478229898439,8.288102603294305,0.013209248079078277,0.009423914666816321,0.0,
,,0.0,gaussian:15,45.586915923768494,0.9871693589337683,,,"{""S2_HEADER_VALID_PARTIAL"":3}",B1,3,0,coco-000000031735-000000273715,0.5045013427734375,151960234.66666666,0.4954986572265625,0.5045013427734375,0.7813233931242066,8.22276522256719,0.011179160183221223,0.017061000333948566,0.0,
,,0.0,gaussian:5,45.586915923768494,0.9871693589337683,,,"{""S2_HEADER_VALID_PARTIAL"":3}",B1,3,0,coco-000000031735-000000273715,0.5331293741861979,151960234.66666666,0.46687062581380206,0.5331293741861979,0.7941874693426364,8.47119037649784,0.021252777453351412,0.01125329533291127,0.0,
,,0.0,jpeg:50,45.586915923768494,0.9871693589337684,,,"{""S2_HEADER_VALID_PARTIAL"":1}",B1,1,0,coco-000000031735-000000273715,0.5059585571289062,151965696.0,0.49404144287109375,0.5059585571289062,0.7845057220358312,8.335999461309845,0.011853869320287924,0.011751302999982727,0.0,
,,0.0,jpeg:70,45.586915923768494,0.9871693589337684,,,"{""S2_HEADER_VALID_PARTIAL"":1}",B1,1,0,coco-000000031735-000000273715,0.5089874267578125,151961600.0,0.4910125732421875,0.5089874267578125,0.7908370091038599,8.429562280364134,0.013972810529966823,0.00831473600010213,0.0,
,,0.0,jpeg:90,45.586915923768494,0.9871693589337684,,,"{""S2_HEADER_VALID_PARTIAL"":1}",B1,1,0,coco-000000031735-000000273715,0.5292816162109375,151953408.0,0.4707183837890625,0.5292816162109375,0.8018426681717116,8.658981625123229,0.03036082260004514,0.006773633000193513,0.0,
,,0.0,salt_pepper:0.01,45.586915923768494,0.9871693589337683,,,"{""S2_HEADER_VALID_PARTIAL"":3}",B1,3,0,coco-000000031735-000000273715,0.9949544270833334,151351296.0,0.005045572916666667,0.9949544270833334,0.9965953275389855,26.213043626630185,0.8325836133838109,0.013638250333315227,0.0,
,,0.0,salt_pepper:0.03,45.586915923768494,0.9871693589337683,,,"{""S2_HEADER_VALID_PARTIAL"":3}",B1,3,0,coco-000000031735-000000273715,0.9854660034179688,151426389.33333334,0.01453399658203125,0.9854660034179688,0.9908546916717039,21.903984633274433,0.651779294885002,0.008293222999782301,0.0,
,,0.0,salt_pepper:0.05,45.586915923768494,0.9871693589337683,,,"{""S2_HEADER_VALID_PARTIAL"":3}",B1,3,0,coco-000000031735-000000273715,0.975067138671875,151561557.33333334,0.024932861328125,0.975067138671875,0.9847885392177589,19.685708557635916,0.5294303515933189,0.010090700000243183,0.0,
,,0.0,clean,,,,,"{""S5_EXTRACTION_TRANSFORM_FAILURE"":1}",B2,1,0,coco-000000031735-000000273715,,151965696.0,,,,,,,,
,,0.0,gaussian:10,,,,,"{""S5_EXTRACTION_TRANSFORM_FAILURE"":3}",B2,3,0,coco-000000031735-000000273715,,151851008.0,,,,,,,,
,,0.0,gaussian:15,,,,,"{""S5_EXTRACTION_TRANSFORM_FAILURE"":3}",B2,3,0,coco-000000031735-000000273715,,152128170.66666666,,,,,,,,
,,0.0,gaussian:5,,,,,"{""S5_EXTRACTION_TRANSFORM_FAILURE"":3}",B2,3,0,coco-000000031735-000000273715,,151427754.66666666,,,,,,,,
,,0.0,jpeg:50,,,,,"{""S5_EXTRACTION_TRANSFORM_FAILURE"":1}",B2,1,0,coco-000000031735-000000273715,,151052288.0,,,,,,,,
,,0.0,jpeg:70,,,,,"{""S5_EXTRACTION_TRANSFORM_FAILURE"":1}",B2,1,0,coco-000000031735-000000273715,,152555520.0,,,,,,,,
,,0.0,jpeg:90,,,,,"{""S5_EXTRACTION_TRANSFORM_FAILURE"":1}",B2,1,0,coco-000000031735-000000273715,,151961600.0,,,,,,,,
,,0.0,salt_pepper:0.01,,,,,"{""S5_EXTRACTION_TRANSFORM_FAILURE"":3}",B2,3,0,coco-000000031735-000000273715,,151053653.33333334,,,,,,,,
,,0.0,salt_pepper:0.03,,,,,"{""S5_EXTRACTION_TRANSFORM_FAILURE"":3}",B2,3,0,coco-000000031735-000000273715,,151848277.33333334,,,,,,,,
,,0.0,salt_pepper:0.05,,,,,"{""S5_EXTRACTION_TRANSFORM_FAILURE"":3}",B2,3,0,coco-000000031735-000000273715,,151369045.33333334,,,,,,,,
0.0,1.0,1.0,clean,45.000000948646374,0.9836135723644215,0.0,1.0,"{""S0_COMPLETE"":1}",C0,1,0,coco-000000031735-000000273715,1.0,138752000.0,0.002289080769922648,1.0,1.0,,1.0,3.285714896999707,0.0,1.0
,0.0,0.0,gaussian:10,45.000000948646374,0.9836135723644214,,0.0,"{""S4_HEADER_FAILURE"":3}",C0,3,0,coco-000000031735-000000273715,0.0,138776576.0,0.3233060502488457,,,,,3.0384513036666854,1.0,0.0
,0.0,0.0,gaussian:15,45.000000948646374,0.9836135723644214,,0.0,"{""S4_HEADER_FAILURE"":3}",C0,3,0,coco-000000031735-000000273715,0.0,139046912.0,0.35427834742459674,,,,,3.2391331203331597,1.0,0.0
,0.0,0.0,gaussian:5,45.000000948646374,0.9836135723644214,,0.0,"{""S4_HEADER_FAILURE"":3}",C0,3,0,coco-000000031735-000000273715,0.0,138761557.33333334,0.2598713797445584,,,,,2.7137256390002826,1.0,0.0
,0.0,0.0,jpeg:50,45.000000948646374,0.9836135723644215,,0.0,"{""S4_HEADER_FAILURE"":1}",C0,1,0,coco-000000031735-000000273715,0.0,139771904.0,0.4777882712718115,,,,,2.5791838059994916,1.0,0.0
,0.0,0.0,jpeg:70,45.000000948646374,0.9836135723644215,,0.0,"{""S4_HEADER_FAILURE"":1}",C0,1,0,coco-000000031735-000000273715,0.0,139931648.0,0.4548839719373988,,,,,2.5273121829995944,1.0,0.0
,0.0,0.0,jpeg:90,45.000000948646374,0.9836135723644215,,0.0,"{""S4_HEADER_FAILURE"":1}",C0,1,0,coco-000000031735-000000273715,0.0,139915264.0,0.35544612340348986,,,,,2.721428087001186,1.0,0.0
,0.0,0.0,salt_pepper:0.01,45.000000948646374,0.9836135723644214,,0.0,"{""S4_HEADER_FAILURE"":3}",C0,3,0,coco-000000031735-000000273715,0.0,138581333.33333334,0.14840199076572524,,,,,3.081850246000007,1.0,0.0
,0.0,0.0,salt_pepper:0.03,45.000000948646374,0.9836135723644214,,0.0,"{""S4_HEADER_FAILURE"":3}",C0,3,0,coco-000000031735-000000273715,0.0,139022336.0,0.3058703603765665,,,,,2.8219433063331962,1.0,0.0
,0.0,0.0,salt_pepper:0.05,45.000000948646374,0.9836135723644214,,0.0,"{""S4_HEADER_FAILURE"":3}",C0,3,0,coco-000000031735-000000273715,0.0,147326293.33333334,0.3831084727468969,,,,,2.18495176733389,1.0,0.0
0.0,1.0,1.0,clean,45.000009005482426,0.9839431520802406,0.0,1.0,"{""S0_COMPLETE"":1}",C1,1,0,coco-000000031735-000000273715,1.0,151769088.0,0.002311566828566289,1.0,1.0,,1.0,2.799262667000221,0.0,1.0
,0.0,0.0,gaussian:10,45.00000900548243,0.9839431520802405,,0.0,"{""S4_HEADER_FAILURE"":3}",C1,3,0,coco-000000031735-000000273715,0.0,151243434.66666666,0.32440187084007915,,,,,1.6858060893331033,1.0,0.0
,0.0,0.0,gaussian:15,45.00000900548243,0.9839431520802405,,0.0,"{""S4_HEADER_FAILURE"":3}",C1,3,0,coco-000000031735-000000273715,0.0,151323989.33333334,0.3552032739701385,,,,,1.7318072970004625,1.0,0.0
,0.0,0.0,gaussian:5,45.00000900548243,0.9839431520802405,,0.0,"{""S4_HEADER_FAILURE"":3}",C1,3,0,coco-000000031735-000000273715,0.0,151752704.0,0.26174371889428555,,,,,1.7995763756668264,1.0,0.0
,0.0,0.0,jpeg:50,45.000009005482426,0.9839431520802406,,0.0,"{""S4_HEADER_FAILURE"":1}",C1,1,0,coco-000000031735-000000273715,0.0,151724032.0,0.4738487137974456,,,,,2.0100684919998457,1.0,0.0
,0.0,0.0,jpeg:70,45.000009005482426,0.9839431520802406,,0.0,"{""S4_HEADER_FAILURE"":1}",C1,1,0,coco-000000031735-000000273715,0.0,151875584.0,0.4501439107753193,,,,,2.2346678579997388,1.0,0.0
,0.0,0.0,jpeg:90,45.000009005482426,0.9839431520802406,,0.0,"{""S4_HEADER_FAILURE"":1}",C1,1,0,coco-000000031735-000000273715,0.0,150945792.0,0.3462493254182407,,,,,2.239791357998911,1.0,0.0
,0.0,0.0,salt_pepper:0.01,45.00000900548243,0.9839431520802405,,0.0,"{""S4_HEADER_FAILURE"":3}",C1,3,0,coco-000000031735-000000273715,0.0,151065941.33333334,0.14742909396174372,,,,,1.5971035403326823,1.0,0.0
,0.0,0.0,salt_pepper:0.03,45.00000900548243,0.9839431520802405,,0.0,"{""S4_HEADER_FAILURE"":3}",C1,3,0,coco-000000031735-000000273715,0.0,151093248.0,0.3080829885471008,,,,,1.7868158886661452,1.0,0.0
,0.0,0.0,salt_pepper:0.05,45.00000900548243,0.9839431520802405,,0.0,"{""S4_HEADER_FAILURE"":3}",C1,3,0,coco-000000031735-000000273715,0.0,152207360.0,0.3864304131438508,,,,,1.953855550666655,1.0,0.0
0.0,1.0,1.0,clean,45.000025119199364,0.9836240850429783,0.0,1.0,"{""S0_COMPLETE"":1}",C2,1,0,coco-000000031735-000000273715,1.0,151953408.0,0.0021856449001618995,1.0,1.0,,1.0,2.545325266999498,0.0,1.0
,0.0,0.0,gaussian:10,45.000025119199364,0.9836240850429783,,0.0,"{""S4_HEADER_FAILURE"":3}",C2,3,0,coco-000000031735-000000273715,0.0,151315797.33333334,0.3234199796126402,,,,,2.071091602333278,1.0,0.0
,0.0,0.0,gaussian:15,45.000025119199364,0.9836240850429783,,0.0,"{""S4_HEADER_FAILURE"":3}",C2,3,0,coco-000000031735-000000273715,0.0,151446869.33333334,0.35444624332913593,,,,,1.9923579036658339,1.0,0.0
,0.0,0.0,gaussian:5,45.000025119199364,0.9836240850429783,,0.0,"{""S4_HEADER_FAILURE"":3}",C2,3,0,coco-000000031735-000000273715,0.0,151242069.33333334,0.2603181027762787,,,,,2.032757537333358,1.0,0.0
,0.0,0.0,jpeg:50,45.000025119199364,0.9836240850429783,,0.0,"{""S4_HEADER_FAILURE"":1}",C2,1,0,coco-000000031735-000000273715,0.0,151965696.0,0.4765155603525814,,,,,1.846251614000721,1.0,0.0
,0.0,0.0,jpeg:70,45.000025119199364,0.9836240850429783,,0.0,"{""S4_HEADER_FAILURE"":1}",C2,1,0,coco-000000031735-000000273715,0.0,152088576.0,0.45409695988487137,,,,,1.786329205000584,1.0,0.0
,0.0,0.0,jpeg:90,45.000025119199364,0.9836240850429783,,0.0,"{""S4_HEADER_FAILURE"":1}",C2,1,0,coco-000000031735-000000273715,0.0,151724032.0,0.3555675481201655,,,,,1.7967401670011895,1.0,0.0
,0.0,0.0,salt_pepper:0.01,45.000025119199364,0.9836240850429783,,0.0,"{""S4_HEADER_FAILURE"":3}",C2,3,0,coco-000000031735-000000273715,0.0,151120554.66666666,0.14814115248545903,,,,,1.8465802143327892,1.0,0.0
,0.0,0.0,salt_pepper:0.03,45.000025119199364,0.9836240850429783,,0.0,"{""S4_HEADER_FAILURE"":3}",C2,3,0,coco-000000031735-000000273715,0.0,152431274.66666666,0.3061042153864604,,,,,1.7006077000005462,1.0,0.0
,0.0,0.0,salt_pepper:0.05,45.000025119199364,0.9836240850429783,,0.0,"{""S4_HEADER_FAILURE"":3}",C2,3,0,coco-000000031735-000000273715,0.0,152525482.66666666,0.38397643461054143,,,,,1.6805832469999586,1.0,0.0
0.0,1.0,1.0,clean,45.000000948646374,0.9839567447311156,0.0,1.0,"{""S0_COMPLETE"":1}",C3,1,0,coco-000000031735-000000273715,1.0,151769088.0,0.002316064040295017,1.0,1.0,,1.0,3.0929725609985326,0.0,1.0
,0.0,0.0,gaussian:10,45.000000948646374,0.9839567447311156,,0.0,"{""S4_HEADER_FAILURE"":3}",C3,3,0,coco-000000031735-000000273715,0.0,151318528.0,0.3254662109492115,,,,,3.366348048333748,1.0,0.0
,0.0,0.0,gaussian:15,45.000000948646374,0.9839567447311156,,0.0,"{""S4_HEADER_FAILURE"":3}",C3,3,0,coco-000000031735-000000273715,0.0,152059904.0,0.35513731486478384,,,,,3.475154627999776,1.0,0.0
,0.0,0.0,gaussian:5,45.000000948646374,0.9839567447311156,,0.0,"{""S4_HEADER_FAILURE"":3}",C3,3,0,coco-000000031735-000000273715,0.0,151707648.0,0.26082628770162497,,,,,2.505647289666134,1.0,0.0
,0.0,0.0,jpeg:50,45.000000948646374,0.9839567447311156,,0.0,"{""S4_HEADER_FAILURE"":1}",C3,1,0,coco-000000031735-000000273715,0.0,151093248.0,0.4751798884691491,,,,,3.948790819000351,1.0,0.0
,0.0,0.0,jpeg:70,45.000000948646374,0.9839567447311156,,0.0,"{""S4_HEADER_FAILURE"":1}",C3,1,0,coco-000000031735-000000273715,0.0,151052288.0,0.451488577082209,,,,,3.8863369559985586,1.0,0.0
,0.0,0.0,jpeg:90,45.000000948646374,0.9839567447311156,,0.0,"{""S4_HEADER_FAILURE"":1}",C3,1,0,coco-000000031735-000000273715,0.0,151617536.0,0.34555675481201653,,,,,2.3584434390013485,1.0,0.0
,0.0,0.0,salt_pepper:0.01,45.000000948646374,0.9839567447311156,,0.0,"{""S4_HEADER_FAILURE"":3}",C3,3,0,coco-000000031735-000000273715,0.0,151913813.33333334,0.14780236253522816,,,,,2.737285889999839,1.0,0.0
,0.0,0.0,salt_pepper:0.03,45.000000948646374,0.9839567447311156,,0.0,"{""S4_HEADER_FAILURE"":3}",C3,3,0,coco-000000031735-000000273715,0.0,152263338.66666666,0.30780715956107213,,,,,3.000765784666631,1.0,0.0
,0.0,0.0,salt_pepper:0.05,45.000000948646374,0.9839567447311156,,0.0,"{""S4_HEADER_FAILURE"":3}",C3,3,0,coco-000000031735-000000273715,0.0,151616170.66666666,0.38554596150386766,,,,,2.5869911946659463,1.0,0.0
0.0,1.0,1.0,clean,45.000009005482426,0.9839538708910529,0.0,1.0,"{""S0_COMPLETE"":1}",C3_NP,1,0,coco-000000031735-000000273715,1.0,150831104.0,0.0023025724051088325,1.0,1.0,,1.0,3.0411417830000573,0.0,1.0
,0.0,0.0,gaussian:10,45.00000900548243,0.9839538708910528,,0.0,"{""S4_HEADER_FAILURE"":3}",C3_NP,3,0,coco-000000031735-000000273715,0.0,151363584.0,0.32482161060142706,,,,,1.8254375486673478,1.0,0.0
,0.0,0.0,gaussian:15,45.00000900548243,0.9839538708910528,,0.0,"{""S4_HEADER_FAILURE"":3}",C3_NP,3,0,coco-000000031735-000000273715,0.0,151624362.66666666,0.3549049589254662,,,,,1.8284576216659236,1.0,0.0
,0.0,0.0,gaussian:5,45.00000900548243,0.9839538708910528,,0.0,"{""S4_HEADER_FAILURE"":3}",C3_NP,3,0,coco-000000031735-000000273715,0.0,151625728.0,0.26167326257720214,,,,,1.802861685332876,1.0,0.0
,0.0,0.0,jpeg:50,45.000009005482426,0.9839538708910529,,0.0,"{""S4_HEADER_FAILURE"":1}",C3_NP,1,0,coco-000000031735-000000273715,0.0,151769088.0,0.4723331534448642,,,,,1.678970909999407,1.0,0.0
,0.0,0.0,jpeg:70,45.000009005482426,0.9839538708910529,,0.0,"{""S4_HEADER_FAILURE"":1}",C3_NP,1,0,coco-000000031735-000000273715,0.0,152248320.0,0.4474455837380824,,,,,1.546908488999179,1.0,0.0
,0.0,0.0,jpeg:90,45.000009005482426,0.9839538708910529,,0.0,"{""S4_HEADER_FAILURE"":1}",C3_NP,1,0,coco-000000031735-000000273715,0.0,151592960.0,0.3448731786292499,,,,,1.6919833659994765,1.0,0.0
,0.0,0.0,salt_pepper:0.01,45.00000900548243,0.9839538708910528,,0.0,"{""S4_HEADER_FAILURE"":3}",C3_NP,3,0,coco-000000031735-000000273715,0.0,152109056.0,0.14759998800743537,,,,,1.6095762279995445,1.0,0.0
,0.0,0.0,salt_pepper:0.03,45.00000900548243,0.9839538708910528,,0.0,"{""S4_HEADER_FAILURE"":3}",C3_NP,3,0,coco-000000031735-000000273715,0.0,152347989.33333334,0.3076062841038556,,,,,2.415753293000307,1.0,0.0
,0.0,0.0,salt_pepper:0.05,45.00000900548243,0.9839538708910528,,0.0,"{""S4_HEADER_FAILURE"":3}",C3_NP,3,0,coco-000000031735-000000273715,0.0,151994368.0,0.38693260178689215,,,,,2.3053125310004057,1.0,0.0
,,1.0,clean,45.82565955972286,0.9905724742447469,,,"{""S0_COMPLETE"":1}",B1,1,0,coco-000000057725-000000406570,1.0,152903680.0,0.0,1.0,1.0,,1.0,0.0021707150008296594,0.0,
,,0.0,gaussian:10,45.82565955972286,0.9905724742447469,,,"{""S2_HEADER_VALID_PARTIAL"":3}",B1,3,0,coco-000000057725-000000406570,0.5077641805013021,152274261.33333334,0.49223581949869794,0.5077641805013021,0.8269313953968084,9.424015180969072,0.011119855053962355,0.0084368289996443,0.0,
,,0.0,gaussian:15,45.82565955972286,0.9905724742447469,,,"{""S2_HEADER_VALID_PARTIAL"":3}",B1,3,0,coco-000000057725-000000406570,0.5025660196940104,152929621.33333334,0.49743398030598956,0.5025660196940104,0.8272487757114946,9.423052523133853,0.012674254950552142,0.008662069666873625,0.0,
,,0.0,gaussian:5,45.82565955972286,0.9905724742447469,,,"{""S2_HEADER_VALID_PARTIAL"":3}",B1,3,0,coco-000000057725-000000406570,0.5301971435546875,153032021.33333334,0.4698028564453125,0.5301971435546875,0.8384222159052089,9.715267135320305,0.01731843720029232,0.00974733166670679,0.0,
,,0.0,jpeg:50,45.82565955972286,0.9905724742447469,,,"{""S2_HEADER_VALID_PARTIAL"":1}",B1,1,0,coco-000000057725-000000406570,0.5049591064453125,151207936.0,0.4950408935546875,0.5049591064453125,0.8278612431393453,9.510480854861159,0.011611675005072337,0.008792758000709,0.0,
,,0.0,jpeg:70,45.82565955972286,0.9905724742447469,,,"{""S2_HEADER_VALID_PARTIAL"":1}",B1,1,0,coco-000000057725-000000406570,0.50714111328125,152903680.0,0.49285888671875,0.50714111328125,0.8354620170250999,9.595931704412505,0.013093779395083507,0.007343794999542297,0.0,
,,0.0,jpeg:90,45.82565955972286,0.9905724742447469,,,"{""S2_HEADER_VALID_PARTIAL"":1}",B1,1,0,coco-000000057725-000000406570,0.5217208862304688,151953408.0,0.47827911376953125,0.5217208862304688,0.8417393076137563,9.817452138638787,0.01623786775239231,0.008588466000219341,0.0,
,,0.0,salt_pepper:0.01,45.82565955972286,0.9905724742447469,,,"{""S2_HEADER_VALID_PARTIAL"":3}",B1,3,0,coco-000000057725-000000406570,0.9951095581054688,152571904.0,0.00489044189453125,0.9951095581054688,0.9969085904192543,26.939673362250584,0.8482656274044172,0.006048424666005303,0.0,
,,0.0,salt_pepper:0.03,45.82565955972286,0.9905724742447469,,,"{""S2_HEADER_VALID_PARTIAL"":3}",B1,3,0,coco-000000057725-000000406570,0.9852650960286459,152734378.66666666,0.014734903971354166,0.9852650960286459,0.9907133179980215,22.147321061018303,0.6331429982578447,0.00544620000073337,0.0,
,,0.0,salt_pepper:0.05,45.82565955972286,0.9905724742447469,,,"{""S2_HEADER_VALID_PARTIAL"":3}",B1,3,0,coco-000000057725-000000406570,0.9749043782552084,152236032.0,0.025095621744791668,0.9749043782552084,0.984573939860681,19.91793563837437,0.4979606227182282,0.005372016665811922,0.0,
,,0.0,clean,,,,,"{""S5_EXTRACTION_TRANSFORM_FAILURE"":1}",B2,1,0,coco-000000057725-000000406570,,153604096.0,,,,,,,,
,,0.0,gaussian:10,,,,,"{""S5_EXTRACTION_TRANSFORM_FAILURE"":3}",B2,3,0,coco-000000057725-000000406570,,152681130.66666666,,,,,,,,
,,0.0,gaussian:15,,,,,"{""S5_EXTRACTION_TRANSFORM_FAILURE"":3}",B2,3,0,coco-000000057725-000000406570,,152522752.0,,,,,,,,
,,0.0,gaussian:5,,,,,"{""S5_EXTRACTION_TRANSFORM_FAILURE"":3}",B2,3,0,coco-000000057725-000000406570,,152820394.66666666,,,,,,,,
,,0.0,jpeg:50,,,,,"{""S5_EXTRACTION_TRANSFORM_FAILURE"":1}",B2,1,0,coco-000000057725-000000406570,,152010752.0,,,,,,,,
,,0.0,jpeg:70,,,,,"{""S5_EXTRACTION_TRANSFORM_FAILURE"":1}",B2,1,0,coco-000000057725-000000406570,,154238976.0,,,,,,,,
,,0.0,jpeg:90,,,,,"{""S5_EXTRACTION_TRANSFORM_FAILURE"":1}",B2,1,0,coco-000000057725-000000406570,,152010752.0,,,,,,,,
,,0.0,salt_pepper:0.01,,,,,"{""S5_EXTRACTION_TRANSFORM_FAILURE"":3}",B2,3,0,coco-000000057725-000000406570,,153021098.66666666,,,,,,,,
,,0.0,salt_pepper:0.03,,,,,"{""S5_EXTRACTION_TRANSFORM_FAILURE"":3}",B2,3,0,coco-000000057725-000000406570,,153246378.66666666,,,,,,,,
,,0.0,salt_pepper:0.05,,,,,"{""S5_EXTRACTION_TRANSFORM_FAILURE"":3}",B2,3,0,coco-000000057725-000000406570,,151724032.0,,,,,,,,
0.0,1.0,1.0,clean,45.00001706233342,0.9864882983935743,0.0,1.0,"{""S0_COMPLETE"":1}",C0,1,0,coco-000000057725-000000406570,1.0,153477120.0,0.00017988846914912754,1.0,1.0,,1.0,2.6948501830011082,0.0,1.0
,0.0,0.0,gaussian:10,45.00001706233342,0.9864882983935743,,0.0,"{""S4_HEADER_FAILURE"":3}",C0,3,0,coco-000000057725-000000406570,0.0,152910506.66666666,0.3211114109252264,,,,,2.1353353439996376,1.0,0.0
,0.0,0.0,gaussian:15,45.00001706233342,0.9864882983935743,,0.0,"{""S4_HEADER_FAILURE"":3}",C0,3,0,coco-000000057725-000000406570,0.0,152601941.33333334,0.3515470408346825,,,,,1.9339083336672047,1.0,0.0
,0.0,0.0,gaussian:5,45.00001706233342,0.9864882983935743,,0.0,"{""S4_HEADER_FAILURE"":3}",C0,3,0,coco-000000057725-000000406570,0.0,153205418.66666666,0.25750284823409486,,,,,1.9123190593333372,1.0,0.0
,0.0,0.0,jpeg:50,45.00001706233342,0.9864882983935743,,0.0,"{""S4_HEADER_FAILURE"":1}",C0,1,0,coco-000000057725-000000406570,0.0,151207936.0,0.4751798884691491,,,,,2.0973993850002444,1.0,0.0
,0.0,0.0,jpeg:70,45.00001706233342,0.9864882983935743,,0.0,"{""S4_HEADER_FAILURE"":1}",C0,1,0,coco-000000057725-000000406570,0.0,151953408.0,0.45444324518798346,,,,,2.4312845209988154,1.0,0.0
,0.0,0.0,jpeg:90,45.00001706233342,0.9864882983935743,,0.0,"{""S4_HEADER_FAILURE"":1}",C0,1,0,coco-000000057725-000000406570,0.0,152010752.0,0.34844846195358875,,,,,1.8937193769997975,1.0,0.0
,0.0,0.0,salt_pepper:0.01,45.00001706233342,0.9864882983935743,,0.0,"{""S4_HEADER_FAILURE"":3}",C0,3,0,coco-000000057725-000000406570,0.0,153688746.66666666,0.15590184085866762,,,,,1.6797610989991274,1.0,0.0
,0.0,0.0,salt_pepper:0.03,45.00001706233342,0.9864882983935743,,0.0,"{""S4_HEADER_FAILURE"":3}",C0,3,0,coco-000000057725-000000406570,0.0,154050560.0,0.31398782754692095,,,,,1.7654849253340217,1.0,0.0
,0.0,0.0,salt_pepper:0.05,45.00001706233342,0.9864882983935743,,0.0,"{""S4_HEADER_FAILURE"":3}",C0,3,0,coco-000000057725-000000406570,0.0,152948736.0,0.3872009354200396,,,,,1.9317331309994188,1.0,0.0
0.0,1.0,1.0,clean,45.000000948646374,0.9860666638793352,0.0,1.0,"{""S0_COMPLETE"":1}",C1,1,0,coco-000000057725-000000406570,1.0,151871488.0,0.00012592192840438929,1.0,1.0,,1.0,2.166441762999966,0.0,1.0
,0.0,0.0,gaussian:10,45.000000948646374,0.9860666638793352,,0.0,"{""S4_HEADER_FAILURE"":3}",C1,3,0,coco-000000057725-000000406570,0.0,153311914.66666666,0.32199286442405706,,,,,1.6471558523329197,1.0,0.0
,0.0,0.0,gaussian:15,45.000000948646374,0.9860666638793352,,0.0,"{""S4_HEADER_FAILURE"":3}",C1,3,0,coco-000000057725-000000406570,0.0,153212245.33333334,0.3521001978773161,,,,,1.972695078333345,1.0,0.0
,0.0,0.0,gaussian:5,45.000000948646374,0.9860666638793352,,0.0,"{""S4_HEADER_FAILURE"":3}",C1,3,0,coco-000000057725-000000406570,0.0,152397141.33333334,0.2588984829405769,,,,,1.7075613673332555,1.0,0.0
,0.0,0.0,jpeg:50,45.000000948646374,0.9860666638793352,,0.0,"{""S4_HEADER_FAILURE"":1}",C1,1,0,coco-000000057725-000000406570,0.0,153698304.0,0.4734214786832164,,,,,1.6259299150005972,1.0,0.0
,0.0,0.0,jpeg:70,45.000000948646374,0.9860666638793352,,0.0,"{""S4_HEADER_FAILURE"":1}",C1,1,0,coco-000000057725-000000406570,0.0,151678976.0,0.4468744378485339,,,,,1.545297822000066,1.0,0.0
,0.0,0.0,jpeg:90,45.000000948646374,0.9860666638793352,,0.0,"{""S4_HEADER_FAILURE"":1}",C1,1,0,coco-000000057725-000000406570,0.0,151207936.0,0.339229177909696,,,,,1.563239926001188,1.0,0.0
,0.0,0.0,salt_pepper:0.01,45.000000948646374,0.9860666638793352,,0.0,"{""S4_HEADER_FAILURE"":3}",C1,3,0,coco-000000057725-000000406570,0.0,153986389.33333334,0.15596929903459855,,,,,1.9316471123341519,1.0,0.0
,0.0,0.0,salt_pepper:0.03,45.000000948646374,0.9860666638793352,,0.0,"{""S4_HEADER_FAILURE"":3}",C1,3,0,coco-000000057725-000000406570,0.0,153066154.66666666,0.3161015170594232,,,,,1.7411962133331447,1.0,0.0
,0.0,0.0,salt_pepper:0.05,45.000000948646374,0.9860666638793352,,0.0,"{""S4_HEADER_FAILURE"":3}",C1,3,0,coco-000000057725-000000406570,0.0,151586133.33333334,0.39184205792408705,,,,,2.1028145570004804,1.0,0.0
0.0,1.0,1.0,clean,45.000009005482426,0.9864847920891096,0.0,1.0,"{""S0_COMPLETE"":1}",C2,1,0,coco-000000057725-000000406570,1.0,153698304.0,0.00012592192840438929,1.0,1.0,,1.0,2.557398793000175,0.0,1.0
,0.0,0.0,gaussian:10,45.00000900548243,0.9864847920891094,,0.0,"{""S4_HEADER_FAILURE"":3}",C2,3,0,coco-000000057725-000000406570,0.0,153407488.0,0.3215656293098279,,,,,2.3238384896667412,1.0,0.0
,0.0,0.0,gaussian:15,45.00000900548243,0.9864847920891094,,0.0,"{""S4_HEADER_FAILURE"":3}",C2,3,0,coco-000000057725-000000406570,0.0,154024618.66666666,0.3516040055165797,,,,,2.9423869939995106,1.0,0.0
,0.0,0.0,gaussian:5,45.00000900548243,0.9864847920891094,,0.0,"{""S4_HEADER_FAILURE"":3}",C2,3,0,coco-000000057725-000000406570,0.0,153602730.66666666,0.2586766204952929,,,,,2.8355630796662203,1.0,0.0
,0.0,0.0,jpeg:50,45.000009005482426,0.9864847920891096,,0.0,"{""S4_HEADER_FAILURE"":1}",C2,1,0,coco-000000057725-000000406570,0.0,151633920.0,0.47296726029861486,,,,,3.274584116999904,1.0,0.0
,0.0,0.0,jpeg:70,45.000009005482426,0.9864847920891096,,0.0,"{""S4_HEADER_FAILURE"":1}",C2,1,0,coco-000000057725-000000406570,0.0,151953408.0,0.45105684475625113,,,,,3.4147693140002957,1.0,0.0
,0.0,0.0,jpeg:90,45.000009005482426,0.9864847920891096,,0.0,"{""S4_HEADER_FAILURE"":1}",C2,1,0,coco-000000057725-000000406570,0.0,153493504.0,0.3491545241949991,,,,,3.527386399000534,1.0,0.0
,0.0,0.0,salt_pepper:0.01,45.00000900548243,0.9864847920891094,,0.0,"{""S4_HEADER_FAILURE"":3}",C2,3,0,coco-000000057725-000000406570,0.0,153321472.0,0.155768423577382,,,,,2.55401169933369,1.0,0.0
,0.0,0.0,salt_pepper:0.03,45.00000900548243,0.9864847920891094,,0.0,"{""S4_HEADER_FAILURE"":3}",C2,3,0,coco-000000057725-000000406570,0.0,151696725.33333334,0.3141422318162739,,,,,2.8734218046665774,1.0,0.0
,0.0,0.0,salt_pepper:0.05,45.00000900548243,0.9864847920891094,,0.0,"{""S4_HEADER_FAILURE"":3}",C2,3,0,coco-000000057725-000000406570,0.0,153380181.33333334,0.3890642801463093,,,,,2.4815924529999998,1.0,0.0
0.0,1.0,1.0,clean,45.00001706233342,0.9860894848162021,0.0,1.0,"{""S0_COMPLETE"":1}",C3,1,0,coco-000000057725-000000406570,1.0,151207936.0,0.00014840798704803023,1.0,1.0,,1.0,3.1955566570013616,0.0,1.0
,0.0,0.0,gaussian:10,45.00001706233342,0.9860894848162021,,0.0,"{""S4_HEADER_FAILURE"":3}",C3,3,0,coco-000000057725-000000406570,0.0,152707072.0,0.3215761228038616,,,,,1.8786633463338756,1.0,0.0
,0.0,0.0,gaussian:15,45.00001706233342,0.9860894848162021,,0.0,"{""S4_HEADER_FAILURE"":3}",C3,3,0,coco-000000057725-000000406570,0.0,153387008.0,0.35345086046651075,,,,,1.8934424940010406,1.0,0.0
,0.0,0.0,gaussian:5,45.00001706233342,0.9860894848162021,,0.0,"{""S4_HEADER_FAILURE"":3}",C3,3,0,coco-000000057725-000000406570,0.0,152717994.66666666,0.2584187803561792,,,,,2.176696535332667,1.0,0.0
,0.0,0.0,jpeg:50,45.00001706233342,0.9860894848162021,,0.0,"{""S4_HEADER_FAILURE"":1}",C3,1,0,coco-000000057725-000000406570,0.0,152903680.0,0.4745997481561432,,,,,1.9593122199985373,1.0,0.0
,0.0,0.0,jpeg:70,45.00001706233342,0.9860894848162021,,0.0,"{""S4_HEADER_FAILURE"":1}",C3,1,0,coco-000000057725-000000406570,0.0,154398720.0,0.4482775679078971,,,,,1.690309960000377,1.0,0.0
,0.0,0.0,jpeg:90,45.00001706233342,0.9860894848162021,,0.0,"{""S4_HEADER_FAILURE"":1}",C3,1,0,coco-000000057725-000000406570,0.0,151633920.0,0.3391662169454938,,,,,1.9834600550002506,1.0,0.0
,0.0,0.0,salt_pepper:0.01,45.00001706233342,0.9860894848162021,,0.0,"{""S4_HEADER_FAILURE"":3}",C3,3,0,coco-000000057725-000000406570,0.0,152802645.33333334,0.15586436409426155,,,,,1.82108023899976,1.0,0.0
,0.0,0.0,salt_pepper:0.03,45.00001706233342,0.9860894848162021,,0.0,"{""S4_HEADER_FAILURE"":3}",C3,3,0,coco-000000057725-000000406570,0.0,154050560.0,0.31580170294417464,,,,,1.6105383886667066,1.0,0.0
,0.0,0.0,salt_pepper:0.05,45.00001706233342,0.9860894848162021,,0.0,"{""S4_HEADER_FAILURE"":3}",C3,3,0,coco-000000057725-000000406570,0.0,153169920.0,0.3914732865623314,,,,,1.738979855999787,1.0,0.0
0.0,1.0,1.0,clean,45.000009005482426,0.98606979457434,0.0,1.0,"{""S0_COMPLETE"":1}",C3_NP,1,0,coco-000000057725-000000406570,1.0,151678976.0,0.00013491635186184566,1.0,1.0,,1.0,2.904291519000253,0.0,1.0
,0.0,0.0,gaussian:10,45.00000900548243,0.9860697945743399,,0.0,"{""S4_HEADER_FAILURE"":3}",C3_NP,3,0,coco-000000057725-000000406570,0.0,153231360.0,0.32340498890687774,,,,,3.070947553999455,1.0,0.0
,0.0,0.0,gaussian:15,45.00000900548243,0.9860697945743399,,0.0,"{""S4_HEADER_FAILURE"":3}",C3_NP,3,0,coco-000000057725-000000406570,0.0,153710592.0,0.3524494813215806,,,,,2.92673504266592,1.0,0.0
,0.0,0.0,gaussian:5,45.00000900548243,0.9860697945743399,,0.0,"{""S4_HEADER_FAILURE"":3}",C3_NP,3,0,coco-000000057725-000000406570,0.0,152163669.33333334,0.2586766204952929,,,,,2.5341392749996885,1.0,0.0
,0.0,0.0,jpeg:50,45.000009005482426,0.98606979457434,,0.0,"{""S4_HEADER_FAILURE"":1}",C3_NP,1,0,coco-000000057725-000000406570,0.0,153841664.0,0.4713257780176291,,,,,2.13936961500076,1.0,0.0
,0.0,0.0,jpeg:70,45.000009005482426,0.98606979457434,,0.0,"{""S4_HEADER_FAILURE"":1}",C3_NP,1,0,coco-000000057725-000000406570,0.0,154591232.0,0.4480751933801043,,,,,2.2299764879990107,1.0,0.0
,0.0,0.0,jpeg:90,45.000009005482426,0.98606979457434,,0.0,"{""S4_HEADER_FAILURE"":1}",C3_NP,1,0,coco-000000057725-000000406570,0.0,154238976.0,0.3402500449721173,,,,,3.486100752999846,1.0,0.0
,0.0,0.0,salt_pepper:0.01,45.00000900548243,0.9860697945743399,,0.0,"{""S4_HEADER_FAILURE"":3}",C3_NP,3,0,coco-000000057725-000000406570,0.0,152526848.0,0.15556005276728427,,,,,2.063662397000371,1.0,0.0
,0.0,0.0,salt_pepper:0.03,45.00000900548243,0.9860697945743399,,0.0,"{""S4_HEADER_FAILURE"":3}",C3_NP,3,0,coco-000000057725-000000406570,0.0,152787626.66666666,0.3154614139233675,,,,,2.556779047999953,1.0,0.0
,0.0,0.0,salt_pepper:0.05,45.00000900548243,0.9860697945743399,,0.0,"{""S4_HEADER_FAILURE"":3}",C3_NP,3,0,coco-000000057725-000000406570,0.0,153970005.33333334,0.39201595011093127,,,,,2.04492351266587,1.0,0.0
,,1.0,clean,45.89879529950395,0.9888967835476834,,,"{""S0_COMPLETE"":1}",B1,1,0,coco-000000078266-000000481413,1.0,157753344.0,0.0,1.0,1.0000000000000002,,1.0,0.0022686950014758622,0.0,
,,0.0,gaussian:10,45.89879529950395,0.9888967835476835,,,"{""S2_HEADER_VALID_PARTIAL"":3}",B1,3,0,coco-000000078266-000000481413,0.5141042073567709,158198442.66666666,0.4858957926432292,0.5141042073567709,0.8523620918160248,9.687188207559315,0.016643471867920725,0.07683840500067163,0.0,
,,0.0,gaussian:15,45.89879529950395,0.9888967835476835,,,"{""S2_HEADER_VALID_PARTIAL"":3}",B1,3,0,coco-000000078266-000000481413,0.5050684611002604,157962240.0,0.49493153889973956,0.5050684611002604,0.8466634431057226,9.542519389480999,0.00949800396298999,0.03370957466722757,0.0,
,,0.0,gaussian:5,45.89879529950395,0.9888967835476835,,,"{""S2_HEADER_VALID_PARTIAL"":3}",B1,3,0,coco-000000078266-000000481413,0.5348637898763021,158647637.33333334,0.46513621012369794,0.5348637898763021,0.85873661473045,9.878636795809632,0.016701173531703337,0.014628172666562023,0.0,
,,0.0,jpeg:50,45.89879529950395,0.9888967835476834,,,"{""S2_HEADER_VALID_PARTIAL"":1}",B1,1,0,coco-000000078266-000000481413,0.5051651000976562,157753344.0,0.49483489990234375,0.5051651000976562,0.8495938847837566,9.610114163370122,0.008315060450111973,0.00680468300015491,0.0,
,,0.0,jpeg:70,45.89879529950395,0.9888967835476834,,,"{""S2_HEADER_VALID_PARTIAL"":1}",B1,1,0,coco-000000078266-000000481413,0.5135269165039062,157741056.0,0.48647308349609375,0.5135269165039062,0.8568295679807357,9.81693614641872,0.013825942565862918,0.00545070900079736,0.0,
,,0.0,jpeg:90,45.89879529950395,0.9888967835476834,,,"{""S2_HEADER_VALID_PARTIAL"":1}",B1,1,0,coco-000000078266-000000481413,0.532501220703125,159100928.0,0.467498779296875,0.532501220703125,0.8583944710992109,9.893835638137801,0.014936398276391004,0.005102129000079003,0.0,
,,0.0,salt_pepper:0.01,45.89879529950395,0.9888967835476835,,,"{""S2_HEADER_VALID_PARTIAL"":3}",B1,3,0,coco-000000078266-000000481413,0.9951578776041666,157966336.0,0.004842122395833333,0.9951578776041666,0.9974658412541567,27.13884613056473,0.7987079149931667,0.0108669496676157,0.0,
,,0.0,salt_pepper:0.03,45.89879529950395,0.9888967835476835,,,"{""S2_HEADER_VALID_PARTIAL"":3}",B1,3,0,coco-000000078266-000000481413,0.9852625528971354,156094464.0,0.014737447102864584,0.9852625528971354,0.992053712461629,22.15973380396733,0.551254444796829,0.0069930156666184,0.0,
,,0.0,salt_pepper:0.05,45.89879529950395,0.9888967835476835,,,"{""S2_HEADER_VALID_PARTIAL"":3}",B1,3,0,coco-000000078266-000000481413,0.9745407104492188,157962240.0,0.02545928955078125,0.9745407104492188,0.9866462274991811,19.89835643103042,0.4045477322709317,0.0070897226657204255,0.0,
,,0.0,clean,,,,,"{""S5_EXTRACTION_TRANSFORM_FAILURE"":1}",B2,1,0,coco-000000078266-000000481413,,159100928.0,,,,,,,,
,,0.0,gaussian:10,,,,,"{""S5_EXTRACTION_TRANSFORM_FAILURE"":3}",B2,3,0,coco-000000078266-000000481413,,155862357.33333334,,,,,,,,
,,0.0,gaussian:15,,,,,"{""S5_EXTRACTION_TRANSFORM_FAILURE"":3}",B2,3,0,coco-000000078266-000000481413,,157253632.0,,,,,,,,
,,0.0,gaussian:5,,,,,"{""S5_EXTRACTION_TRANSFORM_FAILURE"":3}",B2,3,0,coco-000000078266-000000481413,,157489834.66666666,,,,,,,,
,,0.0,jpeg:50,,,,,"{""S5_EXTRACTION_TRANSFORM_FAILURE"":1}",B2,1,0,coco-000000078266-000000481413,,154931200.0,,,,,,,,
,,0.0,jpeg:70,,,,,"{""S5_EXTRACTION_TRANSFORM_FAILURE"":1}",B2,1,0,coco-000000078266-000000481413,,154914816.0,,,,,,,,
,,0.0,jpeg:90,,,,,"{""S5_EXTRACTION_TRANSFORM_FAILURE"":1}",B2,1,0,coco-000000078266-000000481413,,155615232.0,,,,,,,,
,,0.0,salt_pepper:0.01,,,,,"{""S5_EXTRACTION_TRANSFORM_FAILURE"":3}",B2,3,0,coco-000000078266-000000481413,,158198442.66666666,,,,,,,,
,,0.0,salt_pepper:0.03,,,,,"{""S5_EXTRACTION_TRANSFORM_FAILURE"":3}",B2,3,0,coco-000000078266-000000481413,,155728554.66666666,,,,,,,,
,,0.0,salt_pepper:0.05,,,,,"{""S5_EXTRACTION_TRANSFORM_FAILURE"":3}",B2,3,0,coco-000000078266-000000481413,,157840725.33333334,,,,,,,,
0.0,1.0,1.0,clean,45.00001706233342,0.9854913954954636,0.0,1.0,"{""S0_COMPLETE"":1}",C0,1,0,coco-000000078266-000000481413,1.0,154034176.0,0.0019382982550818493,1.0,1.0000000000000002,,1.0,2.3493828489990847,0.0,1.0
,0.0,0.0,gaussian:10,45.00001706233342,0.9854913954954636,,0.0,"{""S4_HEADER_FAILURE"":3}",C0,3,0,coco-000000078266-000000481413,0.0,156217344.0,0.3226704443245188,,,,,1.7935074986665616,1.0,0.0
,0.0,0.0,gaussian:15,45.00001706233342,0.9854913954954636,,0.0,"{""S4_HEADER_FAILURE"":3}",C0,3,0,coco-000000078266-000000481413,0.0,157783381.33333334,0.3528932062121484,,,,,1.7315634099995805,1.0,0.0
,0.0,0.0,gaussian:5,45.00001706233342,0.9854913954954636,,0.0,"{""S4_HEADER_FAILURE"":3}",C0,3,0,coco-000000078266-000000481413,0.0,156377088.0,0.2595505786412424,,,,,1.6982921546659782,1.0,0.0
,0.0,0.0,jpeg:50,45.00001706233342,0.9854913954954636,,0.0,"{""S4_HEADER_FAILURE"":1}",C0,1,0,coco-000000078266-000000481413,0.0,154439680.0,0.47469418960244647,,,,,1.6044633429992246,1.0,0.0
,0.0,0.0,jpeg:70,45.00001706233342,0.9854913954954636,,0.0,"{""S4_HEADER_FAILURE"":1}",C0,1,0,coco-000000078266-000000481413,0.0,155615232.0,0.45202374527792766,,,,,1.768125560000044,1.0,0.0
,0.0,0.0,jpeg:90,45.00001706233342,0.9854913954954636,,0.0,"{""S4_HEADER_FAILURE"":1}",C0,1,0,coco-000000078266-000000481413,0.0,156790784.0,0.3525903939557474,,,,,1.8141615000004094,1.0,0.0
,0.0,0.0,salt_pepper:0.01,45.00001706233342,0.9854913954954636,,0.0,"{""S4_HEADER_FAILURE"":3}",C0,3,0,coco-000000078266-000000481413,0.0,156497237.33333334,0.16132098099178507,,,,,1.8257998139997653,1.0,0.0
,0.0,0.0,salt_pepper:0.03,45.00001706233342,0.9854913954954636,,0.0,"{""S4_HEADER_FAILURE"":3}",C0,3,0,coco-000000078266-000000481413,0.0,157005141.33333334,0.32042783474245967,,,,,1.7852557170002303,1.0,0.0
,0.0,0.0,salt_pepper:0.05,45.00001706233342,0.9854913954954636,,0.0,"{""S4_HEADER_FAILURE"":3}",C0,3,0,coco-000000078266-000000481413,0.0,155839146.66666666,0.39281945193979734,,,,,1.8830520216664202,1.0,0.0
0.0,1.0,1.0,clean,45.0000573468126,0.985624367035817,0.0,1.0,"{""S0_COMPLETE"":1}",C1,1,0,coco-000000078266-000000481413,1.0,154914816.0,0.001987767584097859,1.0,1.0000000000000002,,1.0,2.996382901999823,0.0,1.0
,0.0,0.0,gaussian:10,45.0000573468126,0.985624367035817,,0.0,"{""S4_HEADER_FAILURE"":3}",C1,3,0,coco-000000078266-000000481413,0.0,157011968.0,0.32352191641182465,,,,,1.8555507919997278,1.0,0.0
,0.0,0.0,gaussian:15,45.0000573468126,0.985624367035817,,0.0,"{""S4_HEADER_FAILURE"":3}",C1,3,0,coco-000000078266-000000481413,0.0,156246016.0,0.3532949571265815,,,,,1.8471407710003405,1.0,0.0
,0.0,0.0,gaussian:5,45.0000573468126,0.985624367035817,,0.0,"{""S4_HEADER_FAILURE"":3}",C1,3,0,coco-000000078266-000000481413,0.0,157427029.33333334,0.2615638304251364,,,,,1.9655502023336642,1.0,0.0
,0.0,0.0,jpeg:50,45.0000573468126,0.985624367035817,,0.0,"{""S4_HEADER_FAILURE"":1}",C1,1,0,coco-000000078266-000000481413,0.0,154931200.0,0.47115038676020865,,,,,1.8774806809997244,1.0,0.0
,0.0,0.0,jpeg:70,45.0000573468126,0.985624367035817,,0.0,"{""S4_HEADER_FAILURE"":1}",C1,1,0,coco-000000078266-000000481413,0.0,155615232.0,0.4470273430473107,,,,,1.9863622630000464,1.0,0.0
,0.0,0.0,jpeg:90,45.0000573468126,0.985624367035817,,0.0,"{""S4_HEADER_FAILURE"":1}",C1,1,0,coco-000000078266-000000481413,0.0,155951104.0,0.345053067098399,,,,,1.9809912239998084,1.0,0.0
,0.0,0.0,salt_pepper:0.01,45.0000573468126,0.985624367035817,,0.0,"{""S4_HEADER_FAILURE"":3}",C1,3,0,coco-000000078266-000000481413,0.0,156693845.33333334,0.16014870780116328,,,,,1.7637944223339825,1.0,0.0
,0.0,0.0,salt_pepper:0.03,45.0000573468126,0.985624367035817,,0.0,"{""S4_HEADER_FAILURE"":3}",C1,3,0,coco-000000078266-000000481413,0.0,156939605.33333334,0.3222522036337471,,,,,1.9581863253327658,1.0,0.0
,0.0,0.0,salt_pepper:0.05,45.0000573468126,0.985624367035817,,0.0,"{""S4_HEADER_FAILURE"":3}",C1,3,0,coco-000000078266-000000481413,0.0,156091733.33333334,0.39561072135276126,,,,,2.596474093666984,1.0,0.0
0.0,1.0,1.0,clean,45.00001706233342,0.9855068974066323,0.0,1.0,"{""S0_COMPLETE"":1}",C2,1,0,coco-000000078266-000000481413,1.0,155615232.0,0.0018708400791509264,1.0,1.0000000000000002,,1.0,3.251108287999159,0.0,1.0
,0.0,0.0,gaussian:10,45.00001706233342,0.9855068974066322,,0.0,"{""S4_HEADER_FAILURE"":3}",C2,3,0,coco-000000078266-000000481413,0.0,156923221.33333334,0.3226599508304851,,,,,2.5654169493330605,1.0,0.0
,0.0,0.0,gaussian:15,45.00001706233342,0.9855068974066322,,0.0,"{""S4_HEADER_FAILURE"":3}",C2,3,0,coco-000000078266-000000481413,0.0,156241920.0,0.3535393056305091,,,,,2.589074717333157,1.0,0.0
,0.0,0.0,gaussian:5,45.00001706233342,0.9855068974066322,,0.0,"{""S4_HEADER_FAILURE"":3}",C2,3,0,coco-000000078266-000000481413,0.0,156344320.0,0.25989086766204955,,,,,2.7311162459997527,1.0,0.0
,0.0,0.0,jpeg:50,45.00001706233342,0.9855068974066323,,0.0,"{""S4_HEADER_FAILURE"":1}",C2,1,0,coco-000000078266-000000481413,0.0,157753344.0,0.47696977873718294,,,,,2.949470008999924,1.0,0.0
,0.0,0.0,jpeg:70,45.00001706233342,0.9855068974066323,,0.0,"{""S4_HEADER_FAILURE"":1}",C2,1,0,coco-000000078266-000000481413,0.0,155840512.0,0.4531750314804821,,,,,2.6302146990001347,1.0,0.0
,0.0,0.0,jpeg:90,45.00001706233342,0.9855068974066323,,0.0,"{""S4_HEADER_FAILURE"":1}",C2,1,0,coco-000000078266-000000481413,0.0,154931200.0,0.3523745277927685,,,,,2.814323181999498,1.0,0.0
,0.0,0.0,salt_pepper:0.01,45.00001706233342,0.9855068974066322,,0.0,"{""S4_HEADER_FAILURE"":3}",C2,3,0,coco-000000078266-000000481413,0.0,157024256.0,0.16069436949091565,,,,,2.902772172999903,1.0,0.0
,0.0,0.0,salt_pepper:0.03,45.00001706233342,0.9855068974066322,,0.0,"{""S4_HEADER_FAILURE"":3}",C2,3,0,coco-000000078266-000000481413,0.0,156190037.33333334,0.32080260238652036,,,,,2.956922494000537,1.0,0.0
,0.0,0.0,salt_pepper:0.05,45.00001706233342,0.9855068974066322,,0.0,"{""S4_HEADER_FAILURE"":3}",C2,3,0,coco-000000078266-000000481413,0.0,155755861.33333334,0.39243568987227917,,,,,3.347877988666975,1.0,0.0
0.0,1.0,1.0,clean,45.00001706233342,0.9855969880398273,0.0,1.0,"{""S0_COMPLETE"":1}",C3,1,0,coco-000000078266-000000481413,1.0,157339648.0,0.0019293038316243929,1.0,1.0000000000000002,,1.0,3.7630970809987048,0.0,1.0
,0.0,0.0,gaussian:10,45.00001706233342,0.9855969880398273,,0.0,"{""S4_HEADER_FAILURE"":3}",C3,3,0,coco-000000078266-000000481413,0.0,155153749.33333334,0.323295556754812,,,,,2.560142183666661,1.0,0.0
,0.0,0.0,gaussian:15,45.00001706233342,0.9855969880398273,,0.0,"{""S4_HEADER_FAILURE"":3}",C3,3,0,coco-000000078266-000000481413,0.0,155907413.33333334,0.35449271451699943,,,,,2.1882270553336034,1.0,0.0
,0.0,0.0,gaussian:5,45.00001706233342,0.9855969880398273,,0.0,"{""S4_HEADER_FAILURE"":3}",C3,3,0,coco-000000078266-000000481413,0.0,158553429.33333334,0.26022665947112794,,,,,2.5630463320006434,1.0,0.0
,0.0,0.0,jpeg:50,45.00001706233342,0.9855969880398273,,0.0,"{""S4_HEADER_FAILURE"":1}",C3,1,0,coco-000000078266-000000481413,0.0,156487680.0,0.4722836841158482,,,,,2.068601242999648,1.0,0.0
,0.0,0.0,jpeg:70,45.00001706233342,0.9855969880398273,,0.0,"{""S4_HEADER_FAILURE"":1}",C3,1,0,coco-000000078266-000000481413,0.0,155951104.0,0.4488127361036158,,,,,2.4295544260003226,1.0,0.0
,0.0,0.0,jpeg:90,45.00001706233342,0.9855969880398273,,0.0,"{""S4_HEADER_FAILURE"":1}",C3,1,0,coco-000000078266-000000481413,0.0,156286976.0,0.34412214427055227,,,,,2.7881986740012508,1.0,0.0
,0.0,0.0,salt_pepper:0.01,45.00001706233342,0.9855969880398273,,0.0,"{""S4_HEADER_FAILURE"":3}",C3,3,0,coco-000000078266-000000481413,0.0,156097194.66666666,0.16019667805960303,,,,,2.280942673999865,1.0,0.0
,0.0,0.0,salt_pepper:0.03,45.00001706233342,0.9855969880398273,,0.0,"{""S4_HEADER_FAILURE"":3}",C3,3,0,coco-000000078266-000000481413,0.0,155955200.0,0.32190142111890624,,,,,2.0350927960001477,1.0,0.0
,0.0,0.0,salt_pepper:0.05,45.00001706233342,0.9855969880398273,,0.0,"{""S4_HEADER_FAILURE"":3}",C3,3,0,coco-000000078266-000000481413,0.0,156241920.0,0.39471877435989683,,,,,2.092024246000316,1.0,0.0
0.0,1.0,1.0,clean,45.00003317608025,0.9856450905539598,0.0,1.0,"{""S0_COMPLETE"":1}",C3_NP,1,0,coco-000000078266-000000481413,1.0,157753344.0,0.002077711818672423,1.0,1.0000000000000002,,1.0,3.66018238200013,0.0,1.0
,0.0,0.0,gaussian:10,45.00003317608025,0.9856450905539598,,0.0,"{""S4_HEADER_FAILURE"":3}",C3_NP,3,0,coco-000000078266-000000481413,0.0,157711018.66666666,0.3230796905918331,,,,,2.8555187123335295,1.0,0.0
,0.0,0.0,gaussian:15,45.00003317608025,0.9856450905539598,,0.0,"{""S4_HEADER_FAILURE"":3}",C3_NP,3,0,coco-000000078266-000000481413,0.0,156299264.0,0.35487347844336514,,,,,2.4239499000001765,1.0,0.0
,0.0,0.0,gaussian:5,45.00003317608025,0.9856450905539598,,0.0,"{""S4_HEADER_FAILURE"":3}",C3_NP,3,0,coco-000000078266-000000481413,0.0,155602944.0,0.2611111111111111,,,,,3.804618880999745,1.0,0.0
,0.0,0.0,jpeg:50,45.00003317608025,0.9856450905539598,,0.0,"{""S4_HEADER_FAILURE"":1}",C3_NP,1,0,coco-000000078266-000000481413,0.0,155951104.0,0.47128080590034177,,,,,2.889475390998996,1.0,0.0
,0.0,0.0,jpeg:70,45.00003317608025,0.9856450905539598,,0.0,"{""S4_HEADER_FAILURE"":1}",C3_NP,1,0,coco-000000078266-000000481413,0.0,156786688.0,0.44779186904119445,,,,,2.0872100169999612,1.0,0.0
,0.0,0.0,jpeg:90,45.00003317608025,0.9856450905539598,,0.0,"{""S4_HEADER_FAILURE"":1}",C3_NP,1,0,coco-000000078266-000000481413,0.0,155897856.0,0.3456916711638784,,,,,2.6059513359996345,1.0,0.0
,0.0,0.0,salt_pepper:0.01,45.00003317608025,0.9856450905539598,,0.0,"{""S4_HEADER_FAILURE"":3}",C3_NP,3,0,coco-000000078266-000000481413,0.0,157009237.33333334,0.16017569107153565,,,,,3.2211953379992337,1.0,0.0
,0.0,0.0,salt_pepper:0.03,45.00003317608025,0.9856450905539598,,0.0,"{""S4_HEADER_FAILURE"":3}",C3_NP,3,0,coco-000000078266-000000481413,0.0,155688960.0,0.3206437009054386,,,,,2.442980079666692,1.0,0.0
,0.0,0.0,salt_pepper:0.05,45.00003317608025,0.9856450905539598,,0.0,"{""S4_HEADER_FAILURE"":3}",C3_NP,3,0,coco-000000078266-000000481413,0.0,156497237.33333334,0.3947757390417941,,,,,2.558175170000444,1.0,0.0
,,1.0,clean,45.58045565501649,0.9963753968009268,,,"{""S0_COMPLETE"":1}",B1,1,0,coco-000000083540-000000161875,1.0,156487680.0,0.0,1.0,1.0,,1.0,0.002657775001353002,0.0,
,,0.0,gaussian:10,45.58045565501649,0.9963753968009268,,,"{""S2_HEADER_VALID_PARTIAL"":3}",B1,3,0,coco-000000083540-000000161875,0.5087738037109375,156591445.33333334,0.4912261962890625,0.5087738037109375,0.7135246406780498,7.787428926614088,0.014572719896049814,0.009861624333401172,0.0,
,,0.0,gaussian:15,45.58045565501649,0.9963753968009268,,,"{""S2_HEADER_VALID_PARTIAL"":3}",B1,3,0,coco-000000083540-000000161875,0.5014266967773438,156112213.33333334,0.49857330322265625,0.5014266967773438,0.7056652925739569,7.674108231314658,0.006408894684774282,0.01575139133334839,0.0,
,,0.0,gaussian:5,45.58045565501649,0.9963753968009268,,,"{""S2_HEADER_VALID_PARTIAL"":3}",B1,3,0,coco-000000083540-000000161875,0.5314000447591146,156591445.33333334,0.46859995524088544,0.5314000447591146,0.7220244433751474,7.97301974247065,0.022507980733023385,0.010936236666869567,0.0,
,,0.0,jpeg:50,45.58045565501649,0.9963753968009268,,,"{""S2_HEADER_VALID_PARTIAL"":1}",B1,1,0,coco-000000083540-000000161875,0.4995574951171875,156487680.0,0.5004425048828125,0.4995574951171875,0.7063811000678211,7.659981308511768,0.018184257468853573,0.007336842001677724,0.0,
,,0.0,jpeg:70,45.58045565501649,0.9963753968009268,,,"{""S2_HEADER_VALID_PARTIAL"":1}",B1,1,0,coco-000000083540-000000161875,0.50030517578125,156495872.0,0.49969482421875,0.50030517578125,0.7054808696925421,7.6331497760196285,0.0067333246086869365,0.009619486001611222,0.0,
,,0.0,jpeg:90,45.58045565501649,0.9963753968009268,,,"{""S2_HEADER_VALID_PARTIAL"":1}",B1,1,0,coco-000000083540-000000161875,0.50909423828125,156790784.0,0.49090576171875,0.50909423828125,0.7104084894292826,7.728796702770746,0.013143573126955915,0.00610302099994442,0.0,
,,0.0,salt_pepper:0.01,45.58045565501649,0.9963753968009268,,,"{""S2_HEADER_VALID_PARTIAL"":3}",B1,3,0,coco-000000083540-000000161875,0.9949620564778646,156375722.66666666,0.005037943522135417,0.9949620564778646,0.9945808425845523,26.05991880366417,0.9056179036361515,0.011194609667048402,0.0,
,,0.0,salt_pepper:0.03,45.58045565501649,0.9963753968009268,,,"{""S2_HEADER_VALID_PARTIAL"":3}",B1,3,0,coco-000000083540-000000161875,0.9849116007486979,156293802.66666666,0.015088399251302084,0.9849116007486979,0.9846895692937889,21.52166941703685,0.7587429934592095,0.008359978000347231,0.0,
,,0.0,salt_pepper:0.05,45.58045565501649,0.9963753968009268,,,"{""S2_HEADER_VALID_PARTIAL"":3}",B1,3,0,coco-000000083540-000000161875,0.9753901163736979,156194133.33333334,0.024609883626302082,0.9753901163736979,0.9754829497651943,19.428201316497077,0.6578984413213504,0.007080349333894749,0.0,
,,1.0,clean,44.85651265947931,0.9927851230998915,,,"{""S0_COMPLETE"":1}",B2,1,0,coco-000000083540-000000161875,1.0,154034176.0,0.0,1.0,1.0,,1.0,0.01099693899959675,0.0,
,,0.0,gaussian:10,44.85651265947931,0.9927851230998915,,,"{""S2_HEADER_VALID_PARTIAL"":3}",B2,3,0,coco-000000083540-000000161875,0.5099436442057291,155387221.33333334,0.4900563557942708,0.5099436442057291,0.7130263895805639,7.736205280181847,0.012383293518076759,0.016358402666810434,0.0,
,,0.0,gaussian:15,44.85651265947931,0.9927851230998915,,,"{""S2_HEADER_VALID_PARTIAL"":3}",B2,3,0,coco-000000083540-000000161875,0.5013300577799479,156293802.66666666,0.49866994222005206,0.5013300577799479,0.7096350597941125,7.705859476794551,0.006391821788545544,0.015501267666574373,0.0,
,,0.0,gaussian:5,44.85651265947931,0.9927851230998915,,,"{""S2_HEADER_VALID_PARTIAL"":3}",B2,3,0,coco-000000083540-000000161875,0.5793711344401041,156213248.0,0.4206288655598958,0.5793711344401041,0.7463488962269156,8.448299212327752,0.046420027881181374,0.017573064666673115,0.0,
,,0.0,jpeg:50,44.85651265947931,0.9927851230998915,,,"{""S2_HEADER_VALID_PARTIAL"":1}",B2,1,0,coco-000000083540-000000161875,0.515869140625,156487680.0,0.484130859375,0.515869140625,0.5849158244258114,7.714377097638483,-0.006442211138159467,0.014306455999758327,0.0,
,,0.0,jpeg:70,44.85651265947931,0.9927851230998915,,,"{""S2_HEADER_VALID_PARTIAL"":1}",B2,1,0,coco-000000083540-000000161875,0.50579833984375,156495872.0,0.49420166015625,0.50579833984375,0.6417530494484505,8.13749183878979,-0.008438569114241972,0.010075668000354199,0.0,
,,0.0,jpeg:90,44.85651265947931,0.9927851230998915,,,"{""S2_HEADER_VALID_PARTIAL"":1}",B2,1,0,coco-000000083540-000000161875,0.6342086791992188,156286976.0,0.36579132080078125,0.6342086791992188,0.8982743677750922,12.69204013676564,0.3248761783028947,0.01190532200052985,0.0,
,,0.0,salt_pepper:0.01,44.85651265947931,0.9927851230998915,,,"{""S2_HEADER_VALID_PARTIAL"":3}",B2,3,0,coco-000000083540-000000161875,0.7594807942708334,156194133.33333334,0.24051920572916666,0.7594807942708334,0.8434225289926159,10.90671989494601,0.15348840972057412,0.011142623999451947,0.0,
,,0.0,salt_pepper:0.03,44.85651265947931,0.9927851230998915,,,"{""S2_HEADER_VALID_PARTIAL"":3}",B2,3,0,coco-000000083540-000000161875,0.56512451171875,155605674.66666666,0.43487548828125,0.56512451171875,0.7370478008977654,8.251863182143945,0.03462243780188298,0.012083501999465321,0.0,
,,0.0,salt_pepper:0.05,44.85651265947931,0.9927851230998915,,,"{""S2_HEADER_VALID_PARTIAL"":3}",B2,3,0,coco-000000083540-000000161875,0.5188700358072916,156075349.33333334,0.4811299641927083,0.5188700358072916,0.7173760003689086,7.858528347013492,0.018188315404396856,0.011779424666504687,0.0,
0.0,1.0,1.0,clean,45.000025119199364,0.9939892766817404,0.0,1.0,"{""S0_COMPLETE"":1}",C0,1,0,coco-000000083540-000000161875,1.0,157339648.0,0.00013041914013311746,1.0,1.0,,1.0,2.7567380710006546,0.0,1.0
,0.0,0.0,gaussian:10,45.000025119199364,0.9939892766817403,,0.0,"{""S4_HEADER_FAILURE"":3}",C0,3,0,coco-000000083540-000000161875,0.0,155007658.66666666,0.3218084787431792,,,,,2.404660612666703,1.0,0.0
,0.0,0.0,gaussian:15,45.000025119199364,0.9939892766817403,,0.0,"{""S4_HEADER_FAILURE"":3}",C0,3,0,coco-000000083540-000000161875,0.0,155410432.0,0.35308508724590754,,,,,2.553115978333153,1.0,0.0
,0.0,0.0,gaussian:5,45.000025119199364,0.9939892766817403,,0.0,"{""S4_HEADER_FAILURE"":3}",C0,3,0,coco-000000083540-000000161875,0.0,158001834.66666666,0.25919679798524914,,,,,2.1963093946669687,1.0,0.0
,0.0,0.0,jpeg:50,45.000025119199364,0.9939892766817404,,0.0,"{""S4_HEADER_FAILURE"":1}",C0,1,0,coco-000000083540-000000161875,0.0,155615232.0,0.47186094621334773,,,,,2.866646677999597,1.0,0.0
,0.0,0.0,jpeg:70,45.000025119199364,0.9939892766817404,,0.0,"{""S4_HEADER_FAILURE"":1}",C0,1,0,coco-000000083540-000000161875,0.0,157741056.0,0.4486778197517539,,,,,1.8590606999987358,1.0,0.0
,0.0,0.0,jpeg:90,45.000025119199364,0.9939892766817404,,0.0,"{""S4_HEADER_FAILURE"":1}",C0,1,0,coco-000000083540-000000161875,0.0,157753344.0,0.3420444324518798,,,,,2.1874726690002717,1.0,0.0
,0.0,0.0,salt_pepper:0.01,45.000025119199364,0.9939892766817403,,0.0,"{""S4_HEADER_FAILURE"":3}",C0,3,0,coco-000000083540-000000161875,0.0,155574272.0,0.1638783953948552,,,,,2.9791863993335332,1.0,0.0
,0.0,0.0,salt_pepper:0.03,45.000025119199364,0.9939892766817403,,0.0,"{""S4_HEADER_FAILURE"":3}",C0,3,0,coco-000000083540-000000161875,0.0,157293226.66666666,0.32579450740540866,,,,,3.210749821666468,1.0,0.0
,0.0,0.0,salt_pepper:0.05,45.000025119199364,0.9939892766817403,,0.0,"{""S4_HEADER_FAILURE"":3}",C0,3,0,coco-000000083540-000000161875,0.0,157779285.33333334,0.39627181147688434,,,,,2.674648252333403,1.0,0.0
0.0,1.0,1.0,clean,45.00001706233342,0.9937029321952527,0.0,1.0,"{""S0_COMPLETE"":1}",C1,1,0,coco-000000083540-000000161875,1.0,154931200.0,8.544702284583559e-05,1.0,1.0,,1.0,3.0660683839996636,0.0,1.0
,0.0,0.0,gaussian:10,45.00001706233342,0.9937029321952527,,0.0,"{""S4_HEADER_FAILURE"":3}",C1,3,0,coco-000000083540-000000161875,0.0,155310762.66666666,0.321553636745218,,,,,2.715351020999757,1.0,0.0
,0.0,0.0,gaussian:15,45.00001706233342,0.9937029321952527,,0.0,"{""S4_HEADER_FAILURE"":3}",C1,3,0,coco-000000083540-000000161875,0.0,156884992.0,0.3529756550938418,,,,,3.1416881320001266,1.0,0.0
,0.0,0.0,gaussian:5,45.00001706233342,0.9937029321952527,,0.0,"{""S4_HEADER_FAILURE"":3}",C1,3,0,coco-000000083540-000000161875,0.0,156157269.33333334,0.2590453918570486,,,,,2.874524813332755,1.0,0.0
,0.0,0.0,jpeg:50,45.00001706233342,0.9937029321952527,,0.0,"{""S4_HEADER_FAILURE"":1}",C1,1,0,coco-000000083540-000000161875,0.0,157339648.0,0.46720633207411405,,,,,2.6713916360004077,1.0,0.0
,0.0,0.0,jpeg:70,45.00001706233342,0.9937029321952527,,0.0,"{""S4_HEADER_FAILURE"":1}",C1,1,0,coco-000000083540-000000161875,0.0,157753344.0,0.44382982550818495,,,,,2.4616136490003555,1.0,0.0
,0.0,0.0,jpeg:90,45.00001706233342,0.9937029321952527,,0.0,"{""S4_HEADER_FAILURE"":1}",C1,1,0,coco-000000083540-000000161875,0.0,156487680.0,0.3355909336211549,,,,,2.9601136239998596,1.0,0.0
,0.0,0.0,salt_pepper:0.01,45.00001706233342,0.9937029321952527,,0.0,"{""S4_HEADER_FAILURE"":3}",C1,3,0,coco-000000083540-000000161875,0.0,155703978.66666666,0.16183516219943636,,,,,2.998224224332565,1.0,0.0
,0.0,0.0,salt_pepper:0.03,45.00001706233342,0.9937029321952527,,0.0,"{""S4_HEADER_FAILURE"":3}",C1,3,0,coco-000000083540-000000161875,0.0,157011968.0,0.3264421058943455,,,,,2.6171958506662727,1.0,0.0
,0.0,0.0,salt_pepper:0.05,45.00001706233342,0.9937029321952527,,0.0,"{""S4_HEADER_FAILURE"":3}",C1,3,0,coco-000000083540-000000161875,0.0,157257728.0,0.3970888049409366,,,,,2.9324295886666127,1.0,0.0
0.0,1.0,1.0,clean,45.000025119199364,0.9939944347111924,0.0,1.0,"{""S0_COMPLETE"":1}",C2,1,0,coco-000000083540-000000161875,1.0,154439680.0,5.846375247346645e-05,1.0,1.0,,1.0,3.323776514000201,0.0,1.0
,0.0,0.0,gaussian:10,45.000025119199364,0.9939944347111925,,0.0,"{""S4_HEADER_FAILURE"":3}",C2,3,0,coco-000000083540-000000161875,0.0,156176384.0,0.32149217485159204,,,,,2.4716350679997654,1.0,0.0
,0.0,0.0,gaussian:15,45.000025119199364,0.9939944347111925,,0.0,"{""S4_HEADER_FAILURE"":3}",C2,3,0,coco-000000083540-000000161875,0.0,156244650.66666666,0.35220363374707686,,,,,2.429188355000709,1.0,0.0
,0.0,0.0,gaussian:5,45.000025119199364,0.9939944347111925,,0.0,"{""S4_HEADER_FAILURE"":3}",C2,3,0,coco-000000083540-000000161875,0.0,155759957.33333334,0.25842777477963663,,,,,2.4171084333326385,1.0,0.0
,0.0,0.0,jpeg:50,45.000025119199364,0.9939944347111924,,0.0,"{""S4_HEADER_FAILURE"":1}",C2,1,0,coco-000000083540-000000161875,0.0,158416896.0,0.470781615398453,,,,,2.7821616519995587,1.0,0.0
,0.0,0.0,jpeg:70,45.000025119199364,0.9939944347111924,,0.0,"{""S4_HEADER_FAILURE"":1}",C2,1,0,coco-000000083540-000000161875,0.0,154914816.0,0.4491185465011693,,,,,2.6981925319996662,1.0,0.0
,0.0,0.0,jpeg:90,45.000025119199364,0.9939944347111924,,0.0,"{""S4_HEADER_FAILURE"":1}",C2,1,0,coco-000000083540-000000161875,0.0,157339648.0,0.34174311926605505,,,,,2.350238368000646,1.0,0.0
,0.0,0.0,salt_pepper:0.01,45.000025119199364,0.9939944347111925,,0.0,"{""S4_HEADER_FAILURE"":3}",C2,3,0,coco-000000083540-000000161875,0.0,156542293.33333334,0.16354710079750553,,,,,2.20615598366688,1.0,0.0
,0.0,0.0,salt_pepper:0.03,45.000025119199364,0.9939944347111925,,0.0,"{""S4_HEADER_FAILURE"":3}",C2,3,0,coco-000000083540-000000161875,0.0,158198442.66666666,0.32579900461713734,,,,,2.022222730332942,1.0,0.0
,0.0,0.0,salt_pepper:0.05,45.000025119199364,0.9939944347111925,,0.0,"{""S4_HEADER_FAILURE"":3}",C2,3,0,coco-000000083540-000000161875,0.0,155564714.66666666,0.3956242129879475,,,,,1.78440393100027,1.0,0.0
0.0,1.0,1.0,clean,45.000000948646374,0.9936965671565778,0.0,1.0,"{""S0_COMPLETE"":1}",C3,1,0,coco-000000083540-000000161875,1.0,156487680.0,8.994423457456377e-05,1.0,1.0,,1.0,2.3168454539991217,0.0,1.0
,0.0,0.0,gaussian:10,45.000000948646374,0.993696567156578,,0.0,"{""S4_HEADER_FAILURE"":3}",C3,3,0,coco-000000083540-000000161875,0.0,155424085.33333334,0.3223871199856089,,,,,1.650872549333144,1.0,0.0
,0.0,0.0,gaussian:15,45.000000948646374,0.993696567156578,,0.0,"{""S4_HEADER_FAILURE"":3}",C3,3,0,coco-000000083540-000000161875,0.0,157644117.33333334,0.3522396114409066,,,,,2.2492981203334543,1.0,0.0
,0.0,0.0,gaussian:5,45.000000948646374,0.993696567156578,,0.0,"{""S4_HEADER_FAILURE"":3}",C3,3,0,coco-000000083540-000000161875,0.0,156078080.0,0.25931672363134856,,,,,1.6015816240002703,1.0,0.0
,0.0,0.0,jpeg:50,45.000000948646374,0.9936965671565778,,0.0,"{""S4_HEADER_FAILURE"":1}",C3,1,0,coco-000000083540-000000161875,0.0,156790784.0,0.4677459974815614,,,,,1.6178727509995952,1.0,0.0
,0.0,0.0,jpeg:70,45.000000948646374,0.9936965671565778,,0.0,"{""S4_HEADER_FAILURE"":1}",C3,1,0,coco-000000083540-000000161875,0.0,155176960.0,0.4440591833063501,,,,,1.575853434000237,1.0,0.0
,0.0,0.0,jpeg:90,45.000000948646374,0.9936965671565778,,0.0,"{""S4_HEADER_FAILURE"":1}",C3,1,0,coco-000000083540-000000161875,0.0,157741056.0,0.33609911854650115,,,,,1.6662568079991615,1.0,0.0
,0.0,0.0,salt_pepper:0.01,45.000000948646374,0.993696567156578,,0.0,"{""S4_HEADER_FAILURE"":3}",C3,3,0,coco-000000083540-000000161875,0.0,156157269.33333334,0.16170924027103195,,,,,2.126738844999636,1.0,0.0
,0.0,0.0,salt_pepper:0.03,45.000000948646374,0.993696567156578,,0.0,"{""S4_HEADER_FAILURE"":3}",C3,3,0,coco-000000083540-000000161875,0.0,157028352.0,0.3267689032799664,,,,,1.9726371220003784,1.0,0.0
,0.0,0.0,salt_pepper:0.05,45.000000948646374,0.993696567156578,,0.0,"{""S4_HEADER_FAILURE"":3}",C3,3,0,coco-000000083540-000000161875,0.0,156177749.33333334,0.3963797445583738,,,,,1.880942744333879,1.0,0.0
0.0,1.0,1.0,clean,45.000025119199364,0.9937070629517678,0.0,1.0,"{""S0_COMPLETE"":1}",C3_NP,1,0,coco-000000083540-000000161875,1.0,154931200.0,5.3966540744738264e-05,1.0,1.0,,1.0,2.189311165999243,0.0,1.0
,0.0,0.0,gaussian:10,45.000025119199364,0.9937070629517678,,0.0,"{""S4_HEADER_FAILURE"":3}",C3_NP,3,0,coco-000000083540-000000161875,0.0,156095829.33333334,0.3214741860046771,,,,,1.773183462666566,1.0,0.0
,0.0,0.0,gaussian:15,45.000025119199364,0.9937070629517678,,0.0,"{""S4_HEADER_FAILURE"":3}",C3_NP,3,0,coco-000000083540-000000161875,0.0,155702613.33333334,0.3529696588115369,,,,,1.8955200723339658,1.0,0.0
,0.0,0.0,gaussian:5,45.000025119199364,0.9937070629517678,,0.0,"{""S4_HEADER_FAILURE"":3}",C3_NP,3,0,coco-000000083540-000000161875,0.0,155955200.0,0.25886400431732326,,,,,1.6571118016660573,1.0,0.0
,0.0,0.0,jpeg:50,45.000025119199364,0.9937070629517678,,0.0,"{""S4_HEADER_FAILURE"":1}",C3_NP,1,0,coco-000000083540-000000161875,0.0,156487680.0,0.46851052347544525,,,,,1.7371343560007517,1.0,0.0
,0.0,0.0,jpeg:70,45.000025119199364,0.9937070629517678,,0.0,"{""S4_HEADER_FAILURE"":1}",C3_NP,1,0,coco-000000083540-000000161875,0.0,158416896.0,0.4458175930922828,,,,,1.7319961260000127,1.0,0.0
,0.0,0.0,jpeg:90,45.000025119199364,0.9937070629517678,,0.0,"{""S4_HEADER_FAILURE"":1}",C3_NP,1,0,coco-000000083540-000000161875,0.0,155615232.0,0.33604964921748515,,,,,1.6082013350005582,1.0,0.0
,0.0,0.0,salt_pepper:0.01,45.000025119199364,0.9937070629517678,,0.0,"{""S4_HEADER_FAILURE"":3}",C3_NP,3,0,coco-000000083540-000000161875,0.0,157966336.0,0.16269412963962346,,,,,1.985030341998936,1.0,0.0
,0.0,0.0,salt_pepper:0.03,45.000025119199364,0.9937070629517678,,0.0,"{""S4_HEADER_FAILURE"":3}",C3_NP,3,0,coco-000000083540-000000161875,0.0,156315648.0,0.3277687833543203,,,,,1.7935693956666607,1.0,0.0
,0.0,0.0,salt_pepper:0.05,45.000025119199364,0.9937070629517678,,0.0,"{""S4_HEADER_FAILURE"":3}",C3_NP,3,0,coco-000000083540-000000161875,0.0,156157269.33333334,0.3970888049409366,,,,,1.8688348943330009,1.0,0.0
,,1.0,clean,45.96071195685639,0.9864875869624441,,,"{""S0_COMPLETE"":1}",B1,1,0,coco-000000098392-000000343706,1.0,153120768.0,0.0,1.0,0.9999999999999999,,1.0,0.0026335740003560204,0.0,
,,0.0,gaussian:10,45.96071195685639,0.986487586962444,,,"{""S2_HEADER_VALID_PARTIAL"":3}",B1,3,0,coco-000000098392-000000343706,0.5064112345377604,155609770.66666666,0.49358876546223956,0.5064112345377604,0.8305023404888353,8.722578015136008,0.012310075245364501,0.011151740999897205,0.0,
,,0.0,gaussian:15,45.96071195685639,0.986487586962444,,,"{""S2_HEADER_VALID_PARTIAL"":3}",B1,3,0,coco-000000098392-000000343706,0.5028915405273438,154700458.66666666,0.49710845947265625,0.5028915405273438,0.8294396154188713,8.694749033992688,0.010330598408615985,0.0100033256670334,0.0,
,,0.0,gaussian:5,45.96071195685639,0.986487586962444,,,"{""S2_HEADER_VALID_PARTIAL"":3}",B1,3,0,coco-000000098392-000000343706,0.52996826171875,154120192.0,0.47003173828125,0.52996826171875,0.8392830779572945,8.935378458949764,0.020195880698955445,0.02952731800057033,0.0,
,,0.0,jpeg:50,45.96071195685639,0.9864875869624441,,,"{""S2_HEADER_VALID_PARTIAL"":1}",B1,1,0,coco-000000098392-000000343706,0.5069961547851562,155365376.0,0.49300384521484375,0.5069961547851562,0.838226014851284,8.902491845084517,0.020573326777537617,0.014066536999962409,0.0,
,,0.0,jpeg:70,45.96071195685639,0.9864875869624441,,,"{""S2_HEADER_VALID_PARTIAL"":1}",B1,1,0,coco-000000098392-000000343706,0.5227737426757812,157339648.0,0.47722625732421875,0.5227737426757812,0.8625180816814996,9.590560061739186,0.0273413166722375,0.029465695000908454,0.0,
,,0.0,jpeg:90,45.96071195685639,0.9864875869624441,,,"{""S2_HEADER_VALID_PARTIAL"":1}",B1,1,0,coco-000000098392-000000343706,0.5561294555664062,155615232.0,0.44387054443359375,0.5561294555664062,0.8613674314293845,9.544661853370396,0.03368297579969788,0.018870795998736867,0.0,
,,0.0,salt_pepper:0.01,45.96071195685639,0.986487586962444,,,"{""S2_HEADER_VALID_PARTIAL"":3}",B1,3,0,coco-000000098392-000000343706,0.9949162801106771,154778282.66666666,0.005083719889322917,0.9949162801106771,0.997313381085355,26.428437804828075,0.8676753411018515,0.006532651666930178,0.0,
,,0.0,salt_pepper:0.03,45.96071195685639,0.986487586962444,,,"{""S2_HEADER_VALID_PARTIAL"":3}",B1,3,0,coco-000000098392-000000343706,0.9849802652994791,156106752.0,0.015019734700520834,0.9849802652994791,0.9922740664729016,21.790525071191514,0.6887196938268687,0.006175877999339718,0.0,
,,0.0,salt_pepper:0.05,45.96071195685639,0.986487586962444,,,"{""S2_HEADER_VALID_PARTIAL"":3}",B1,3,0,coco-000000098392-000000343706,0.97509765625,154120192.0,0.02490234375,0.97509765625,0.9871997649934338,19.601966182651314,0.5683068187369579,0.007325516666848368,0.0,
,,1.0,clean,45.167392017948636,0.9837328975864625,,,"{""S0_COMPLETE"":1}",B2,1,0,coco-000000098392-000000343706,1.0,155615232.0,0.0,1.0,0.9999999999999999,,1.0,0.005733821000831085,0.0,
,,0.0,gaussian:10,45.167392017948636,0.9837328975864624,,,"{""S2_HEADER_VALID_PARTIAL"":3}",B2,3,0,coco-000000098392-000000343706,0.5049769083658854,154110634.66666666,0.49502309163411456,0.5049769083658854,0.8279416281141566,8.661174055444327,0.009770796232801028,0.018078746999890427,0.0,
,,0.0,gaussian:15,45.167392017948636,0.9837328975864624,,,"{""S2_HEADER_VALID_PARTIAL"":3}",B2,3,0,coco-000000098392-000000343706,0.5008392333984375,156157269.33333334,0.4991607666015625,0.5008392333984375,0.8278346863436529,8.65895486376186,0.008421331428850988,0.01352247166687448,0.0,
,,0.0,gaussian:5,45.167392017948636,0.9837328975864624,,,"{""S2_HEADER_VALID_PARTIAL"":3}",B2,3,0,coco-000000098392-000000343706,0.5575052897135416,154951680.0,0.4424947102864583,0.5575052897135416,0.845276035743174,9.07464885022772,0.028629703652058008,0.0181922140000097,0.0,
,,0.0,jpeg:50,45.167392017948636,0.9837328975864625,,,"{""S2_HEADER_VALID_PARTIAL"":1}",B2,1,0,coco-000000098392-000000343706,0.4848480224609375,153120768.0,0.5151519775390625,0.4848480224609375,0.5103114279563127,4.972259058903719,0.009832198221962084,0.014094026999373455,0.0,
,,0.0,jpeg:70,45.167392017948636,0.9837328975864625,,,"{""S2_HEADER_VALID_PARTIAL"":1}",B2,1,0,coco-000000098392-000000343706,0.472869873046875,153874432.0,0.527130126953125,0.472869873046875,0.5428394181282666,5.177590934408926,0.0017232735199055145,0.011224641000808333,0.0,
,,0.0,jpeg:90,45.167392017948636,0.9837328975864625,,,"{""S2_HEADER_VALID_PARTIAL"":1}",B2,1,0,coco-000000098392-000000343706,0.6493911743164062,157339648.0,0.35060882568359375,0.6493911743164062,0.9064650862689538,11.156041398962095,0.3256530705876739,0.010848600000826991,0.0,
,,0.0,salt_pepper:0.01,45.167392017948636,0.9837328975864624,,,"{""S2_HEADER_VALID_PARTIAL"":3}",B2,3,0,coco-000000098392-000000343706,0.7531458536783854,154402816.0,0.2468541463216146,0.7531458536783854,0.9098080279798603,11.263851136336143,0.11490188678317902,0.010371025333370198,0.0,
,,0.0,salt_pepper:0.03,45.167392017948636,0.9837328975864624,,,"{""S2_HEADER_VALID_PARTIAL"":3}",B2,3,0,coco-000000098392-000000343706,0.5669657389322916,153452544.0,0.4330342610677083,0.5669657389322916,0.8485888052734243,9.166325533906146,0.03687628269458331,0.013071100667123877,0.0,
,,0.0,salt_pepper:0.05,45.167392017948636,0.9837328975864624,,,"{""S2_HEADER_VALID_PARTIAL"":3}",B2,3,0,coco-000000098392-000000343706,0.5204823811848959,156240554.66666666,0.4795176188151042,0.5204823811848959,0.8355924210625604,8.838038843919742,0.018460612809480737,0.011858455000644122,0.0,
0.0,1.0,1.0,clean,45.00006540375328,0.983068139914467,0.0,1.0,"{""S0_COMPLETE"":1}",C0,1,0,coco-000000098392-000000343706,1.0,155189248.0,2.2486058643640943e-05,1.0,0.9999999999999999,,1.0,2.3132506729998568,0.0,1.0
,0.0,0.0,gaussian:10,45.000065403753275,0.983068139914467,,0.0,"{""S4_HEADER_FAILURE"":3}",C0,3,0,coco-000000098392-000000343706,0.0,153812992.0,0.3216930503088085,,,,,1.5858654310001536,1.0,0.0
,0.0,0.0,gaussian:15,45.000065403753275,0.983068139914467,,0.0,"{""S4_HEADER_FAILURE"":3}",C0,3,0,coco-000000098392-000000343706,0.0,154187093.33333334,0.35154554176410624,,,,,1.7307589953325078,1.0,0.0
,0.0,0.0,gaussian:5,45.000065403753275,0.983068139914467,,0.0,"{""S4_HEADER_FAILURE"":3}",C0,3,0,coco-000000098392-000000343706,0.0,153803434.66666666,0.2574758649637225,,,,,1.715310546333664,1.0,0.0
,0.0,0.0,jpeg:50,45.00006540375328,0.983068139914467,,0.0,"{""S4_HEADER_FAILURE"":1}",C0,1,0,coco-000000098392-000000343706,0.0,153604096.0,0.4785168195718654,,,,,1.5706935429989244,1.0,0.0
,0.0,0.0,jpeg:70,45.00006540375328,0.983068139914467,,0.0,"{""S4_HEADER_FAILURE"":1}",C0,1,0,coco-000000098392-000000343706,0.0,152903680.0,0.4557609282245008,,,,,1.627734229001362,1.0,0.0
,0.0,0.0,jpeg:90,45.00006540375328,0.983068139914467,,0.0,"{""S4_HEADER_FAILURE"":1}",C0,1,0,coco-000000098392-000000343706,0.0,154611712.0,0.34981561431912217,,,,,1.5586531019998802,1.0,0.0
,0.0,0.0,salt_pepper:0.01,45.000065403753275,0.983068139914467,,0.0,"{""S4_HEADER_FAILURE"":3}",C0,3,0,coco-000000098392-000000343706,0.0,153273685.33333334,0.15612370330395156,,,,,1.6637255226663303,1.0,0.0
,0.0,0.0,salt_pepper:0.03,45.000065403753275,0.983068139914467,,0.0,"{""S4_HEADER_FAILURE"":3}",C0,3,0,coco-000000098392-000000343706,0.0,153441621.33333334,0.3139983210409546,,,,,1.5935279083332716,1.0,0.0
,0.0,0.0,salt_pepper:0.05,45.000065403753275,0.983068139914467,,0.0,"{""S4_HEADER_FAILURE"":3}",C0,3,0,coco-000000098392-000000343706,0.0,153843029.33333334,0.3876176770402351,,,,,1.6265695426670088,1.0,0.0
0.0,1.0,1.0,clean,45.000000948646374,0.983386630816165,0.0,1.0,"{""S0_COMPLETE"":1}",C1,1,0,coco-000000098392-000000343706,1.0,154611712.0,2.6983270372369132e-05,1.0,0.9999999999999999,,1.0,2.202361084000586,0.0,1.0
,0.0,0.0,gaussian:10,45.000000948646374,0.983386630816165,,0.0,"{""S4_HEADER_FAILURE"":3}",C1,3,0,coco-000000098392-000000343706,0.0,154802858.66666666,0.3224905558553697,,,,,1.660145447333586,1.0,0.0
,0.0,0.0,gaussian:15,45.000000948646374,0.983386630816165,,0.0,"{""S4_HEADER_FAILURE"":3}",C1,3,0,coco-000000098392-000000343706,0.0,153747456.0,0.3538556095220963,,,,,1.7047871043329603,1.0,0.0
,0.0,0.0,gaussian:5,45.000000948646374,0.983386630816165,,0.0,"{""S4_HEADER_FAILURE"":3}",C1,3,0,coco-000000098392-000000343706,0.0,154017792.0,0.2586211548839719,,,,,1.772444761333342,1.0,0.0
,0.0,0.0,jpeg:50,45.000000948646374,0.983386630816165,,0.0,"{""S4_HEADER_FAILURE"":1}",C1,1,0,coco-000000098392-000000343706,0.0,155189248.0,0.47483360316603707,,,,,1.6423980140007188,1.0,0.0
,0.0,0.0,jpeg:70,45.000000948646374,0.983386630816165,,0.0,"{""S4_HEADER_FAILURE"":1}",C1,1,0,coco-000000098392-000000343706,0.0,153604096.0,0.451340169095161,,,,,1.7528946330003237,1.0,0.0
,0.0,0.0,jpeg:90,45.000000948646374,0.983386630816165,,0.0,"{""S4_HEADER_FAILURE"":1}",C1,1,0,coco-000000098392-000000343706,0.0,152903680.0,0.3399487317862925,,,,,1.6861544160001358,1.0,0.0
,0.0,0.0,salt_pepper:0.01,45.000000948646374,0.983386630816165,,0.0,"{""S4_HEADER_FAILURE"":3}",C1,3,0,coco-000000098392-000000343706,0.0,153478485.33333334,0.15534268753372907,,,,,2.2628888483341143,1.0,0.0
,0.0,0.0,salt_pepper:0.03,45.000000948646374,0.983386630816165,,0.0,"{""S4_HEADER_FAILURE"":3}",C1,3,0,coco-000000098392-000000343706,0.0,153774762.66666666,0.31530251244228574,,,,,2.6888978783335915,1.0,0.0
,0.0,0.0,salt_pepper:0.05,45.000000948646374,0.983386630816165,,0.0,"{""S4_HEADER_FAILURE"":3}",C1,3,0,coco-000000098392-000000343706,0.0,153855317.33333334,0.38956946693050304,,,,,2.3251129530005223,1.0,0.0
0.0,1.0,1.0,clean,45.000049289886874,0.9830921012439919,0.0,1.0,"{""S0_COMPLETE"":1}",C2,1,0,coco-000000098392-000000343706,1.0,154845184.0,2.6983270372369132e-05,1.0,0.9999999999999999,,1.0,3.516806379000627,0.0,1.0
,0.0,0.0,gaussian:10,45.000049289886874,0.9830921012439919,,0.0,"{""S4_HEADER_FAILURE"":3}",C2,3,0,coco-000000098392-000000343706,0.0,155272533.33333334,0.32168855309707983,,,,,2.5593724283335177,1.0,0.0
,0.0,0.0,gaussian:15,45.000049289886874,0.9830921012439919,,0.0,"{""S4_HEADER_FAILURE"":3}",C2,3,0,coco-000000098392-000000343706,0.0,153232725.33333334,0.35280626011872634,,,,,2.2878836863334677,1.0,0.0
,0.0,0.0,gaussian:5,45.000049289886874,0.9830921012439919,,0.0,"{""S4_HEADER_FAILURE"":3}",C2,3,0,coco-000000098392-000000343706,0.0,155467776.0,0.25779216885530976,,,,,2.53251580133292,1.0,0.0
,0.0,0.0,jpeg:50,45.000049289886874,0.9830921012439919,,0.0,"{""S4_HEADER_FAILURE"":1}",C2,1,0,coco-000000098392-000000343706,0.0,156581888.0,0.4765020687173952,,,,,2.604042601000401,1.0,0.0
,0.0,0.0,jpeg:70,45.000049289886874,0.9830921012439919,,0.0,"{""S4_HEADER_FAILURE"":1}",C2,1,0,coco-000000098392-000000343706,0.0,155189248.0,0.4569257060622414,,,,,2.588704482999674,1.0,0.0
,0.0,0.0,jpeg:90,45.000049289886874,0.9830921012439919,,0.0,"{""S4_HEADER_FAILURE"":1}",C2,1,0,coco-000000098392-000000343706,0.0,153120768.0,0.34935689872279185,,,,,2.837570368001252,1.0,0.0
,0.0,0.0,salt_pepper:0.01,45.000049289886874,0.9830921012439919,,0.0,"{""S4_HEADER_FAILURE"":3}",C2,3,0,coco-000000098392-000000343706,0.0,154102442.66666666,0.15654943934760449,,,,,3.081841716000175,1.0,0.0
,0.0,0.0,salt_pepper:0.03,45.000049289886874,0.9830921012439919,,0.0,"{""S4_HEADER_FAILURE"":3}",C2,3,0,coco-000000098392-000000343706,0.0,154434218.66666666,0.3146219344006716,,,,,2.589543430999887,1.0,0.0
,0.0,0.0,salt_pepper:0.05,45.000049289886874,0.9830921012439919,,0.0,"{""S4_HEADER_FAILURE"":3}",C2,3,0,coco-000000098392-000000343706,0.0,154914816.0,0.38764915752233614,,,,,2.3569791500006736,1.0,0.0
0.0,1.0,1.0,clean,45.000009005482426,0.9833859854869619,0.0,1.0,"{""S0_COMPLETE"":1}",C3,1,0,coco-000000098392-000000343706,1.0,156229632.0,1.7988846914912754e-05,1.0,0.9999999999999999,,1.0,1.7868914600003336,0.0,1.0
,0.0,0.0,gaussian:10,45.00000900548243,0.9833859854869619,,0.0,"{""S4_HEADER_FAILURE"":3}",C3,3,0,coco-000000098392-000000343706,0.0,153785685.33333334,0.32207231516459794,,,,,1.916603036333375,1.0,0.0
,0.0,0.0,gaussian:15,45.00000900548243,0.9833859854869619,,0.0,"{""S4_HEADER_FAILURE"":3}",C3,3,0,coco-000000098392-000000343706,0.0,154073770.66666666,0.35229657612280385,,,,,1.7788213583341228,1.0,0.0
,0.0,0.0,gaussian:5,45.00000900548243,0.9833859854869619,,0.0,"{""S4_HEADER_FAILURE"":3}",C3,3,0,coco-000000098392-000000343706,0.0,155609770.66666666,0.2584082868621455,,,,,1.568330899666762,1.0,0.0
,0.0,0.0,jpeg:50,45.000009005482426,0.9833859854869619,,0.0,"{""S4_HEADER_FAILURE"":1}",C3,1,0,coco-000000098392-000000343706,0.0,155365376.0,0.4763356718834323,,,,,1.6902320789995429,1.0,0.0
,0.0,0.0,jpeg:70,45.000009005482426,0.9833859854869619,,0.0,"{""S4_HEADER_FAILURE"":1}",C3,1,0,coco-000000098392-000000343706,0.0,153120768.0,0.4509938837920489,,,,,1.7636691239986249,1.0,0.0
,0.0,0.0,jpeg:90,45.000009005482426,0.9833859854869619,,0.0,"{""S4_HEADER_FAILURE"":1}",C3,1,0,coco-000000098392-000000343706,0.0,155189248.0,0.3388199316423817,,,,,1.5698213929990743,1.0,0.0
,0.0,0.0,salt_pepper:0.01,45.00000900548243,0.9833859854869619,,0.0,"{""S4_HEADER_FAILURE"":3}",C3,3,0,coco-000000098392-000000343706,0.0,154860202.66666666,0.15486448401990766,,,,,2.0348976259998985,1.0,0.0
,0.0,0.0,salt_pepper:0.03,45.00000900548243,0.9833859854869619,,0.0,"{""S4_HEADER_FAILURE"":3}",C3,3,0,coco-000000098392-000000343706,0.0,154944853.33333334,0.3151541044552378,,,,,1.9109273583326285,1.0,0.0
,0.0,0.0,salt_pepper:0.05,45.00000900548243,0.9833859854869619,,0.0,"{""S4_HEADER_FAILURE"":3}",C3,3,0,coco-000000098392-000000343706,0.0,155030869.33333334,0.3891946992864424,,,,,1.8927583376674495,1.0,0.0
0.0,1.0,1.0,clean,45.000000948646374,0.9833825121354063,0.0,1.0,"{""S0_COMPLETE"":1}",C3_NP,1,0,coco-000000098392-000000343706,1.0,154632192.0,1.7988846914912754e-05,1.0,0.9999999999999999,,1.0,2.6623620870013838,0.0,1.0
,0.0,0.0,gaussian:10,45.000000948646374,0.9833825121354063,,0.0,"{""S4_HEADER_FAILURE"":3}",C3_NP,3,0,coco-000000098392-000000343706,0.0,156157269.33333334,0.323042213827427,,,,,2.1898306106668315,1.0,0.0
,0.0,0.0,gaussian:15,45.000000948646374,0.9833825121354063,,0.0,"{""S4_HEADER_FAILURE"":3}",C3_NP,3,0,coco-000000098392-000000343706,0.0,153442986.66666666,0.35238652035737844,,,,,1.9941450236668363,1.0,0.0
,0.0,0.0,gaussian:5,45.000000948646374,0.9833825121354063,,0.0,"{""S4_HEADER_FAILURE"":3}",C3_NP,3,0,coco-000000098392-000000343706,0.0,154892970.66666666,0.25825388259279247,,,,,2.148106362334147,1.0,0.0
,0.0,0.0,jpeg:50,45.000000948646374,0.9833825121354063,,0.0,"{""S4_HEADER_FAILURE"":1}",C3_NP,1,0,coco-000000098392-000000343706,0.0,153120768.0,0.4761602806260119,,,,,2.1721200719985063,1.0,0.0
,0.0,0.0,jpeg:70,45.000000948646374,0.9833825121354063,,0.0,"{""S4_HEADER_FAILURE"":1}",C3_NP,1,0,coco-000000098392-000000343706,0.0,153952256.0,0.4526128800143911,,,,,2.0914981800015084,1.0,0.0
,0.0,0.0,jpeg:90,45.000000948646374,0.9833825121354063,,0.0,"{""S4_HEADER_FAILURE"":1}",C3_NP,1,0,coco-000000098392-000000343706,0.0,156229632.0,0.3407447382622774,,,,,2.1728781429992523,1.0,0.0
,0.0,0.0,salt_pepper:0.01,45.000000948646374,0.9833825121354063,,0.0,"{""S4_HEADER_FAILURE"":3}",C3_NP,3,0,coco-000000098392-000000343706,0.0,154688170.66666666,0.15427385021286802,,,,,1.7044993453334125,1.0,0.0
,0.0,0.0,salt_pepper:0.03,45.000000948646374,0.9833825121354063,,0.0,"{""S4_HEADER_FAILURE"":3}",C3_NP,3,0,coco-000000098392-000000343706,0.0,154185728.0,0.31595610721352757,,,,,1.7750217990002664,1.0,0.0
,0.0,0.0,salt_pepper:0.05,45.000000948646374,0.9833825121354063,,0.0,"{""S4_HEADER_FAILURE"":3}",C3_NP,3,0,coco-000000098392-000000343706,0.0,154649941.33333334,0.3897283684115848,,,,,1.5448271470001298,1.0,0.0
,,1.0,clean,45.886959902405984,0.9960932922504138,,,"{""S0_COMPLETE"":1}",B1,1,0,coco-000000119445-000000358195,1.0,153477120.0,0.0,1.0,1.0000000000000002,,1.0,0.003135616001600283,0.0,
,,0.0,gaussian:10,45.886959902405984,0.9960932922504138,,,"{""S2_HEADER_VALID_PARTIAL"":3}",B1,3,0,coco-000000119445-000000358195,0.5067825317382812,153601365.33333334,0.49321746826171875,0.5067825317382812,0.7916107036570245,8.988099221537956,0.01103515783915889,0.00897235399982795,0.0,
,,0.0,gaussian:15,45.886959902405984,0.9960932922504138,,,"{""S2_HEADER_VALID_PARTIAL"":3}",B1,3,0,coco-000000119445-000000358195,0.5016937255859375,153026560.0,0.4983062744140625,0.5016937255859375,0.7879825160601396,8.90038003399908,0.010646638878070552,0.013054362999658528,0.0,
,,0.0,gaussian:5,45.886959902405984,0.9960932922504138,,,"{""S2_HEADER_VALID_PARTIAL"":3}",B1,3,0,coco-000000119445-000000358195,0.5287907918294271,153560405.33333334,0.47120920817057294,0.5287907918294271,0.7995092276617249,9.213991409916279,0.015503728580284468,0.010611970334139187,0.0,
,,0.0,jpeg:50,45.886959902405984,0.9960932922504138,,,"{""S2_HEADER_VALID_PARTIAL"":1}",B1,1,0,coco-000000119445-000000358195,0.50103759765625,152965120.0,0.49896240234375,0.50103759765625,0.7893627136089935,8.897193371136456,0.005049875165270316,0.007773814999382012,0.0,
,,0.0,jpeg:70,45.886959902405984,0.9960932922504138,,,"{""S2_HEADER_VALID_PARTIAL"":1}",B1,1,0,coco-000000119445-000000358195,0.49973297119140625,154238976.0,0.5002670288085938,0.49973297119140625,0.790796678589236,8.939355871651525,0.009743977833466446,0.007778675000736257,0.0,
,,0.0,jpeg:90,45.886959902405984,0.9960932922504138,,,"{""S2_HEADER_VALID_PARTIAL"":1}",B1,1,0,coco-000000119445-000000358195,0.5063934326171875,154238976.0,0.4936065673828125,0.5063934326171875,0.7904894028764097,8.948137962199924,0.014472216017194665,0.007961035998960142,0.0,
,,0.0,salt_pepper:0.01,45.886959902405984,0.9960932922504138,,,"{""S2_HEADER_VALID_PARTIAL"":3}",B1,3,0,coco-000000119445-000000358195,0.9950714111328125,153168554.66666666,0.0049285888671875,0.9950714111328125,0.9932934304244796,26.463411258486264,0.8122170266420216,0.030689099333661336,0.0,
,,0.0,salt_pepper:0.03,45.886959902405984,0.9960932922504138,,,"{""S2_HEADER_VALID_PARTIAL"":3}",B1,3,0,coco-000000119445-000000358195,0.9847208658854166,153560405.33333334,0.015279134114583334,0.9847208658854166,0.9809388438125001,21.821320634629643,0.5754906628571002,0.007361757999509185,0.0,
,,0.0,salt_pepper:0.05,45.886959902405984,0.9960932922504138,,,"{""S2_HEADER_VALID_PARTIAL"":3}",B1,3,0,coco-000000119445-000000358195,0.9754206339518229,153067520.0,0.024579366048177082,0.9754206339518229,0.9710212040227963,19.897959717553707,0.452772944342021,0.008795851333464574,0.0,
,,0.0,clean,,,,,"{""S5_EXTRACTION_TRANSFORM_FAILURE"":1}",B2,1,0,coco-000000119445-000000358195,,154238976.0,,,,,,,,
,,0.0,gaussian:10,,,,,"{""S5_EXTRACTION_TRANSFORM_FAILURE"":3}",B2,3,0,coco-000000119445-000000358195,,153026560.0,,,,,,,,
,,0.0,gaussian:15,,,,,"{""S5_EXTRACTION_TRANSFORM_FAILURE"":3}",B2,3,0,coco-000000119445-000000358195,,153316010.66666666,,,,,,,,
,,0.0,gaussian:5,,,,,"{""S5_EXTRACTION_TRANSFORM_FAILURE"":3}",B2,3,0,coco-000000119445-000000358195,,153047040.0,,,,,,,,
,,0.0,jpeg:50,,,,,"{""S5_EXTRACTION_TRANSFORM_FAILURE"":1}",B2,1,0,coco-000000119445-000000358195,,153841664.0,,,,,,,,
,,0.0,jpeg:70,,,,,"{""S5_EXTRACTION_TRANSFORM_FAILURE"":1}",B2,1,0,coco-000000119445-000000358195,,151875584.0,,,,,,,,
,,0.0,jpeg:90,,,,,"{""S5_EXTRACTION_TRANSFORM_FAILURE"":1}",B2,1,0,coco-000000119445-000000358195,,152965120.0,,,,,,,,
,,0.0,salt_pepper:0.01,,,,,"{""S5_EXTRACTION_TRANSFORM_FAILURE"":3}",B2,3,0,coco-000000119445-000000358195,,153026560.0,,,,,,,,
,,0.0,salt_pepper:0.03,,,,,"{""S5_EXTRACTION_TRANSFORM_FAILURE"":3}",B2,3,0,coco-000000119445-000000358195,,153165824.0,,,,,,,,
,,0.0,salt_pepper:0.05,,,,,"{""S5_EXTRACTION_TRANSFORM_FAILURE"":3}",B2,3,0,coco-000000119445-000000358195,,152659285.33333334,,,,,,,,
0.0,1.0,1.0,clean,45.00001706233342,0.9928784685231169,0.0,1.0,"{""S0_COMPLETE"":1}",C0,1,0,coco-000000119445-000000358195,1.0,154390528.0,0.0009758949451340169,1.0,1.0000000000000002,,1.0,2.666509598999255,0.0,1.0
,0.0,0.0,gaussian:10,45.00001706233342,0.9928784685231169,,0.0,"{""S4_HEADER_FAILURE"":3}",C0,3,0,coco-000000119445-000000358195,0.0,152256512.0,0.3223241590214067,,,,,2.40515560033297,1.0,0.0
,0.0,0.0,gaussian:15,45.00001706233342,0.9928784685231169,,0.0,"{""S4_HEADER_FAILURE"":3}",C0,3,0,coco-000000119445-000000358195,0.0,153171285.33333334,0.35187233914972715,,,,,2.4682053506664183,1.0,0.0
,0.0,0.0,gaussian:5,45.00001706233342,0.9928784685231169,,0.0,"{""S4_HEADER_FAILURE"":3}",C0,3,0,coco-000000119445-000000358195,0.0,152520021.33333334,0.25872309168315644,,,,,2.31294556000042,1.0,0.0
,0.0,0.0,jpeg:50,45.00001706233342,0.9928784685231169,,0.0,"{""S4_HEADER_FAILURE"":1}",C0,1,0,coco-000000119445-000000358195,0.0,151654400.0,0.47042183846015473,,,,,2.62642065,1.0,0.0
,0.0,0.0,jpeg:70,45.00001706233342,0.9928784685231169,,0.0,"{""S4_HEADER_FAILURE"":1}",C0,1,0,coco-000000119445-000000358195,0.0,153489408.0,0.4471307789170714,,,,,2.193608543000664,1.0,0.0
,0.0,0.0,jpeg:90,45.00001706233342,0.9928784685231169,,0.0,"{""S4_HEADER_FAILURE"":1}",C0,1,0,coco-000000119445-000000358195,0.0,151871488.0,0.34351951789890267,,,,,2.14477857699967,1.0,0.0
,0.0,0.0,salt_pepper:0.01,45.00001706233342,0.9928784685231169,,0.0,"{""S4_HEADER_FAILURE"":3}",C0,3,0,coco-000000119445-000000358195,0.0,152862720.0,0.16139143730886849,,,,,2.147693478333167,1.0,0.0
,0.0,0.0,salt_pepper:0.03,45.00001706233342,0.9928784685231169,,0.0,"{""S4_HEADER_FAILURE"":3}",C0,3,0,coco-000000119445-000000358195,0.0,151793664.0,0.3170189482520837,,,,,2.1647643136669408,1.0,0.0
,0.0,0.0,salt_pepper:0.05,45.00001706233342,0.9928784685231169,,0.0,"{""S4_HEADER_FAILURE"":3}",C0,3,0,coco-000000119445-000000358195,0.0,152924160.0,0.39230227259099354,,,,,1.7617562696662692,1.0,0.0
0.0,1.0,1.0,clean,45.000000948646374,0.9929808996483971,0.0,1.0,"{""S0_COMPLETE"":1}",C1,1,0,coco-000000119445-000000358195,1.0,151871488.0,0.000737542723511423,1.0,1.0000000000000002,,1.0,2.1447004440015007,0.0,1.0
,0.0,0.0,gaussian:10,45.000000948646374,0.9929808996483972,,0.0,"{""S4_HEADER_FAILURE"":3}",C1,3,0,coco-000000119445-000000358195,0.0,152104960.0,0.3228083588175331,,,,,1.8367316456666838,1.0,0.0
,0.0,0.0,gaussian:15,45.000000948646374,0.9929808996483972,,0.0,"{""S4_HEADER_FAILURE"":3}",C1,3,0,coco-000000119445-000000358195,0.0,153198592.0,0.35357828146549136,,,,,1.919137206000111,1.0,0.0
,0.0,0.0,gaussian:5,45.000000948646374,0.9929808996483972,,0.0,"{""S4_HEADER_FAILURE"":3}",C1,3,0,coco-000000119445-000000358195,0.0,152189610.66666666,0.2601457096600108,,,,,1.6418050166673008,1.0,0.0
,0.0,0.0,jpeg:50,45.000000948646374,0.9929808996483971,,0.0,"{""S4_HEADER_FAILURE"":1}",C1,1,0,coco-000000119445-000000358195,0.0,154509312.0,0.4676425616118007,,,,,1.6716231370010064,1.0,0.0
,0.0,0.0,jpeg:70,45.000000948646374,0.9929808996483971,,0.0,"{""S4_HEADER_FAILURE"":1}",C1,1,0,coco-000000119445-000000358195,0.0,153489408.0,0.4435959704982911,,,,,1.714993109999341,1.0,0.0
,0.0,0.0,jpeg:90,45.000000948646374,0.9929808996483971,,0.0,"{""S4_HEADER_FAILURE"":1}",C1,1,0,coco-000000119445-000000358195,0.0,152178688.0,0.3364678899082569,,,,,1.7322051350001857,1.0,0.0
,0.0,0.0,salt_pepper:0.01,45.000000948646374,0.9929808996483972,,0.0,"{""S4_HEADER_FAILURE"":3}",C1,3,0,coco-000000119445-000000358195,0.0,152081749.33333334,0.16075583138454158,,,,,2.0593428269991514,1.0,0.0
,0.0,0.0,salt_pepper:0.03,45.000000948646374,0.9929808996483972,,0.0,"{""S4_HEADER_FAILURE"":3}",C1,3,0,coco-000000119445-000000358195,0.0,152517290.66666666,0.31931852251604004,,,,,1.7417750610002258,1.0,0.0
,0.0,0.0,salt_pepper:0.05,45.000000948646374,0.9929808996483972,,0.0,"{""S4_HEADER_FAILURE"":3}",C1,3,0,coco-000000119445-000000358195,0.0,153169920.0,0.3926140792708521,,,,,1.869290583666346,1.0,0.0
0.0,1.0,1.0,clean,45.00001706233342,0.9928858488448884,0.0,1.0,"{""S0_COMPLETE"":1}",C2,1,0,coco-000000119445-000000358195,1.0,151871488.0,0.0008859507105594531,1.0,1.0000000000000002,,1.0,2.2723406500008423,0.0,1.0
,0.0,0.0,gaussian:10,45.00001706233342,0.9928858488448884,,0.0,"{""S4_HEADER_FAILURE"":3}",C2,3,0,coco-000000119445-000000358195,0.0,152410794.66666666,0.3225085447022846,,,,,1.6901784443337722,1.0,0.0
,0.0,0.0,gaussian:15,45.00001706233342,0.9928858488448884,,0.0,"{""S4_HEADER_FAILURE"":3}",C2,3,0,coco-000000119445-000000358195,0.0,153208149.33333334,0.35270282424896565,,,,,1.6024266163337113,1.0,0.0
,0.0,0.0,gaussian:5,45.00001706233342,0.9928858488448884,,0.0,"{""S4_HEADER_FAILURE"":3}",C2,3,0,coco-000000119445-000000358195,0.0,152427178.66666666,0.25856718834322723,,,,,1.7826216636664565,1.0,0.0
,0.0,0.0,jpeg:50,45.00001706233342,0.9928858488448884,,0.0,"{""S4_HEADER_FAILURE"":1}",C2,1,0,coco-000000119445-000000358195,0.0,151678976.0,0.469787731606404,,,,,1.6826920849998714,1.0,0.0
,0.0,0.0,jpeg:70,45.00001706233342,0.9928858488448884,,0.0,"{""S4_HEADER_FAILURE"":1}",C2,1,0,coco-000000119445-000000358195,0.0,152481792.0,0.4480032379924447,,,,,2.0509423350013094,1.0,0.0
,0.0,0.0,jpeg:90,45.00001706233342,0.9928858488448884,,0.0,"{""S4_HEADER_FAILURE"":1}",C2,1,0,coco-000000119445-000000358195,0.0,154591232.0,0.34337110991185466,,,,,1.784639633999177,1.0,0.0
,0.0,0.0,salt_pepper:0.01,45.00001706233342,0.9928858488448884,,0.0,"{""S4_HEADER_FAILURE"":3}",C2,3,0,coco-000000119445-000000358195,0.0,151815509.33333334,0.16174221982370932,,,,,1.7716911906669945,1.0,0.0
,0.0,0.0,salt_pepper:0.03,45.00001706233342,0.9928858488448884,,0.0,"{""S4_HEADER_FAILURE"":3}",C2,3,0,coco-000000119445-000000358195,0.0,152995157.33333334,0.317731006775799,,,,,1.8433779196663334,1.0,0.0
,0.0,0.0,salt_pepper:0.05,45.00001706233342,0.9928858488448884,,0.0,"{""S4_HEADER_FAILURE"":3}",C2,3,0,coco-000000119445-000000358195,0.0,153317376.0,0.39131438508124966,,,,,1.8626844606672723,1.0,0.0
0.0,1.0,1.0,clean,45.000025119199364,0.9929715558753974,0.0,1.0,"{""S0_COMPLETE"":1}",C3,1,0,coco-000000119445-000000358195,1.0,151871488.0,0.0007645259938837921,1.0,1.0000000000000002,,1.0,4.396974241999487,0.0,1.0
,0.0,0.0,gaussian:10,45.000025119199364,0.9929715558753974,,0.0,"{""S4_HEADER_FAILURE"":3}",C3,3,0,coco-000000119445-000000358195,0.0,152861354.66666666,0.32292828446363253,,,,,2.742807194666966,1.0,0.0
,0.0,0.0,gaussian:15,45.000025119199364,0.9929715558753974,,0.0,"{""S4_HEADER_FAILURE"":3}",C3,3,0,coco-000000119445-000000358195,0.0,152809472.0,0.3526848354020507,,,,,2.3092617003330815,1.0,0.0
,0.0,0.0,gaussian:5,45.000025119199364,0.9929715558753974,,0.0,"{""S4_HEADER_FAILURE"":3}",C3,3,0,coco-000000119445-000000358195,0.0,152926890.66666666,0.25936619296036456,,,,,2.174075677666527,1.0,0.0
,0.0,0.0,jpeg:50,45.000025119199364,0.9929715558753974,,0.0,"{""S4_HEADER_FAILURE"":1}",C3,1,0,coco-000000119445-000000358195,0.0,152481792.0,0.46779996402230617,,,,,2.4172756529987964,1.0,0.0
,0.0,0.0,jpeg:70,45.000025119199364,0.9929715558753974,,0.0,"{""S4_HEADER_FAILURE"":1}",C3,1,0,coco-000000119445-000000358195,0.0,151953408.0,0.44541734124842597,,,,,1.8231497819997458,1.0,0.0
,0.0,0.0,jpeg:90,45.000025119199364,0.9929715558753974,,0.0,"{""S4_HEADER_FAILURE"":1}",C3,1,0,coco-000000119445-000000358195,0.0,151875584.0,0.336332973556395,,,,,3.1840885809997417,1.0,0.0
,0.0,0.0,salt_pepper:0.01,45.000025119199364,0.9929715558753974,,0.0,"{""S4_HEADER_FAILURE"":3}",C3,3,0,coco-000000119445-000000358195,0.0,152566442.66666666,0.1607348443964742,,,,,2.4798574956663892,1.0,0.0
,0.0,0.0,salt_pepper:0.03,45.000025119199364,0.9929715558753974,,0.0,"{""S4_HEADER_FAILURE"":3}",C3,3,0,coco-000000119445-000000358195,0.0,152679765.33333334,0.3196782994543383,,,,,2.600975164999909,1.0,0.0
,0.0,0.0,salt_pepper:0.05,45.000025119199364,0.9929715558753974,,0.0,"{""S4_HEADER_FAILURE"":3}",C3,3,0,coco-000000119445-000000358195,0.0,152521386.66666666,0.39305780416141994,,,,,3.230292484332798,1.0,0.0
0.0,1.0,1.0,clean,45.000000948646374,0.992976531521506,0.0,1.0,"{""S0_COMPLETE"":1}",C3_NP,1,0,coco-000000119445-000000358195,1.0,152481792.0,0.0008274869580859867,1.0,1.0000000000000002,,1.0,2.4224318980013777,0.0,1.0
,0.0,0.0,gaussian:10,45.000000948646374,0.992976531521506,,0.0,"{""S4_HEADER_FAILURE"":3}",C3_NP,3,0,coco-000000119445-000000358195,0.0,153180842.66666666,0.322887809558074,,,,,1.6232893576658778,1.0,0.0
,0.0,0.0,gaussian:15,45.000000948646374,0.992976531521506,,0.0,"{""S4_HEADER_FAILURE"":3}",C3_NP,3,0,coco-000000119445-000000358195,0.0,152103594.66666666,0.35230407147568504,,,,,1.7823736290004792,1.0,0.0
,0.0,0.0,gaussian:5,45.000000948646374,0.992976531521506,,0.0,"{""S4_HEADER_FAILURE"":3}",C3_NP,3,0,coco-000000119445-000000358195,0.0,152435370.66666666,0.25916831564430054,,,,,1.7266498676666135,1.0,0.0
,0.0,0.0,jpeg:50,45.000000948646374,0.992976531521506,,0.0,"{""S4_HEADER_FAILURE"":1}",C3_NP,1,0,coco-000000119445-000000358195,0.0,152596480.0,0.46775049469329016,,,,,1.9042497940008616,1.0,0.0
,0.0,0.0,jpeg:70,45.000000948646374,0.992976531521506,,0.0,"{""S4_HEADER_FAILURE"":1}",C3_NP,1,0,coco-000000119445-000000358195,0.0,151207936.0,0.44503058103975535,,,,,1.6445733069995185,1.0,0.0
,0.0,0.0,jpeg:90,45.000000948646374,0.992976531521506,,0.0,"{""S4_HEADER_FAILURE"":1}",C3_NP,1,0,coco-000000119445-000000358195,0.0,151678976.0,0.3366162978953049,,,,,1.7449570249991666,1.0,0.0
,0.0,0.0,salt_pepper:0.01,45.000000948646374,0.992976531521506,,0.0,"{""S4_HEADER_FAILURE"":3}",C3_NP,3,0,coco-000000119445-000000358195,0.0,153142613.33333334,0.1610091743119266,,,,,2.6901944690004407,1.0,0.0
,0.0,0.0,salt_pepper:0.03,45.000000948646374,0.992976531521506,,0.0,"{""S4_HEADER_FAILURE"":3}",C3_NP,3,0,coco-000000119445-000000358195,0.0,152659285.33333334,0.31893925766025066,,,,,2.6570002490000966,1.0,0.0
,0.0,0.0,salt_pepper:0.05,45.000000948646374,0.992976531521506,,0.0,"{""S4_HEADER_FAILURE"":3}",C3_NP,3,0,coco-000000119445-000000358195,0.0,152588288.0,0.3925990885650896,,,,,2.6477917050002966,1.0,0.0
,,1.0,clean,45.9190973150141,0.9831883755691126,,,"{""S0_COMPLETE"":1}",B1,1,0,coco-000000120584-000000194746,1.0,156286976.0,0.0,1.0,1.0,,1.0,0.002334913999220589,0.0,
,,0.0,gaussian:10,45.919097315014106,0.9831883755691125,,,"{""S2_HEADER_VALID_PARTIAL"":3}",B1,3,0,coco-000000120584-000000194746,0.5065104166666666,155541504.0,0.4934895833333333,0.5065104166666666,0.7430384971013689,7.757553561926199,0.007839540162567514,0.011229168332647532,0.0,
,,0.0,gaussian:15,45.919097315014106,0.9831883755691125,,,"{""S2_HEADER_VALID_PARTIAL"":3}",B1,3,0,coco-000000120584-000000194746,0.5017623901367188,155310762.66666666,0.49823760986328125,0.5017623901367188,0.742677546508327,7.6316537571755605,0.006679720010922941,0.010109730999223151,0.0,
,,0.0,gaussian:5,45.919097315014106,0.9831883755691125,,,"{""S2_HEADER_VALID_PARTIAL"":3}",B1,3,0,coco-000000120584-000000194746,0.5298182169596354,155152384.0,0.47018178304036456,0.5298182169596354,0.7460771999376788,7.985017025994568,0.016155747034355215,0.009023352666796805,0.0,
,,0.0,jpeg:50,45.9190973150141,0.9831883755691126,,,"{""S2_HEADER_VALID_PARTIAL"":1}",B1,1,0,coco-000000120584-000000194746,0.5115890502929688,156286976.0,0.48841094970703125,0.5115890502929688,0.7414351916787193,8.65870991180678,0.006057290241286647,0.0049298489993816474,0.0,
,,0.0,jpeg:70,45.9190973150141,0.9831883755691126,,,"{""S2_HEADER_VALID_PARTIAL"":1}",B1,1,0,coco-000000120584-000000194746,0.5170211791992188,155176960.0,0.48297882080078125,0.5170211791992188,0.7467207227086369,8.135247167804318,0.014205587651849236,0.006005478999213665,0.0,
,,0.0,jpeg:90,45.9190973150141,0.9831883755691126,,,"{""S2_HEADER_VALID_PARTIAL"":1}",B1,1,0,coco-000000120584-000000194746,0.5379180908203125,155840512.0,0.4620819091796875,0.5379180908203125,0.7434820710741216,8.356574767881785,0.020772764009128843,0.006168771000375273,0.0,
,,0.0,salt_pepper:0.01,45.919097315014106,0.9831883755691125,,,"{""S2_HEADER_VALID_PARTIAL"":3}",B1,3,0,coco-000000120584-000000194746,0.9948908487955729,156226901.33333334,0.005109151204427083,0.9948908487955729,0.9840654260973484,25.90695376714359,0.8151350008298993,0.006545821000448389,0.0,
,,0.0,salt_pepper:0.03,45.919097315014106,0.9831883755691125,,,"{""S2_HEADER_VALID_PARTIAL"":3}",B1,3,0,coco-000000120584-000000194746,0.9849370320638021,156326570.66666666,0.015062967936197916,0.9849370320638021,0.957179583603397,21.37059822965192,0.5852808486357199,0.006207057665960747,0.0,
,,0.0,salt_pepper:0.05,45.919097315014106,0.9831883755691125,,,"{""S2_HEADER_VALID_PARTIAL"":3}",B1,3,0,coco-000000120584-000000194746,0.9758071899414062,155310762.66666666,0.02419281005859375,0.9758071899414062,0.9348284095936061,19.28750664257414,0.4632996925231761,0.008093290000033448,0.0,
,,1.0,clean,44.8105172345095,0.9810898374293753,,,"{""S0_COMPLETE"":1}",B2,1,0,coco-000000120584-000000194746,1.0,156786688.0,0.0,1.0,1.0,,1.0,0.010959668999930727,0.0,
,,0.0,gaussian:10,44.8105172345095,0.9810898374293752,,,"{""S2_HEADER_VALID_PARTIAL"":3}",B2,3,0,coco-000000120584-000000194746,0.5102895100911459,155310762.66666666,0.4897104899088542,0.5102895100911459,0.744503188816215,7.73026768099901,0.008648425149444862,0.01848094533306721,0.0,
,,0.0,gaussian:15,44.8105172345095,0.9810898374293752,,,"{""S2_HEADER_VALID_PARTIAL"":3}",B2,3,0,coco-000000120584-000000194746,0.5016708374023438,155708074.66666666,0.49832916259765625,0.5016708374023438,0.744263844731693,7.6369518783466885,0.00926820359756508,0.012962441999964843,0.0,
,,0.0,gaussian:5,44.8105172345095,0.9810898374293752,,,"{""S2_HEADER_VALID_PARTIAL"":3}",B2,3,0,coco-000000120584-000000194746,0.5802510579427084,155409066.66666666,0.4197489420572917,0.5802510579427084,0.748599878505167,8.422512399319464,0.023963340769778494,0.019619440667156596,0.0,
,,0.0,jpeg:50,44.8105172345095,0.9810898374293753,,,"{""S2_HEADER_VALID_PARTIAL"":1}",B2,1,0,coco-000000120584-000000194746,0.5414047241210938,156286976.0,0.45859527587890625,0.5414047241210938,0.41508325128991064,10.641740237006216,0.016894607104620353,0.013301582999702077,0.0,
,,0.0,jpeg:70,44.8105172345095,0.9810898374293753,,,"{""S2_HEADER_VALID_PARTIAL"":1}",B2,1,0,coco-000000120584-000000194746,0.5248184204101562,156495872.0,0.47518157958984375,0.5248184204101562,0.45921656811213346,10.217064538494679,0.002925568551864943,0.01216653099982068,0.0,
,,0.0,jpeg:90,44.8105172345095,0.9810898374293753,,,"{""S2_HEADER_VALID_PARTIAL"":1}",B2,1,0,coco-000000120584-000000194746,0.6785202026367188,155897856.0,0.32147979736328125,0.6785202026367188,0.8524514394726567,15.181138399664821,0.3149590941768778,0.012841413001297042,0.0,
,,0.0,salt_pepper:0.01,44.8105172345095,0.9810898374293752,,,"{""S2_HEADER_VALID_PARTIAL"":3}",B2,3,0,coco-000000120584-000000194746,0.7621994018554688,156845397.33333334,0.23780059814453125,0.7621994018554688,0.785140603720501,10.957090068167767,0.07930344957587847,0.012248827665947223,0.0,
,,0.0,salt_pepper:0.03,44.8105172345095,0.9810898374293752,,,"{""S2_HEADER_VALID_PARTIAL"":3}",B2,3,0,coco-000000120584-000000194746,0.5707804361979166,154929834.66666666,0.4292195638020833,0.5707804361979166,0.7450242050175823,8.27449932653593,0.01836764753996578,0.014032128666561524,0.0,
,,0.0,salt_pepper:0.05,44.8105172345095,0.9810898374293752,,,"{""S2_HEADER_VALID_PARTIAL"":3}",B2,3,0,coco-000000120584-000000194746,0.5202713012695312,155467776.0,0.47972869873046875,0.5202713012695312,0.744285403220939,7.82227830967894,0.012589161793543241,0.012340461667311805,0.0,
0.0,1.0,1.0,clean,45.000000948646374,0.9814471627852246,0.0,1.0,"{""S0_COMPLETE"":1}",C0,1,0,coco-000000120584-000000194746,1.0,156786688.0,0.0,1.0,1.0,,1.0,2.2433810329985135,0.0,1.0
,0.0,0.0,gaussian:10,45.000000948646374,0.9814471627852246,,0.0,"{""S4_HEADER_FAILURE"":3}",C0,3,0,coco-000000120584-000000194746,0.0,156397568.0,0.3218144750254842,,,,,1.9976270170003165,1.0,0.0
,0.0,0.0,gaussian:15,45.000000948646374,0.9814471627852246,,0.0,"{""S4_HEADER_FAILURE"":3}",C0,3,0,coco-000000120584-000000194746,0.0,156423509.33333334,0.35252893206212144,,,,,1.958900023000145,1.0,0.0
,0.0,0.0,gaussian:5,45.000000948646374,0.9814471627852246,,0.0,"{""S4_HEADER_FAILURE"":3}",C0,3,0,coco-000000120584-000000194746,0.0,155895125.33333334,0.2574488816933502,,,,,1.8778485660004662,1.0,0.0
,0.0,0.0,jpeg:50,45.000000948646374,0.9814471627852246,,0.0,"{""S4_HEADER_FAILURE"":1}",C0,1,0,coco-000000120584-000000194746,0.0,157339648.0,0.4762142471667566,,,,,1.8784006710011454,1.0,0.0
,0.0,0.0,jpeg:70,45.000000948646374,0.9814471627852246,,0.0,"{""S4_HEADER_FAILURE"":1}",C0,1,0,coco-000000120584-000000194746,0.0,155615232.0,0.4517629069976615,,,,,2.0819510229994194,1.0,0.0
,0.0,0.0,jpeg:90,45.000000948646374,0.9814471627852246,,0.0,"{""S4_HEADER_FAILURE"":1}",C0,1,0,coco-000000120584-000000194746,0.0,154931200.0,0.35107483360316605,,,,,1.8206284989992128,1.0,0.0
,0.0,0.0,salt_pepper:0.01,45.000000948646374,0.9814471627852246,,0.0,"{""S4_HEADER_FAILURE"":3}",C0,3,0,coco-000000120584-000000194746,0.0,156736170.66666666,0.16387689632427893,,,,,1.8728578136669967,1.0,0.0
,0.0,0.0,salt_pepper:0.03,45.000000948646374,0.9814471627852246,,0.0,"{""S4_HEADER_FAILURE"":3}",C0,3,0,coco-000000120584-000000194746,0.0,156995584.0,0.3262697127780776,,,,,1.8476743993336033,1.0,0.0
,0.0,0.0,salt_pepper:0.05,45.000000948646374,0.9814471627852246,,0.0,"{""S4_HEADER_FAILURE"":3}",C0,3,0,coco-000000120584-000000194746,0.0,155870549.33333334,0.39597649457336453,,,,,2.0208726660002867,1.0,0.0
0.0,1.0,1.0,clean,45.000009005482426,0.9816142045759474,0.0,1.0,"{""S0_COMPLETE"":1}",C1,1,0,coco-000000120584-000000194746,1.0,157753344.0,3.148048210109732e-05,1.0,1.0,,1.0,3.4488094650005223,0.0,1.0
,0.0,0.0,gaussian:10,45.00000900548243,0.9816142045759474,,0.0,"{""S4_HEADER_FAILURE"":3}",C1,3,0,coco-000000120584-000000194746,0.0,157361493.33333334,0.3229147928284464,,,,,2.6652059173344846,1.0,0.0
,0.0,0.0,gaussian:15,45.00000900548243,0.9816142045759474,,0.0,"{""S4_HEADER_FAILURE"":3}",C1,3,0,coco-000000120584-000000194746,0.0,156848128.0,0.352723811237033,,,,,2.4729534936668642,1.0,0.0
,0.0,0.0,gaussian:5,45.00000900548243,0.9816142045759474,,0.0,"{""S4_HEADER_FAILURE"":3}",C1,3,0,coco-000000120584-000000194746,0.0,156284245.33333334,0.2582059123343527,,,,,2.27096448666695,1.0,0.0
,0.0,0.0,jpeg:50,45.000009005482426,0.9816142045759474,,0.0,"{""S4_HEADER_FAILURE"":1}",C1,1,0,coco-000000120584-000000194746,0.0,154914816.0,0.4755396654074474,,,,,2.3494125260003784,1.0,0.0
,0.0,0.0,jpeg:70,45.000009005482426,0.9816142045759474,,0.0,"{""S4_HEADER_FAILURE"":1}",C1,1,0,coco-000000120584-000000194746,0.0,154931200.0,0.44829555675481203,,,,,2.375367971999367,1.0,0.0
,0.0,0.0,jpeg:90,45.000009005482426,0.9816142045759474,,0.0,"{""S4_HEADER_FAILURE"":1}",C1,1,0,coco-000000120584-000000194746,0.0,155176960.0,0.34092462673142654,,,,,2.1576577039995755,1.0,0.0
,0.0,0.0,salt_pepper:0.01,45.00000900548243,0.9816142045759474,,0.0,"{""S4_HEADER_FAILURE"":3}",C1,3,0,coco-000000120584-000000194746,0.0,157499392.0,0.1628230497091803,,,,,2.4581070913330527,1.0,0.0
,0.0,0.0,salt_pepper:0.03,45.00000900548243,0.9816142045759474,,0.0,"{""S4_HEADER_FAILURE"":3}",C1,3,0,coco-000000120584-000000194746,0.0,156005717.33333334,0.3261887629669605,,,,,3.0972838366663686,1.0,0.0
,0.0,0.0,salt_pepper:0.05,45.00000900548243,0.9816142045759474,,0.0,"{""S4_HEADER_FAILURE"":3}",C1,3,0,coco-000000120584-000000194746,0.0,155036330.66666666,0.39824009114349107,,,,,2.5823422070000865,1.0,0.0
0.0,1.0,1.0,clean,45.000000948646374,0.9814381102504656,0.0,1.0,"{""S0_COMPLETE"":1}",C2,1,0,coco-000000120584-000000194746,1.0,154931200.0,0.0,1.0,1.0,,1.0,2.6436066860005667,0.0,1.0
,0.0,0.0,gaussian:10,45.000000948646374,0.9814381102504656,,0.0,"{""S4_HEADER_FAILURE"":3}",C2,3,0,coco-000000120584-000000194746,0.0,156917760.0,0.32243658931462493,,,,,2.8328420870002446,1.0,0.0
,0.0,0.0,gaussian:15,45.000000948646374,0.9814381102504656,,0.0,"{""S4_HEADER_FAILURE"":3}",C2,3,0,coco-000000120584-000000194746,0.0,157014698.66666666,0.3524614738861906,,,,,2.3118795073332876,1.0,0.0
,0.0,0.0,gaussian:5,45.000000948646374,0.9814381102504656,,0.0,"{""S4_HEADER_FAILURE"":3}",C2,3,0,coco-000000120584-000000194746,0.0,157780650.66666666,0.2579075972896804,,,,,2.8671978503328623,1.0,0.0
,0.0,0.0,jpeg:50,45.000000948646374,0.9814381102504656,,0.0,"{""S4_HEADER_FAILURE"":1}",C2,1,0,coco-000000120584-000000194746,0.0,155615232.0,0.4771361755711459,,,,,2.261577732999285,1.0,0.0
,0.0,0.0,jpeg:70,45.000000948646374,0.9814381102504656,,0.0,"{""S4_HEADER_FAILURE"":1}",C2,1,0,coco-000000120584-000000194746,0.0,154914816.0,0.4512817053426875,,,,,2.8238965290001943,1.0,0.0
,0.0,0.0,jpeg:90,45.000000948646374,0.9814381102504656,,0.0,"{""S4_HEADER_FAILURE"":1}",C2,1,0,coco-000000120584-000000194746,0.0,157339648.0,0.35082748695808597,,,,,2.3807037099995796,1.0,0.0
,0.0,0.0,salt_pepper:0.01,45.000000948646374,0.9814381102504656,,0.0,"{""S4_HEADER_FAILURE"":3}",C2,3,0,coco-000000120584-000000194746,0.0,156323840.0,0.16400281825268334,,,,,2.4908770080000977,1.0,0.0
,0.0,0.0,salt_pepper:0.03,45.000000948646374,0.9814381102504656,,0.0,"{""S4_HEADER_FAILURE"":3}",C2,3,0,coco-000000120584-000000194746,0.0,154860202.66666666,0.3266969478923068,,,,,2.156650510666926,1.0,0.0
,0.0,0.0,salt_pepper:0.05,45.000000948646374,0.9814381102504656,,0.0,"{""S4_HEADER_FAILURE"":3}",C2,3,0,coco-000000120584-000000194746,0.0,157446144.0,0.3966315884151826,,,,,2.518206864666354,1.0,0.0
0.0,1.0,1.0,clean,45.000000948646374,0.9816385860685571,0.0,1.0,"{""S0_COMPLETE"":1}",C3,1,0,coco-000000120584-000000194746,1.0,155176960.0,2.6983270372369132e-05,1.0,1.0,,1.0,2.943405714000619,0.0,1.0
,0.0,0.0,gaussian:10,45.000000948646374,0.9816385860685571,,0.0,"{""S4_HEADER_FAILURE"":3}",C3,3,0,coco-000000120584-000000194746,0.0,156696576.0,0.32193290160100735,,,,,2.0816882369999803,1.0,0.0
,0.0,0.0,gaussian:15,45.000000948646374,0.9816385860685571,,0.0,"{""S4_HEADER_FAILURE"":3}",C3,3,0,coco-000000120584-000000194746,0.0,155870549.33333334,0.35247496552137675,,,,,2.0407659386661785,1.0,0.0
,0.0,0.0,gaussian:5,45.000000948646374,0.9816385860685571,,0.0,"{""S4_HEADER_FAILURE"":3}",C3,3,0,coco-000000120584-000000194746,0.0,156510890.66666666,0.2583258379804521,,,,,2.149154100000184,1.0,0.0
,0.0,0.0,jpeg:50,45.000000948646374,0.9816385860685571,,0.0,"{""S4_HEADER_FAILURE"":1}",C3,1,0,coco-000000120584-000000194746,0.0,158416896.0,0.4744513401690952,,,,,1.9862972049995733,1.0,0.0
,0.0,0.0,jpeg:70,45.000000948646374,0.9816385860685571,,0.0,"{""S4_HEADER_FAILURE"":1}",C3,1,0,coco-000000120584-000000194746,0.0,154914816.0,0.44690591833063503,,,,,2.4663229359994148,1.0,0.0
,0.0,0.0,jpeg:90,45.000000948646374,0.9816385860685571,,0.0,"{""S4_HEADER_FAILURE"":1}",C3,1,0,coco-000000120584-000000194746,0.0,156487680.0,0.3425166396833963,,,,,1.7336204660005023,1.0,0.0
,0.0,0.0,salt_pepper:0.01,45.000000948646374,0.9816385860685571,,0.0,"{""S4_HEADER_FAILURE"":3}",C3,3,0,coco-000000120584-000000194746,0.0,156549120.0,0.16233285363074892,,,,,1.7987520723333243,1.0,0.0
,0.0,0.0,salt_pepper:0.03,45.000000948646374,0.9816385860685571,,0.0,"{""S4_HEADER_FAILURE"":3}",C3,3,0,coco-000000120584-000000194746,0.0,157010602.66666666,0.32623523415482397,,,,,1.7209756840008292,1.0,0.0
,0.0,0.0,salt_pepper:0.05,45.000000948646374,0.9816385860685571,,0.0,"{""S4_HEADER_FAILURE"":3}",C3,3,0,coco-000000120584-000000194746,0.0,157903530.66666666,0.39759698986628295,,,,,1.7358529763332626,1.0,0.0
0.0,1.0,1.0,clean,45.000000948646374,0.9816201076821774,0.0,1.0,"{""S0_COMPLETE"":1}",C3_NP,1,0,coco-000000120584-000000194746,1.0,155176960.0,1.7988846914912754e-05,1.0,1.0,,1.0,3.0096403990010003,0.0,1.0
,0.0,0.0,gaussian:10,45.000000948646374,0.9816201076821774,,0.0,"{""S4_HEADER_FAILURE"":3}",C3_NP,3,0,coco-000000120584-000000194746,0.0,156580522.66666666,0.32217425196378247,,,,,2.121695116333285,1.0,0.0
,0.0,0.0,gaussian:15,45.000000948646374,0.9816201076821774,,0.0,"{""S4_HEADER_FAILURE"":3}",C3_NP,3,0,coco-000000120584-000000194746,0.0,156793514.66666666,0.351858847514541,,,,,2.092545492000378,1.0,0.0
,0.0,0.0,gaussian:5,45.000000948646374,0.9816201076821774,,0.0,"{""S4_HEADER_FAILURE"":3}",C3_NP,3,0,coco-000000120584-000000194746,0.0,157481642.66666666,0.2592312766085027,,,,,1.9724202019994361,1.0,0.0
,0.0,0.0,jpeg:50,45.000000948646374,0.9816201076821774,,0.0,"{""S4_HEADER_FAILURE"":1}",C3_NP,1,0,coco-000000120584-000000194746,0.0,155951104.0,0.4753193020327397,,,,,1.9142977999999857,1.0,0.0
,0.0,0.0,jpeg:70,45.000000948646374,0.9816201076821774,,0.0,"{""S4_HEADER_FAILURE"":1}",C3_NP,1,0,coco-000000120584-000000194746,0.0,156487680.0,0.44776038855909334,,,,,2.2959476920004818,1.0,0.0
,0.0,0.0,jpeg:90,45.000000948646374,0.9816201076821774,,0.0,"{""S4_HEADER_FAILURE"":1}",C3_NP,1,0,coco-000000120584-000000194746,0.0,154914816.0,0.34143730886850154,,,,,2.6448274869999295,1.0,0.0
,0.0,0.0,salt_pepper:0.01,45.000000948646374,0.9816201076821774,,0.0,"{""S4_HEADER_FAILURE"":3}",C3_NP,3,0,coco-000000120584-000000194746,0.0,155480064.0,0.16257270492294776,,,,,1.5638441656665236,1.0,0.0
,0.0,0.0,salt_pepper:0.03,45.000000948646374,0.9816201076821774,,0.0,"{""S4_HEADER_FAILURE"":3}",C3_NP,3,0,coco-000000120584-000000194746,0.0,157123925.33333334,0.32699676200755534,,,,,1.6961036776671488,1.0,0.0
,0.0,0.0,salt_pepper:0.05,45.000000948646374,0.9816201076821774,,0.0,"{""S4_HEADER_FAILURE"":3}",C3_NP,3,0,coco-000000120584-000000194746,0.0,156530005.33333334,0.39808418780356175,,,,,1.871559712666567,1.0,0.0
,,1.0,clean,45.67430697879523,0.9833399844555346,,,"{""S0_COMPLETE"":1}",B1,1,0,coco-000000129054-000000226111,1.0,152621056.0,0.0,1.0,1.0000000000000002,,1.0,0.002988935999383102,0.0,
,,0.0,gaussian:10,45.67430697879522,0.9833399844555345,,,"{""S2_HEADER_VALID_PARTIAL"":3}",B1,3,0,coco-000000129054-000000226111,0.5063934326171875,153523541.33333334,0.4936065673828125,0.5063934326171875,0.7511471783926585,7.977800538227425,0.010476773616547273,0.010269052666141457,0.0,
,,0.0,gaussian:15,45.67430697879522,0.9833399844555345,,,"{""S2_HEADER_VALID_PARTIAL"":3}",B1,3,0,coco-000000129054-000000226111,0.5018870035807291,153684650.66666666,0.4981129964192708,0.5018870035807291,0.7508112614642197,7.968883453017092,0.008316026002430008,0.008835936666703978,0.0,
,,0.0,gaussian:5,45.67430697879522,0.9833399844555345,,,"{""S2_HEADER_VALID_PARTIAL"":3}",B1,3,0,coco-000000129054-000000226111,0.5288467407226562,153563136.0,0.47115325927734375,0.5288467407226562,0.7585421311422776,8.147024052890279,0.026034929180095673,0.05318800499965922,0.0,
,,0.0,jpeg:50,45.67430697879523,0.9833399844555346,,,"{""S2_HEADER_VALID_PARTIAL"":1}",B1,1,0,coco-000000129054-000000226111,0.5012588500976562,153477120.0,0.49874114990234375,0.5012588500976562,0.7446269099913989,7.910303973296521,0.013919456585037761,0.008300965000671567,0.0,
,,0.0,jpeg:70,45.67430697879523,0.9833399844555346,,,"{""S2_HEADER_VALID_PARTIAL"":1}",B1,1,0,coco-000000129054-000000226111,0.5054931640625,152621056.0,0.4945068359375,0.5054931640625,0.7509137976147668,7.973098685767482,0.014870845870746573,0.07700641799965524,0.0,
,,0.0,jpeg:90,45.67430697879523,0.9833399844555346,,,"{""S2_HEADER_VALID_PARTIAL"":1}",B1,1,0,coco-000000129054-000000226111,0.5249710083007812,154591232.0,0.47502899169921875,0.5249710083007812,0.7617430625224105,8.24204431694495,0.026647355784241288,0.02942053699916869,0.0,
,,0.0,salt_pepper:0.01,45.67430697879522,0.9833399844555345,,,"{""S2_HEADER_VALID_PARTIAL"":3}",B1,3,0,coco-000000129054-000000226111,0.9948628743489584,152936448.0,0.005137125651041667,0.9948628743489584,0.995995729103139,26.121351098234964,0.8894611655099803,0.005811200666964093,0.0,
,,0.0,salt_pepper:0.03,45.67430697879522,0.9833399844555345,,,"{""S2_HEADER_VALID_PARTIAL"":3}",B1,3,0,coco-000000129054-000000226111,0.9850107828776041,153116672.0,0.014989217122395834,0.9850107828776041,0.989149011055923,21.7859530926733,0.749811844691291,0.006870863000585814,0.0,
,,0.0,salt_pepper:0.05,45.67430697879522,0.9833399844555345,,,"{""S2_HEADER_VALID_PARTIAL"":3}",B1,3,0,coco-000000129054-000000226111,0.9757359822591146,153057962.66666666,0.024264017740885418,0.9757359822591146,0.9817206651029755,19.507512515750246,0.6597314022890154,0.006877859666928998,0.0,
,,1.0,clean,44.84404301203996,0.9852248834935269,,,"{""S0_COMPLETE"":1}",B2,1,0,coco-000000129054-000000226111,1.0,151633920.0,0.0,1.0,1.0000000000000002,,1.0,0.010200378999797977,0.0,
,,0.0,gaussian:10,44.84404301203997,0.9852248834935269,,,"{""S2_HEADER_VALID_PARTIAL"":3}",B2,3,0,coco-000000129054-000000226111,0.5097173055013021,152634709.33333334,0.49028269449869794,0.5097173055013021,0.7514113953135378,7.998169640719219,0.012683857896411936,0.015853057000034216,0.0,
,,0.0,gaussian:15,44.84404301203997,0.9852248834935269,,,"{""S2_HEADER_VALID_PARTIAL"":3}",B2,3,0,coco-000000129054-000000226111,0.5003865559895834,153407488.0,0.4996134440104167,0.5003865559895834,0.7496733107407222,7.960758166497087,0.007773436399646713,0.013891843667200495,0.0,
,,0.0,gaussian:5,44.84404301203997,0.9852248834935269,,,"{""S2_HEADER_VALID_PARTIAL"":3}",B2,3,0,coco-000000129054-000000226111,0.5792566935221354,153116672.0,0.42074330647786456,0.5792566935221354,0.7865487223527344,8.690379042922482,0.06392551402789644,0.014735081333128619,0.0,
,,0.0,jpeg:50,44.84404301203996,0.9852248834935269,,,"{""S2_HEADER_VALID_PARTIAL"":1}",B2,1,0,coco-000000129054-000000226111,0.4915313720703125,153698304.0,0.5084686279296875,0.4915313720703125,0.4886495218299097,6.303065220512126,0.013950667165734048,0.012636464000024716,0.0,
,,0.0,jpeg:70,44.84404301203996,0.9852248834935269,,,"{""S2_HEADER_VALID_PARTIAL"":1}",B2,1,0,coco-000000129054-000000226111,0.47100067138671875,153477120.0,0.5289993286132812,0.47100067138671875,0.538300285565412,6.559732119944219,-0.03421571582519172,0.010060029000669601,0.0,
,,0.0,jpeg:90,44.84404301203996,0.9852248834935269,,,"{""S2_HEADER_VALID_PARTIAL"":1}",B2,1,0,coco-000000129054-000000226111,0.6451492309570312,153841664.0,0.35485076904296875,0.6451492309570312,0.9194412043772606,13.123101989338053,0.4110088271627499,0.010929181000392418,0.0,
,,0.0,salt_pepper:0.01,44.84404301203997,0.9852248834935269,,,"{""S2_HEADER_VALID_PARTIAL"":3}",B2,3,0,coco-000000129054-000000226111,0.7493184407552084,153094826.66666666,0.2506815592447917,0.7493184407552084,0.8708362211393764,10.919289492846408,0.19527646764608594,0.009691588666707199,0.0,
,,0.0,salt_pepper:0.03,44.84404301203997,0.9852248834935269,,,"{""S2_HEADER_VALID_PARTIAL"":3}",B2,3,0,coco-000000129054-000000226111,0.5623346964518229,153944064.0,0.43766530354817706,0.5623346964518229,0.7759931364392664,8.455973905762079,0.04786146526312499,0.010340989666777508,0.0,
,,0.0,salt_pepper:0.05,44.84404301203997,0.9852248834935269,,,"{""S2_HEADER_VALID_PARTIAL"":3}",B2,3,0,coco-000000129054-000000226111,0.5137583414713541,152384853.33333334,0.4862416585286458,0.5137583414713541,0.7573286456560585,8.100446798713618,0.018757184113124496,0.0126991180004552,0.0,
0.0,1.0,1.0,clean,45.00003317608025,0.9851713013915429,0.0,1.0,"{""S0_COMPLETE"":1}",C0,1,0,coco-000000129054-000000226111,1.0,154398720.0,3.597769382982551e-05,1.0,1.0000000000000002,,1.0,2.011830456000098,0.0,1.0
,0.0,0.0,gaussian:10,45.00003317608025,0.9851713013915427,,0.0,"{""S4_HEADER_FAILURE"":3}",C0,3,0,coco-000000129054-000000226111,0.0,152035328.0,0.32137374827606885,,,,,1.822371169999921,1.0,0.0
,0.0,0.0,gaussian:15,45.00003317608025,0.9851713013915427,,0.0,"{""S4_HEADER_FAILURE"":3}",C0,3,0,coco-000000129054-000000226111,0.0,153359701.33333334,0.35206571925406244,,,,,2.0542806049998035,1.0,0.0
,0.0,0.0,gaussian:5,45.00003317608025,0.9851713013915427,,0.0,"{""S4_HEADER_FAILURE"":3}",C0,3,0,coco-000000129054-000000226111,0.0,153063424.0,0.25741290399952027,,,,,1.7530772296668147,1.0,0.0
,0.0,0.0,jpeg:50,45.00003317608025,0.9851713013915429,,0.0,"{""S4_HEADER_FAILURE"":1}",C0,1,0,coco-000000129054-000000226111,0.0,154238976.0,0.47007555315704264,,,,,1.4764797989992076,1.0,0.0
,0.0,0.0,jpeg:70,45.00003317608025,0.9851713013915429,,0.0,"{""S4_HEADER_FAILURE"":1}",C0,1,0,coco-000000129054-000000226111,0.0,152903680.0,0.4478098578881094,,,,,1.5946195350006747,1.0,0.0
,0.0,0.0,jpeg:90,45.00003317608025,0.9851713013915429,,0.0,"{""S4_HEADER_FAILURE"":1}",C0,1,0,coco-000000129054-000000226111,0.0,153698304.0,0.35227558913473644,,,,,1.505135744000654,1.0,0.0
,0.0,0.0,salt_pepper:0.01,45.00003317608025,0.9851713013915427,,0.0,"{""S4_HEADER_FAILURE"":3}",C0,3,0,coco-000000129054-000000226111,0.0,151950677.33333334,0.17622324159021407,,,,,1.9539563313331503,1.0,0.0
,0.0,0.0,salt_pepper:0.03,45.00003317608025,0.9851713013915427,,0.0,"{""S4_HEADER_FAILURE"":3}",C0,3,0,coco-000000129054-000000226111,0.0,153382912.0,0.3338100377765785,,,,,2.0638823219996993,1.0,0.0
,0.0,0.0,salt_pepper:0.05,45.00003317608025,0.9851713013915427,,0.0,"{""S4_HEADER_FAILURE"":3}",C0,3,0,coco-000000129054-000000226111,0.0,153370624.0,0.4046711039155723,,,,,1.7526352943332313,1.0,0.0
0.0,1.0,1.0,clean,45.00001706233342,0.9852421969050554,0.0,1.0,"{""S0_COMPLETE"":1}",C1,1,0,coco-000000129054-000000226111,1.0,153698304.0,8.994423457456377e-06,1.0,1.0000000000000002,,1.0,2.418155145000128,0.0,1.0
,0.0,0.0,gaussian:10,45.00001706233342,0.9852421969050554,,0.0,"{""S4_HEADER_FAILURE"":3}",C1,3,0,coco-000000129054-000000226111,0.0,152776704.0,0.32218474545781617,,,,,1.7068470549996466,1.0,0.0
,0.0,0.0,gaussian:15,45.00001706233342,0.9852421969050554,,0.0,"{""S4_HEADER_FAILURE"":3}",C1,3,0,coco-000000129054-000000226111,0.0,152201898.66666666,0.35247346645080047,,,,,1.8346720933338172,1.0,0.0
,0.0,0.0,gaussian:5,45.00001706233342,0.9852421969050554,,0.0,"{""S4_HEADER_FAILURE"":3}",C1,3,0,coco-000000129054-000000226111,0.0,152449024.0,0.25753133057504346,,,,,1.8401109700001446,1.0,0.0
,0.0,0.0,jpeg:50,45.00001706233342,0.9852421969050554,,0.0,"{""S4_HEADER_FAILURE"":1}",C1,1,0,coco-000000129054-000000226111,0.0,153477120.0,0.46740420939017807,,,,,1.6262484039998526,1.0,0.0
,0.0,0.0,jpeg:70,45.00001706233342,0.9852421969050554,,0.0,"{""S4_HEADER_FAILURE"":1}",C1,1,0,coco-000000129054-000000226111,0.0,152621056.0,0.44429753552797263,,,,,2.184920616000454,1.0,0.0
,0.0,0.0,jpeg:90,45.00001706233342,0.9852421969050554,,0.0,"{""S4_HEADER_FAILURE"":1}",C1,1,0,coco-000000129054-000000226111,0.0,154398720.0,0.34438747976254724,,,,,1.686202189001051,1.0,0.0
,0.0,0.0,salt_pepper:0.01,45.00001706233342,0.9852421969050554,,0.0,"{""S4_HEADER_FAILURE"":3}",C1,3,0,coco-000000129054-000000226111,0.0,152840874.66666666,0.17364933741080532,,,,,1.5170872523334158,1.0,0.0
,0.0,0.0,salt_pepper:0.03,45.00001706233342,0.9852421969050554,,0.0,"{""S4_HEADER_FAILURE"":3}",C1,3,0,coco-000000129054-000000226111,0.0,153488042.66666666,0.3342522635965701,,,,,1.9726285973338236,1.0,0.0
,0.0,0.0,salt_pepper:0.05,45.00001706233342,0.9852421969050554,,0.0,"{""S4_HEADER_FAILURE"":3}",C1,3,0,coco-000000129054-000000226111,0.0,154038272.0,0.4065329495712658,,,,,1.7943241743341787,1.0,0.0
0.0,1.0,1.0,clean,45.00001706233342,0.9851860206428202,0.0,1.0,"{""S0_COMPLETE"":1}",C2,1,0,coco-000000129054-000000226111,1.0,151871488.0,8.994423457456377e-06,1.0,1.0000000000000002,,1.0,2.2939920029984933,0.0,1.0
,0.0,0.0,gaussian:10,45.00001706233342,0.9851860206428201,,0.0,"{""S4_HEADER_FAILURE"":3}",C2,3,0,coco-000000129054-000000226111,0.0,151618901.33333334,0.32212927984649514,,,,,2.4221399136671002,1.0,0.0
,0.0,0.0,gaussian:15,45.00001706233342,0.9851860206428201,,0.0,"{""S4_HEADER_FAILURE"":3}",C2,3,0,coco-000000129054-000000226111,0.0,152840874.66666666,0.3517853930563051,,,,,2.181877547332988,1.0,0.0
,0.0,0.0,gaussian:5,45.00001706233342,0.9851860206428201,,0.0,"{""S4_HEADER_FAILURE"":3}",C2,3,0,coco-000000129054-000000226111,0.0,152664746.66666666,0.2568132757690232,,,,,1.9542855346668755,1.0,0.0
,0.0,0.0,jpeg:50,45.00001706233342,0.9851860206428202,,0.0,"{""S4_HEADER_FAILURE"":1}",C2,1,0,coco-000000129054-000000226111,0.0,152621056.0,0.4694954128440367,,,,,2.0255683369996405,1.0,0.0
,0.0,0.0,jpeg:70,45.00001706233342,0.9851860206428202,,0.0,"{""S4_HEADER_FAILURE"":1}",C2,1,0,coco-000000129054-000000226111,0.0,153841664.0,0.4470318402590394,,,,,1.9758842820010614,1.0,0.0
,0.0,0.0,jpeg:90,45.00001706233342,0.9851860206428202,,0.0,"{""S4_HEADER_FAILURE"":1}",C2,1,0,coco-000000129054-000000226111,0.0,153698304.0,0.3508724590753733,,,,,1.8489133889997902,1.0,0.0
,0.0,0.0,salt_pepper:0.01,45.00001706233342,0.9851860206428201,,0.0,"{""S4_HEADER_FAILURE"":3}",C2,3,0,coco-000000129054-000000226111,0.0,153642325.33333334,0.17605984289740362,,,,,3.093569213666948,1.0,0.0
,0.0,0.0,salt_pepper:0.03,45.00001706233342,0.9851860206428201,,0.0,"{""S4_HEADER_FAILURE"":3}",C2,3,0,coco-000000129054-000000226111,0.0,153593173.33333334,0.3335012292378725,,,,,2.919462985000185,1.0,0.0
,0.0,0.0,salt_pepper:0.05,45.00001706233342,0.9851860206428201,,0.0,"{""S4_HEADER_FAILURE"":3}",C2,3,0,coco-000000129054-000000226111,0.0,153387008.0,0.40476854350302816,,,,,2.7527120190000764,1.0,0.0
0.0,1.0,1.0,clean,45.000000948646374,0.985261319424578,0.0,1.0,"{""S0_COMPLETE"":1}",C3,1,0,coco-000000129054-000000226111,1.0,151207936.0,1.3491635186184566e-05,1.0,1.0000000000000002,,1.0,2.0457264899996517,0.0,1.0
,0.0,0.0,gaussian:10,45.000000948646374,0.985261319424578,,0.0,"{""S4_HEADER_FAILURE"":3}",C3,3,0,coco-000000129054-000000226111,0.0,153503061.33333334,0.3217470168495533,,,,,1.855017993000729,1.0,0.0
,0.0,0.0,gaussian:15,45.000000948646374,0.985261319424578,,0.0,"{""S4_HEADER_FAILURE"":3}",C3,3,0,coco-000000129054-000000226111,0.0,152449024.0,0.3519353001139294,,,,,2.020235824999569,1.0,0.0
,0.0,0.0,gaussian:5,45.000000948646374,0.985261319424578,,0.0,"{""S4_HEADER_FAILURE"":3}",C3,3,0,coco-000000129054-000000226111,0.0,152734378.66666666,0.2579105954308329,,,,,2.3801190920003137,1.0,0.0
,0.0,0.0,jpeg:50,45.000000948646374,0.985261319424578,,0.0,"{""S4_HEADER_FAILURE"":1}",C3,1,0,coco-000000129054-000000226111,0.0,151953408.0,0.4658616657672243,,,,,2.025491221000266,1.0,0.0
,0.0,0.0,jpeg:70,45.000000948646374,0.985261319424578,,0.0,"{""S4_HEADER_FAILURE"":1}",C3,1,0,coco-000000129054-000000226111,0.0,153718784.0,0.44421658571685557,,,,,1.8841126190000068,1.0,0.0
,0.0,0.0,jpeg:90,45.000000948646374,0.985261319424578,,0.0,"{""S4_HEADER_FAILURE"":1}",C3,1,0,coco-000000129054-000000226111,0.0,152969216.0,0.3446258319841698,,,,,2.3061294380004256,1.0,0.0
,0.0,0.0,salt_pepper:0.01,45.000000948646374,0.985261319424578,,0.0,"{""S4_HEADER_FAILURE"":3}",C3,3,0,coco-000000129054-000000226111,0.0,152439466.66666666,0.17377825748036216,,,,,2.2407017533338753,1.0,0.0
,0.0,0.0,salt_pepper:0.03,45.000000948646374,0.985261319424578,,0.0,"{""S4_HEADER_FAILURE"":3}",C3,3,0,coco-000000129054-000000226111,0.0,153571328.0,0.334127840738742,,,,,1.977295707999777,1.0,0.0
,0.0,0.0,salt_pepper:0.05,45.000000948646374,0.985261319424578,,0.0,"{""S4_HEADER_FAILURE"":3}",C3,3,0,coco-000000129054-000000226111,0.0,152842240.0,0.4057159561072135,,,,,1.8618196603329125,1.0,0.0
0.0,1.0,1.0,clean,45.00001706233342,0.9852674494829641,0.0,1.0,"{""S0_COMPLETE"":1}",C3_NP,1,0,coco-000000129054-000000226111,1.0,153841664.0,0.0,1.0,1.0000000000000002,,1.0,2.2431158310009778,0.0,1.0
,0.0,0.0,gaussian:10,45.00001706233342,0.9852674494829641,,0.0,"{""S4_HEADER_FAILURE"":3}",C3_NP,3,0,coco-000000129054-000000226111,0.0,152047616.0,0.32204683096480186,,,,,2.5248641536666887,1.0,0.0
,0.0,0.0,gaussian:15,45.00001706233342,0.9852674494829641,,0.0,"{""S4_HEADER_FAILURE"":3}",C3_NP,3,0,coco-000000129054-000000226111,0.0,153041578.66666666,0.3520057564310128,,,,,2.350442931666597,1.0,0.0
,0.0,0.0,gaussian:5,45.00001706233342,0.9852674494829641,,0.0,"{""S4_HEADER_FAILURE"":3}",C3_NP,3,0,coco-000000129054-000000226111,0.0,153145344.0,0.2570831084727469,,,,,2.63737280233363,1.0,0.0
,0.0,0.0,jpeg:50,45.00001706233342,0.9852674494829641,,0.0,"{""S4_HEADER_FAILURE"":1}",C3_NP,1,0,coco-000000129054-000000226111,0.0,152596480.0,0.46805630509084367,,,,,2.3066979520008317,1.0,0.0
,0.0,0.0,jpeg:70,45.00001706233342,0.9852674494829641,,0.0,"{""S4_HEADER_FAILURE"":1}",C3_NP,1,0,coco-000000129054-000000226111,0.0,151633920.0,0.4420219463932362,,,,,3.0314752720005345,1.0,0.0
,0.0,0.0,jpeg:90,45.00001706233342,0.9852674494829641,,0.0,"{""S4_HEADER_FAILURE"":1}",C3_NP,1,0,coco-000000129054-000000226111,0.0,152621056.0,0.34470228458355817,,,,,2.595003366999663,1.0,0.0
,0.0,0.0,salt_pepper:0.01,45.00001706233342,0.9852674494829641,,0.0,"{""S4_HEADER_FAILURE"":3}",C3_NP,3,0,coco-000000129054-000000226111,0.0,153666901.33333334,0.17436739221682554,,,,,2.197391992666477,1.0,0.0
,0.0,0.0,salt_pepper:0.03,45.00001706233342,0.9852674494829641,,0.0,"{""S4_HEADER_FAILURE"":3}",C3_NP,3,0,coco-000000129054-000000226111,0.0,153567232.0,0.3338565089644421,,,,,2.4605687343325067,1.0,0.0
,0.0,0.0,salt_pepper:0.05,45.00001706233342,0.9852674494829641,,0.0,"{""S4_HEADER_FAILURE"":3}",C3_NP,3,0,coco-000000129054-000000226111,0.0,152898218.66666666,0.40634256760808296,,,,,2.574673209333317,1.0,0.0
,,1.0,clean,45.683661285521204,0.9870002185900117,,,"{""S0_COMPLETE"":1}",B1,1,0,coco-000000132622-000000134882,1.0,153698304.0,0.0,1.0,0.9999999999999999,,1.0,0.0024247950004792074,0.0,
,,0.0,gaussian:10,45.683661285521204,0.9870002185900116,,,"{""S2_HEADER_VALID_PARTIAL"":3}",B1,3,0,coco-000000132622-000000134882,0.5060602823893229,153414314.66666666,0.49393971761067706,0.5060602823893229,0.806015764998597,8.5042041103637,0.013847337068446016,0.012035709666330755,0.0,
,,0.0,gaussian:15,45.683661285521204,0.9870002185900116,,,"{""S2_HEADER_VALID_PARTIAL"":3}",B1,3,0,coco-000000132622-000000134882,0.5026041666666666,153462101.33333334,0.4973958333333333,0.5026041666666666,0.8028609990346279,8.440515559071427,0.009904621448801556,0.014540998667143867,0.0,
,,0.0,gaussian:5,45.683661285521204,0.9870002185900116,,,"{""S2_HEADER_VALID_PARTIAL"":3}",B1,3,0,coco-000000132622-000000134882,0.5309295654296875,153752917.33333334,0.4690704345703125,0.5309295654296875,0.8139733628058532,8.678130401274005,0.02045407164630225,0.04786948333336719,0.0,
,,0.0,jpeg:50,45.683661285521204,0.9870002185900117,,,"{""S2_HEADER_VALID_PARTIAL"":1}",B1,1,0,coco-000000132622-000000134882,0.5084152221679688,153718784.0,0.49158477783203125,0.5084152221679688,0.8093791697693343,8.619015527260244,0.02472656872359301,0.0137606259995664,0.0,
,,0.0,jpeg:70,45.683661285521204,0.9870002185900117,,,"{""S2_HEADER_VALID_PARTIAL"":1}",B1,1,0,coco-000000132622-000000134882,0.5120849609375,153841664.0,0.4879150390625,0.5120849609375,0.8086562292503585,8.578874768219443,0.013309387963509459,0.007396986000458128,0.0,
,,0.0,jpeg:90,45.683661285521204,0.9870002185900117,,,"{""S2_HEADER_VALID_PARTIAL"":1}",B1,1,0,coco-000000132622-000000134882,0.527191162109375,151953408.0,0.472808837890625,0.527191162109375,0.8213434595643982,8.859844469082534,0.022875758436309866,0.03902282600029139,0.0,
,,0.0,salt_pepper:0.01,45.683661285521204,0.9870002185900116,,,"{""S2_HEADER_VALID_PARTIAL"":3}",B1,3,0,coco-000000132622-000000134882,0.9951833089192709,153171285.33333334,0.004816691080729167,0.9951833089192709,0.9973298361990689,26.892142235661805,0.8600641220265587,0.012634101333484674,0.0,
,,0.0,salt_pepper:0.03,45.683661285521204,0.9870002185900116,,,"{""S2_HEADER_VALID_PARTIAL"":3}",B1,3,0,coco-000000132622-000000134882,0.9848149617513021,152992426.66666666,0.015185038248697916,0.9848149617513021,0.9908101681260849,21.49871835212493,0.6523428996891889,0.012608438000218788,0.0,
,,0.0,salt_pepper:0.05,45.683661285521204,0.9870002185900116,,,"{""S2_HEADER_VALID_PARTIAL"":3}",B1,3,0,coco-000000132622-000000134882,0.9748026529947916,154050560.0,0.025197347005208332,0.9748026529947916,0.9855290252208778,19.51955739370369,0.5464718244389326,0.00824287566683779,0.0,
,,1.0,clean,45.18644982415218,0.9877099443050159,,,"{""S0_COMPLETE"":1}",B2,1,0,coco-000000132622-000000134882,1.0,153403392.0,0.0,1.0,0.9999999999999999,,1.0,0.00756509399980132,0.0,
,,0.0,gaussian:10,45.18644982415217,0.9877099443050158,,,"{""S2_HEADER_VALID_PARTIAL"":3}",B2,3,0,coco-000000132622-000000134882,0.5048446655273438,153025194.66666666,0.49515533447265625,0.5048446655273438,0.8039440148853944,8.462738106178008,0.01340493452219573,0.01745872399927369,0.0,
,,0.0,gaussian:15,45.18644982415217,0.9877099443050158,,,"{""S2_HEADER_VALID_PARTIAL"":3}",B2,3,0,coco-000000132622-000000134882,0.5006815592447916,153378816.0,0.4993184407552083,0.5006815592447916,0.801929480381344,8.42218016287214,0.009736780574075418,0.025211522000366433,0.0,
,,0.0,gaussian:5,45.18644982415217,0.9877099443050158,,,"{""S2_HEADER_VALID_PARTIAL"":3}",B2,3,0,coco-000000132622-000000134882,0.5574391682942709,154043733.33333334,0.4425608317057292,0.5574391682942709,0.8241012929684283,8.878442033306548,0.03252127398006443,0.013503749332812731,0.0,
,,0.0,jpeg:50,45.18644982415218,0.9877099443050159,,,"{""S2_HEADER_VALID_PARTIAL"":1}",B2,1,0,coco-000000132622-000000134882,0.49224853515625,151875584.0,0.50775146484375,0.49224853515625,0.48727570545615523,5.31425436018544,0.0023644832825540814,0.013286905999848386,0.0,
,,0.0,jpeg:70,45.18644982415218,0.9877099443050159,,,"{""S2_HEADER_VALID_PARTIAL"":1}",B2,1,0,coco-000000132622-000000134882,0.46361541748046875,151953408.0,0.5363845825195312,0.46361541748046875,0.5197455729736509,5.463830385116769,-0.004341530104831355,0.009304208000685321,0.0,
,,0.0,jpeg:90,45.18644982415218,0.9877099443050159,,,"{""S2_HEADER_VALID_PARTIAL"":1}",B2,1,0,coco-000000132622-000000134882,0.6322097778320312,152596480.0,0.36779022216796875,0.6322097778320312,0.8862244385678989,10.823784913440818,0.2538647493838657,0.01477790900025866,0.0,
,,0.0,salt_pepper:0.01,45.18644982415217,0.9877099443050158,,,"{""S2_HEADER_VALID_PARTIAL"":3}",B2,3,0,coco-000000132622-000000134882,0.7588068644205729,153094826.66666666,0.2411931355794271,0.7588068644205729,0.9010608504789478,11.285739745458939,0.13209996856916437,0.014316377333064642,0.0,
,,0.0,salt_pepper:0.03,45.18644982415217,0.9877099443050158,,,"{""S2_HEADER_VALID_PARTIAL"":3}",B2,3,0,coco-000000132622-000000134882,0.5658493041992188,153239552.0,0.43415069580078125,0.5658493041992188,0.827652015460405,8.966400197569275,0.035226701291177664,0.014321284667554815,0.0,
,,0.0,salt_pepper:0.05,45.18644982415217,0.9877099443050158,,,"{""S2_HEADER_VALID_PARTIAL"":3}",B2,3,0,coco-000000132622-000000134882,0.5184300740559896,152823125.33333334,0.48156992594401044,0.5184300740559896,0.809170179963235,8.566682395502285,0.014703218667039655,0.012270627333540082,0.0,
0.0,1.0,1.0,clean,45.00001706233342,0.9883759634327591,0.0,1.0,"{""S0_COMPLETE"":1}",C0,1,0,coco-000000132622-000000134882,1.0,154238976.0,1.7988846914912754e-05,1.0,0.9999999999999999,,1.0,2.4149903420002374,0.0,1.0
,0.0,0.0,gaussian:10,45.00001706233342,0.9883759634327592,,0.0,"{""S4_HEADER_FAILURE"":3}",C0,3,0,coco-000000132622-000000134882,0.0,153316010.66666666,0.32119835701864846,,,,,2.75148248833284,1.0,0.0
,0.0,0.0,gaussian:15,45.00001706233342,0.9883759634327592,,0.0,"{""S4_HEADER_FAILURE"":3}",C0,3,0,coco-000000132622-000000134882,0.0,151927466.66666666,0.35175840978593276,,,,,2.044669785333705,1.0,0.0
,0.0,0.0,gaussian:5,45.00001706233342,0.9883759634327592,,0.0,"{""S4_HEADER_FAILURE"":3}",C0,3,0,coco-000000132622-000000134882,0.0,153094826.66666666,0.2581684355699466,,,,,2.4128879549995568,1.0,0.0
,0.0,0.0,jpeg:50,45.00001706233342,0.9883759634327591,,0.0,"{""S4_HEADER_FAILURE"":1}",C0,1,0,coco-000000132622-000000134882,0.0,153718784.0,0.4736238532110092,,,,,1.928708272998847,1.0,0.0
,0.0,0.0,jpeg:70,45.00001706233342,0.9883759634327591,,0.0,"{""S4_HEADER_FAILURE"":1}",C0,1,0,coco-000000132622-000000134882,0.0,152965120.0,0.45026083828026625,,,,,2.5977810799995495,1.0,0.0
,0.0,0.0,jpeg:90,45.00001706233342,0.9883759634327591,,0.0,"{""S4_HEADER_FAILURE"":1}",C0,1,0,coco-000000132622-000000134882,0.0,151875584.0,0.3345475805000899,,,,,2.5644555729995773,1.0,0.0
,0.0,0.0,salt_pepper:0.01,45.00001706233342,0.9883759634327592,,0.0,"{""S4_HEADER_FAILURE"":3}",C0,3,0,coco-000000132622-000000134882,0.0,152118613.33333334,0.1633867002458476,,,,,2.2129052329995225,1.0,0.0
,0.0,0.0,salt_pepper:0.03,45.00001706233342,0.9883759634327592,,0.0,"{""S4_HEADER_FAILURE"":3}",C0,3,0,coco-000000132622-000000134882,0.0,152559616.0,0.32405558553696706,,,,,2.0187728370007485,1.0,0.0
,0.0,0.0,salt_pepper:0.05,45.00001706233342,0.9883759634327592,,0.0,"{""S4_HEADER_FAILURE"":3}",C0,3,0,coco-000000132622-000000134882,0.0,153591808.0,0.3969643820831084,,,,,2.0117951213323977,1.0,0.0
0.0,1.0,1.0,clean,45.00001706233342,0.9881229425569038,0.0,1.0,"{""S0_COMPLETE"":1}",C1,1,0,coco-000000132622-000000134882,1.0,151207936.0,0.0,1.0,0.9999999999999999,,1.0,2.144166158999724,0.0,1.0
,0.0,0.0,gaussian:10,45.00001706233342,0.9881229425569038,,0.0,"{""S4_HEADER_FAILURE"":3}",C1,3,0,coco-000000132622-000000134882,0.0,151904256.0,0.3210334592552618,,,,,1.8063215743331966,1.0,0.0
,0.0,0.0,gaussian:15,45.00001706233342,0.9881229425569038,,0.0,"{""S4_HEADER_FAILURE"":3}",C1,3,0,coco-000000132622-000000134882,0.0,152480426.66666666,0.35200125921928405,,,,,1.6280353036666686,1.0,0.0
,0.0,0.0,gaussian:5,45.00001706233342,0.9881229425569038,,0.0,"{""S4_HEADER_FAILURE"":3}",C1,3,0,coco-000000132622-000000134882,0.0,153023829.33333334,0.2580724950530671,,,,,1.6086163260000224,1.0,0.0
,0.0,0.0,jpeg:50,45.00001706233342,0.9881229425569038,,0.0,"{""S4_HEADER_FAILURE"":1}",C1,1,0,coco-000000132622-000000134882,0.0,151953408.0,0.4715101636985069,,,,,1.819430387000466,1.0,0.0
,0.0,0.0,jpeg:70,45.00001706233342,0.9881229425569038,,0.0,"{""S4_HEADER_FAILURE"":1}",C1,1,0,coco-000000132622-000000134882,0.0,153841664.0,0.44850692570606226,,,,,1.8235864250000304,1.0,0.0
,0.0,0.0,jpeg:90,45.00001706233342,0.9881229425569038,,0.0,"{""S4_HEADER_FAILURE"":1}",C1,1,0,coco-000000132622-000000134882,0.0,153477120.0,0.32759039395574746,,,,,2.0016412420009146,1.0,0.0
,0.0,0.0,salt_pepper:0.01,45.00001706233342,0.9881229425569038,,0.0,"{""S4_HEADER_FAILURE"":3}",C1,3,0,coco-000000132622-000000134882,0.0,153169920.0,0.16170174491815076,,,,,1.5706558076666017,1.0,0.0
,0.0,0.0,salt_pepper:0.03,45.00001706233342,0.9881229425569038,,0.0,"{""S4_HEADER_FAILURE"":3}",C1,3,0,coco-000000132622-000000134882,0.0,152201898.66666666,0.32505846375247344,,,,,1.9868215570004395,1.0,0.0
,0.0,0.0,salt_pepper:0.05,45.00001706233342,0.9881229425569038,,0.0,"{""S4_HEADER_FAILURE"":3}",C1,3,0,coco-000000132622-000000134882,0.0,153387008.0,0.3981501469089164,,,,,1.7944231653327734,1.0,0.0
0.0,1.0,1.0,clean,45.000000948646374,0.9883916540292472,0.0,1.0,"{""S0_COMPLETE"":1}",C2,1,0,coco-000000132622-000000134882,1.0,153477120.0,0.0,1.0,0.9999999999999999,,1.0,1.9976735510008439,0.0,1.0
,0.0,0.0,gaussian:10,45.000000948646374,0.9883916540292472,,0.0,"{""S4_HEADER_FAILURE"":3}",C2,3,0,coco-000000132622-000000134882,0.0,152810837.33333334,0.32101696947892305,,,,,1.61409921700033,1.0,0.0
,0.0,0.0,gaussian:15,45.000000948646374,0.9883916540292472,,0.0,"{""S4_HEADER_FAILURE"":3}",C2,3,0,coco-000000132622-000000134882,0.0,153004714.66666666,0.3508619655813396,,,,,1.5425998103328311,1.0,0.0
,0.0,0.0,gaussian:5,45.000000948646374,0.9883916540292472,,0.0,"{""S4_HEADER_FAILURE"":3}",C2,3,0,coco-000000132622-000000134882,0.0,151849642.66666666,0.258294357498351,,,,,1.6523170916655847,1.0,0.0
,0.0,0.0,jpeg:50,45.000000948646374,0.9883916540292472,,0.0,"{""S4_HEADER_FAILURE"":1}",C2,1,0,coco-000000132622-000000134882,0.0,152965120.0,0.47245457816153985,,,,,1.7091579490006552,1.0,0.0
,0.0,0.0,jpeg:70,45.000000948646374,0.9883916540292472,,0.0,"{""S4_HEADER_FAILURE"":1}",C2,1,0,coco-000000132622-000000134882,0.0,151953408.0,0.4518933261377946,,,,,1.7053878030001215,1.0,0.0
,0.0,0.0,jpeg:90,45.000000948646374,0.9883916540292472,,0.0,"{""S4_HEADER_FAILURE"":1}",C2,1,0,coco-000000132622-000000134882,0.0,154238976.0,0.3347724410865264,,,,,1.9047691609994217,1.0,0.0
,0.0,0.0,salt_pepper:0.01,45.000000948646374,0.9883916540292472,,0.0,"{""S4_HEADER_FAILURE"":3}",C2,3,0,coco-000000132622-000000134882,0.0,152664746.66666666,0.16300443724890568,,,,,1.8898822613330897,1.0,0.0
,0.0,0.0,salt_pepper:0.03,45.000000948646374,0.9883916540292472,,0.0,"{""S4_HEADER_FAILURE"":3}",C2,3,0,coco-000000132622-000000134882,0.0,152842240.0,0.3232700725550159,,,,,2.122005683999911,1.0,0.0
,0.0,0.0,salt_pepper:0.05,45.000000948646374,0.9883916540292472,,0.0,"{""S4_HEADER_FAILURE"":3}",C2,3,0,coco-000000132622-000000134882,0.0,153045674.66666666,0.39806320081549434,,,,,1.9808164053344324,1.0,0.0
0.0,1.0,1.0,clean,45.000000948646374,0.9881149462040933,0.0,1.0,"{""S0_COMPLETE"":1}",C3,1,0,coco-000000132622-000000134882,1.0,151871488.0,0.0,1.0,0.9999999999999999,,1.0,3.4263930410015746,0.0,1.0
,0.0,0.0,gaussian:10,45.000000948646374,0.9881149462040933,,0.0,"{""S4_HEADER_FAILURE"":3}",C3,3,0,coco-000000132622-000000134882,0.0,152625152.0,0.32160010793308147,,,,,2.666601498999929,1.0,0.0
,0.0,0.0,gaussian:15,45.000000948646374,0.9881149462040933,,0.0,"{""S4_HEADER_FAILURE"":3}",C3,3,0,coco-000000132622-000000134882,0.0,152330240.0,0.353094081669365,,,,,2.2632584439991965,1.0,0.0
,0.0,0.0,gaussian:5,45.000000948646374,0.9881149462040933,,0.0,"{""S4_HEADER_FAILURE"":3}",C3,3,0,coco-000000132622-000000134882,0.0,152854528.0,0.25837230916831566,,,,,2.41634542766648,1.0,0.0
,0.0,0.0,jpeg:50,45.000000948646374,0.9881149462040933,,0.0,"{""S4_HEADER_FAILURE"":1}",C3,1,0,coco-000000132622-000000134882,0.0,154238976.0,0.4723106673862205,,,,,2.5509598799999367,1.0,0.0
,0.0,0.0,jpeg:70,45.000000948646374,0.9881149462040933,,0.0,"{""S4_HEADER_FAILURE"":1}",C3,1,0,coco-000000132622-000000134882,0.0,152621056.0,0.4478458355819392,,,,,2.693570807001379,1.0,0.0
,0.0,0.0,jpeg:90,45.000000948646374,0.9881149462040933,,0.0,"{""S4_HEADER_FAILURE"":1}",C3,1,0,coco-000000132622-000000134882,0.0,153604096.0,0.32770732146069437,,,,,2.724689118000242,1.0,0.0
,0.0,0.0,salt_pepper:0.01,45.000000948646374,0.9881149462040933,,0.0,"{""S4_HEADER_FAILURE"":3}",C3,3,0,coco-000000132622-000000134882,0.0,151501482.66666666,0.1621634586556335,,,,,2.17652309466636,1.0,0.0
,0.0,0.0,salt_pepper:0.03,45.000000948646374,0.9881149462040933,,0.0,"{""S4_HEADER_FAILURE"":3}",C3,3,0,coco-000000132622-000000134882,0.0,153773397.33333334,0.32507945074054084,,,,,2.1432395596657443,1.0,0.0
,0.0,0.0,salt_pepper:0.05,45.000000948646374,0.9881149462040933,,0.0,"{""S4_HEADER_FAILURE"":3}",C3,3,0,coco-000000132622-000000134882,0.0,152166400.0,0.39849343407087606,,,,,2.1730286203334495,1.0,0.0
0.0,1.0,1.0,clean,45.000000948646374,0.9881189048100585,0.0,1.0,"{""S0_COMPLETE"":1}",C3_NP,1,0,coco-000000132622-000000134882,1.0,151953408.0,4.497211728728188e-06,1.0,0.9999999999999999,,1.0,2.185203693001313,0.0,1.0
,0.0,0.0,gaussian:10,45.000000948646374,0.9881189048100585,,0.0,"{""S4_HEADER_FAILURE"":3}",C3_NP,3,0,coco-000000132622-000000134882,0.0,152824490.66666666,0.3205387659651016,,,,,1.83809813366679,1.0,0.0
,0.0,0.0,gaussian:15,45.000000948646374,0.9881189048100585,,0.0,"{""S4_HEADER_FAILURE"":3}",C3_NP,3,0,coco-000000132622-000000134882,0.0,153239552.0,0.3516174971517659,,,,,2.766363890000624,1.0,0.0
,0.0,0.0,gaussian:5,45.000000948646374,0.9881189048100585,,0.0,"{""S4_HEADER_FAILURE"":3}",C3_NP,3,0,coco-000000132622-000000134882,0.0,152480426.66666666,0.2582209030401152,,,,,1.8670739866659762,1.0,0.0
,0.0,0.0,jpeg:50,45.000000948646374,0.9881189048100585,,0.0,"{""S4_HEADER_FAILURE"":1}",C3_NP,1,0,coco-000000132622-000000134882,0.0,150859776.0,0.47333153444864184,,,,,1.7865087459995266,1.0,0.0
,0.0,0.0,jpeg:70,45.000000948646374,0.9881189048100585,,0.0,"{""S4_HEADER_FAILURE"":1}",C3_NP,1,0,coco-000000132622-000000134882,0.0,154238976.0,0.44879025004497214,,,,,2.200810113001353,1.0,0.0
,0.0,0.0,jpeg:90,45.000000948646374,0.9881189048100585,,0.0,"{""S4_HEADER_FAILURE"":1}",C3_NP,1,0,coco-000000132622-000000134882,0.0,152965120.0,0.3294657312466271,,,,,2.1747056929998507,1.0,0.0
,0.0,0.0,salt_pepper:0.01,45.000000948646374,0.9881189048100585,,0.0,"{""S4_HEADER_FAILURE"":3}",C3_NP,3,0,coco-000000132622-000000134882,0.0,153042944.0,0.16286802182646762,,,,,3.3587907943334963,1.0,0.0
,0.0,0.0,salt_pepper:0.03,45.000000948646374,0.9881189048100585,,0.0,"{""S4_HEADER_FAILURE"":3}",C3_NP,3,0,coco-000000132622-000000134882,0.0,152779434.66666666,0.3248096180368172,,,,,2.8201857343337906,1.0,0.0
,0.0,0.0,salt_pepper:0.05,45.000000948646374,0.9881189048100585,,0.0,"{""S4_HEADER_FAILURE"":3}",C3_NP,3,0,coco-000000132622-000000134882,0.0,151677610.66666666,0.39859087365833185,,,,,2.2669752246662633,1.0,0.0
,,1.0,clean,45.58798588269645,0.9973909651149652,,,"{""S0_COMPLETE"":1}",B1,1,0,coco-000000132796-000000212226,1.0,155615232.0,0.0,1.0,1.0,,1.0,0.003064194999751635,0.0,
,,0.0,gaussian:10,45.58798588269645,0.9973909651149652,,,"{""S2_HEADER_VALID_PARTIAL"":3}",B1,3,0,coco-000000132796-000000212226,0.5055720011393229,156091733.33333334,0.49442799886067706,0.5055720011393229,0.7360058604497279,7.561843942678196,0.010328058123403592,0.008426698332793118,0.0,
,,0.0,gaussian:15,45.58798588269645,0.9973909651149652,,,"{""S2_HEADER_VALID_PARTIAL"":3}",B1,3,0,coco-000000132796-000000212226,0.5018463134765625,157612714.66666666,0.4981536865234375,0.5018463134765625,0.7342591857805503,7.5108574971921795,0.007968079314902912,0.006818075333891708,0.0,
,,0.0,gaussian:5,45.58798588269645,0.9973909651149652,,,"{""S2_HEADER_VALID_PARTIAL"":3}",B1,3,0,coco-000000132796-000000212226,0.5293731689453125,157612714.66666666,0.4706268310546875,0.5293731689453125,0.7477407603981975,7.760990195181255,0.018830912654376548,0.010343751666975246,0.0,
,,0.0,jpeg:50,45.58798588269645,0.9973909651149652,,,"{""S2_HEADER_VALID_PARTIAL"":1}",B1,1,0,coco-000000132796-000000212226,0.49980926513671875,154439680.0,0.5001907348632812,0.49980926513671875,0.7364011575474052,7.554818115510072,0.012165159745381406,0.004526398000962217,0.0,
,,0.0,jpeg:70,45.58798588269645,0.9973909651149652,,,"{""S2_HEADER_VALID_PARTIAL"":1}",B1,1,0,coco-000000132796-000000212226,0.5002212524414062,155615232.0,0.49977874755859375,0.5002212524414062,0.7286734705840869,7.474407252405197,0.007777490007268294,0.008318755000800593,0.0,
,,0.0,jpeg:90,45.58798588269645,0.9973909651149652,,,"{""S2_HEADER_VALID_PARTIAL"":1}",B1,1,0,coco-000000132796-000000212226,0.5055694580078125,154439680.0,0.4944305419921875,0.5055694580078125,0.7402254850424212,7.632116591688471,0.014216136832113322,0.009304196999437409,0.0,
,,0.0,salt_pepper:0.01,45.58798588269645,0.9973909651149652,,,"{""S2_HEADER_VALID_PARTIAL"":3}",B1,3,0,coco-000000132796-000000212226,0.9951426188151041,156091733.33333334,0.004857381184895833,0.9951426188151041,0.9963864754572844,26.25058121862963,0.838705387251694,0.006286453999564401,0.0,
,,0.0,salt_pepper:0.03,45.58798588269645,0.9973909651149652,,,"{""S2_HEADER_VALID_PARTIAL"":3}",B1,3,0,coco-000000132796-000000212226,0.9850896199544271,157612714.66666666,0.014910380045572916,0.9850896199544271,0.9888926962978335,21.323060720598104,0.6004171598745418,0.005806153333348145,0.0,
,,0.0,salt_pepper:0.05,45.58798588269645,0.9973909651149652,,,"{""S2_HEADER_VALID_PARTIAL"":3}",B1,3,0,coco-000000132796-000000212226,0.9745000203450521,157192192.0,0.025499979654947918,0.9745000203450521,0.9806466760935386,18.89858366920276,0.4512283858465798,0.006313357333056047,0.0,
,,1.0,clean,44.830965828725965,0.9899514294282183,,,"{""S0_COMPLETE"":1}",B2,1,0,coco-000000132796-000000212226,1.0,155615232.0,0.0,1.0,1.0,,1.0,0.01238888300031249,0.0,
,,0.0,gaussian:10,44.830965828725965,0.9899514294282183,,,"{""S2_HEADER_VALID_PARTIAL"":3}",B2,3,0,coco-000000132796-000000212226,0.5109202067057291,156575061.33333334,0.4890797932942708,0.5109202067057291,0.7412416281928585,7.634012037046705,0.010844694171915392,0.041059842333197594,0.0,
,,0.0,gaussian:15,44.830965828725965,0.9899514294282183,,,"{""S2_HEADER_VALID_PARTIAL"":3}",B2,3,0,coco-000000132796-000000212226,0.5016301472981771,155931989.33333334,0.49836985270182294,0.5016301472981771,0.7354685940734761,7.562132053185149,0.011913764166126392,0.022214408999692143,0.0,
,,0.0,gaussian:5,44.830965828725965,0.9899514294282183,,,"{""S2_HEADER_VALID_PARTIAL"":3}",B2,3,0,coco-000000132796-000000212226,0.57843017578125,157028352.0,0.42156982421875,0.57843017578125,0.775077030719268,8.273687157718758,0.03289779704214341,0.04373637000026065,0.0,
,,0.0,jpeg:50,44.830965828725965,0.9899514294282183,,,"{""S2_HEADER_VALID_PARTIAL"":1}",B2,1,0,coco-000000132796-000000212226,0.48163604736328125,156495872.0,0.5183639526367188,0.48163604736328125,0.5692079631845345,6.456400806240246,0.013676440040996721,0.04090749199895072,0.0,
,,0.0,jpeg:70,44.830965828725965,0.9899514294282183,,,"{""S2_HEADER_VALID_PARTIAL"":1}",B2,1,0,coco-000000132796-000000212226,0.4645538330078125,158806016.0,0.5354461669921875,0.4645538330078125,0.5399549508914948,6.09946044051425,-0.005570634860118899,0.013673995001227013,0.0,
,,0.0,jpeg:90,44.830965828725965,0.9899514294282183,,,"{""S2_HEADER_VALID_PARTIAL"":1}",B2,1,0,coco-000000132796-000000212226,0.6409759521484375,154439680.0,0.3590240478515625,0.6409759521484375,0.922383196045358,12.9670814400657,0.23553984565046182,0.015915648998998222,0.0,
,,0.0,salt_pepper:0.01,44.830965828725965,0.9899514294282183,,,"{""S2_HEADER_VALID_PARTIAL"":3}",B2,3,0,coco-000000132796-000000212226,0.7636159261067709,158325418.66666666,0.23638407389322916,0.7636159261067709,0.8798962715008788,11.009173365794561,0.11494894846630571,0.016358745333491242,0.0,
,,0.0,salt_pepper:0.03,44.830965828725965,0.9899514294282183,,,"{""S2_HEADER_VALID_PARTIAL"":3}",B2,3,0,coco-000000132796-000000212226,0.5781631469726562,155514197.33333334,0.42183685302734375,0.5781631469726562,0.7737788981248442,8.25447517058704,0.031020943148914532,0.012988956666352655,0.0,
,,0.0,salt_pepper:0.05,44.830965828725965,0.9899514294282183,,,"{""S2_HEADER_VALID_PARTIAL"":3}",B2,3,0,coco-000000132796-000000212226,0.5186894734700521,156545024.0,0.48131052652994794,0.5186894734700521,0.7447860882658911,7.705806104158565,0.01340718199296427,0.029343081999589533,0.0,
0.0,1.0,1.0,clean,45.000009005482426,0.9913898840892064,0.0,1.0,"{""S0_COMPLETE"":1}",C0,1,0,coco-000000132796-000000212226,1.0,156286976.0,0.00013491635186184566,1.0,1.0,,1.0,2.8094285180013685,0.0,1.0
,0.0,0.0,gaussian:10,45.00000900548243,0.9913898840892065,,0.0,"{""S4_HEADER_FAILURE"":3}",C0,3,0,coco-000000132796-000000212226,0.0,157199018.66666666,0.32161509863884397,,,,,2.550962429667076,1.0,0.0
,0.0,0.0,gaussian:15,45.00000900548243,0.9913898840892065,,0.0,"{""S4_HEADER_FAILURE"":3}",C0,3,0,coco-000000132796-000000212226,0.0,155615232.0,0.353044612340349,,,,,2.1414748760004536,1.0,0.0
,0.0,0.0,gaussian:5,45.00000900548243,0.9913898840892065,,0.0,"{""S4_HEADER_FAILURE"":3}",C0,3,0,coco-000000132796-000000212226,0.0,157148501.33333334,0.25763176830365175,,,,,2.391910493666728,1.0,0.0
,0.0,0.0,jpeg:50,45.000009005482426,0.9913898840892064,,0.0,"{""S4_HEADER_FAILURE"":1}",C0,1,0,coco-000000132796-000000212226,0.0,155897856.0,0.4698551897823349,,,,,2.4465726329999598,1.0,0.0
,0.0,0.0,jpeg:70,45.000009005482426,0.9913898840892064,,0.0,"{""S4_HEADER_FAILURE"":1}",C0,1,0,coco-000000132796-000000212226,0.0,159100928.0,0.44813815434430654,,,,,2.341756797999551,1.0,0.0
,0.0,0.0,jpeg:90,45.000009005482426,0.9913898840892064,,0.0,"{""S4_HEADER_FAILURE"":1}",C0,1,0,coco-000000132796-000000212226,0.0,155176960.0,0.34759399172513045,,,,,2.3619511039996723,1.0,0.0
,0.0,0.0,salt_pepper:0.01,45.00000900548243,0.9913898840892065,,0.0,"{""S4_HEADER_FAILURE"":3}",C0,3,0,coco-000000132796-000000212226,0.0,157360128.0,0.1601906817772981,,,,,2.021816556666939,1.0,0.0
,0.0,0.0,salt_pepper:0.03,45.00000900548243,0.9913898840892065,,0.0,"{""S4_HEADER_FAILURE"":3}",C0,3,0,coco-000000132796-000000212226,0.0,155153749.33333334,0.3174821610601427,,,,,1.9503959063343548,1.0,0.0
,0.0,0.0,salt_pepper:0.05,45.00000900548243,0.9913898840892065,,0.0,"{""S4_HEADER_FAILURE"":3}",C0,3,0,coco-000000132796-000000212226,0.0,156655616.0,0.39468429573664326,,,,,2.0457126283333005,1.0,0.0
0.0,1.0,1.0,clean,45.000000948646374,0.9912198531532198,0.0,1.0,"{""S0_COMPLETE"":1}",C1,1,0,coco-000000132796-000000212226,1.0,156286976.0,0.00017988846914912754,1.0,1.0,,1.0,2.7436892000005173,0.0,1.0
,0.0,0.0,gaussian:10,45.000000948646374,0.9912198531532198,,0.0,"{""S4_HEADER_FAILURE"":3}",C1,3,0,coco-000000132796-000000212226,0.0,156940970.66666666,0.3224875577142172,,,,,2.106739229666952,1.0,0.0
,0.0,0.0,gaussian:15,45.000000948646374,0.9912198531532198,,0.0,"{""S4_HEADER_FAILURE"":3}",C1,3,0,coco-000000132796-000000212226,0.0,156577792.0,0.3523010733345326,,,,,2.0402412743333116,1.0,0.0
,0.0,0.0,gaussian:5,45.000000948646374,0.9912198531532198,,0.0,"{""S4_HEADER_FAILURE"":3}",C1,3,0,coco-000000132796-000000212226,0.0,156977834.66666666,0.2588265275529172,,,,,2.1849654156667384,1.0,0.0
,0.0,0.0,jpeg:50,45.000000948646374,0.9912198531532198,,0.0,"{""S4_HEADER_FAILURE"":1}",C1,1,0,coco-000000132796-000000212226,0.0,155176960.0,0.4684610541464292,,,,,2.2146721509998315,1.0,0.0
,0.0,0.0,jpeg:70,45.000000948646374,0.9912198531532198,,0.0,"{""S4_HEADER_FAILURE"":1}",C1,1,0,coco-000000132796-000000212226,0.0,155897856.0,0.4443694909156323,,,,,1.96851670399883,1.0,0.0
,0.0,0.0,jpeg:90,45.000000948646374,0.9912198531532198,,0.0,"{""S4_HEADER_FAILURE"":1}",C1,1,0,coco-000000132796-000000212226,0.0,157741056.0,0.34027253103076094,,,,,1.9216927620000206,1.0,0.0
,0.0,0.0,salt_pepper:0.01,45.000000948646374,0.9912198531532198,,0.0,"{""S4_HEADER_FAILURE"":3}",C1,3,0,coco-000000132796-000000212226,0.0,155772245.33333334,0.15890897643461055,,,,,2.0167034163338635,1.0,0.0
,0.0,0.0,salt_pepper:0.03,45.000000948646374,0.9912198531532198,,0.0,"{""S4_HEADER_FAILURE"":3}",C1,3,0,coco-000000132796-000000212226,0.0,156315648.0,0.3189122743898783,,,,,2.3047424466664475,1.0,0.0
,0.0,0.0,salt_pepper:0.05,45.000000948646374,0.9912198531532198,,0.0,"{""S4_HEADER_FAILURE"":3}",C1,3,0,coco-000000132796-000000212226,0.0,156530005.33333334,0.39552227618876296,,,,,2.491532871332917,1.0,0.0
0.0,1.0,1.0,clean,45.000000948646374,0.9913821206555036,0.0,1.0,"{""S0_COMPLETE"":1}",C2,1,0,coco-000000132796-000000212226,1.0,158416896.0,0.00016639683396294297,1.0,1.0,,1.0,3.1970410409994656,0.0,1.0
,0.0,0.0,gaussian:10,45.000000948646374,0.9913821206555036,,0.0,"{""S4_HEADER_FAILURE"":3}",C2,3,0,coco-000000132796-000000212226,0.0,157070677.33333334,0.3218939257660251,,,,,3.799594194332409,1.0,0.0
,0.0,0.0,gaussian:15,45.000000948646374,0.9913821206555036,,0.0,"{""S4_HEADER_FAILURE"":3}",C2,3,0,coco-000000132796-000000212226,0.0,156068522.66666666,0.35234604545181986,,,,,2.778474016332742,1.0,0.0
,0.0,0.0,gaussian:5,45.000000948646374,0.9913821206555036,,0.0,"{""S4_HEADER_FAILURE"":3}",C2,3,0,coco-000000132796-000000212226,0.0,155652096.0,0.257318462553217,,,,,3.3411962813333957,1.0,0.0
,0.0,0.0,jpeg:50,45.000000948646374,0.9913821206555036,,0.0,"{""S4_HEADER_FAILURE"":1}",C2,1,0,coco-000000132796-000000212226,0.0,157753344.0,0.471343766864544,,,,,2.914203100999657,1.0,0.0
,0.0,0.0,jpeg:70,45.000000948646374,0.9913821206555036,,0.0,"{""S4_HEADER_FAILURE"":1}",C2,1,0,coco-000000132796-000000212226,0.0,156286976.0,0.44825508184925345,,,,,2.761793540999861,1.0,0.0
,0.0,0.0,jpeg:90,45.000000948646374,0.9913821206555036,,0.0,"{""S4_HEADER_FAILURE"":1}",C2,1,0,coco-000000132796-000000212226,0.0,155840512.0,0.34833153444864184,,,,,2.6993085499998415,1.0,0.0
,0.0,0.0,salt_pepper:0.01,45.000000948646374,0.9913821206555036,,0.0,"{""S4_HEADER_FAILURE"":3}",C2,3,0,coco-000000132796-000000212226,0.0,155148288.0,0.15996582119086167,,,,,3.642083813666735,1.0,0.0
,0.0,0.0,salt_pepper:0.03,45.000000948646374,0.9913821206555036,,0.0,"{""S4_HEADER_FAILURE"":3}",C2,3,0,coco-000000132796-000000212226,0.0,156530005.33333334,0.31700845475805,,,,,2.898151746666675,1.0,0.0
,0.0,0.0,salt_pepper:0.05,45.000000948646374,0.9913821206555036,,0.0,"{""S4_HEADER_FAILURE"":3}",C2,3,0,coco-000000132796-000000212226,0.0,156489045.33333334,0.3942540624812616,,,,,3.9225571093332596,1.0,0.0
0.0,1.0,1.0,clean,45.000025119199364,0.9912224114650829,0.0,1.0,"{""S0_COMPLETE"":1}",C3,1,0,coco-000000132796-000000212226,1.0,155176960.0,0.0001618996222342148,1.0,1.0,,1.0,3.028974028000448,0.0,1.0
,0.0,0.0,gaussian:10,45.000025119199364,0.9912224114650829,,0.0,"{""S4_HEADER_FAILURE"":3}",C3,3,0,coco-000000132796-000000212226,0.0,155966122.66666666,0.3227843736883132,,,,,1.8595723326664786,1.0,0.0
,0.0,0.0,gaussian:15,45.000025119199364,0.9912224114650829,,0.0,"{""S4_HEADER_FAILURE"":3}",C3,3,0,coco-000000132796-000000212226,0.0,155572906.66666666,0.35353630748935666,,,,,1.749852261333217,1.0,0.0
,0.0,0.0,gaussian:5,45.000025119199364,0.9912224114650829,,0.0,"{""S4_HEADER_FAILURE"":3}",C3,3,0,coco-000000132796-000000212226,0.0,156861781.33333334,0.2589809318222702,,,,,2.126710757666539,1.0,0.0
,0.0,0.0,jpeg:50,45.000025119199364,0.9912224114650829,,0.0,"{""S4_HEADER_FAILURE"":1}",C3,1,0,coco-000000132796-000000212226,0.0,158416896.0,0.4690951610001799,,,,,2.3444775360003405,1.0,0.0
,0.0,0.0,jpeg:70,45.000025119199364,0.9912224114650829,,0.0,"{""S4_HEADER_FAILURE"":1}",C3,1,0,coco-000000132796-000000212226,0.0,156790784.0,0.4436859147328656,,,,,2.2328610490003484,1.0,0.0
,0.0,0.0,jpeg:90,45.000025119199364,0.9912224114650829,,0.0,"{""S4_HEADER_FAILURE"":1}",C3,1,0,coco-000000132796-000000212226,0.0,155615232.0,0.3410460514481022,,,,,2.395648087000154,1.0,0.0
,0.0,0.0,salt_pepper:0.01,45.000025119199364,0.9912224114650829,,0.0,"{""S4_HEADER_FAILURE"":3}",C3,3,0,coco-000000132796-000000212226,0.0,156808533.33333334,0.16009923847214727,,,,,1.6954356913332351,1.0,0.0
,0.0,0.0,salt_pepper:0.03,45.000025119199364,0.9912224114650829,,0.0,"{""S4_HEADER_FAILURE"":3}",C3,3,0,coco-000000132796-000000212226,0.0,157076138.66666666,0.31677759788930865,,,,,2.2905592323331803,1.0,0.0
,0.0,0.0,salt_pepper:0.05,45.000025119199364,0.9912224114650829,,0.0,"{""S4_HEADER_FAILURE"":3}",C3,3,0,coco-000000132796-000000212226,0.0,155972949.33333334,0.39608292858427774,,,,,2.329478404666588,1.0,0.0
0.0,1.0,1.0,clean,45.000009005482426,0.9912127341472219,0.0,1.0,"{""S0_COMPLETE"":1}",C3_NP,1,0,coco-000000132796-000000212226,1.0,158416896.0,0.00021136895125022486,1.0,1.0,,1.0,4.695292107000569,0.0,1.0
,0.0,0.0,gaussian:10,45.00000900548243,0.9912127341472218,,0.0,"{""S4_HEADER_FAILURE"":3}",C3_NP,3,0,coco-000000132796-000000212226,0.0,155779072.0,0.322622474066079,,,,,2.9508704433331636,1.0,0.0
,0.0,0.0,gaussian:15,45.00000900548243,0.9912127341472218,,0.0,"{""S4_HEADER_FAILURE"":3}",C3_NP,3,0,coco-000000132796-000000212226,0.0,156053504.0,0.3535602926185765,,,,,2.5476006746666826,1.0,0.0
,0.0,0.0,gaussian:5,45.00000900548243,0.9912127341472218,,0.0,"{""S4_HEADER_FAILURE"":3}",C3_NP,3,0,coco-000000132796-000000212226,0.0,156590080.0,0.25893146249325416,,,,,3.5498715780007237,1.0,0.0
,0.0,0.0,jpeg:50,45.000009005482426,0.9912127341472219,,0.0,"{""S4_HEADER_FAILURE"":1}",C3_NP,1,0,coco-000000132796-000000212226,0.0,155176960.0,0.4682047130778917,,,,,3.385248913999021,1.0,0.0
,0.0,0.0,jpeg:70,45.000009005482426,0.9912127341472219,,0.0,"{""S4_HEADER_FAILURE"":1}",C3_NP,1,0,coco-000000132796-000000212226,0.0,159100928.0,0.4450575643101277,,,,,2.4327808750003896,1.0,0.0
,0.0,0.0,jpeg:90,45.000009005482426,0.9912127341472219,,0.0,"{""S4_HEADER_FAILURE"":1}",C3_NP,1,0,coco-000000132796-000000212226,0.0,157753344.0,0.34005216765605323,,,,,2.3790227200006484,1.0,0.0
,0.0,0.0,salt_pepper:0.01,45.00000900548243,0.9912127341472218,,0.0,"{""S4_HEADER_FAILURE"":3}",C3_NP,3,0,coco-000000132796-000000212226,0.0,155891029.33333334,0.15875307309468126,,,,,2.507187185332441,1.0,0.0
,0.0,0.0,salt_pepper:0.03,45.00000900548243,0.9912127341472218,,0.0,"{""S4_HEADER_FAILURE"":3}",C3_NP,3,0,coco-000000132796-000000212226,0.0,157880320.0,0.31792888409186304,,,,,2.3525495339999907,1.0,0.0
,0.0,0.0,salt_pepper:0.05,45.00000900548243,0.9912127341472218,,0.0,"{""S4_HEADER_FAILURE"":3}",C3_NP,3,0,coco-000000132796-000000212226,0.0,156026197.33333334,0.3954818012832044,,,,,2.9122034430001804,1.0,0.0
,,1.0,clean,45.80902948021638,0.9970392166626283,,,"{""S0_COMPLETE"":1}",B1,1,0,coco-000000142971-000000533206,1.0,157741056.0,0.0,1.0,1.0,,1.0,0.0030648660012957407,0.0,
,,0.0,gaussian:10,45.809029480216374,0.9970392166626283,,,"{""S2_HEADER_VALID_PARTIAL"":3}",B1,3,0,coco-000000142971-000000533206,0.5074513753255209,156707498.66666666,0.4925486246744792,0.5074513753255209,0.775289249274337,8.71063079445427,0.010367464439591733,0.009558362666211906,0.0,
,,0.0,gaussian:15,45.809029480216374,0.9970392166626283,,,"{""S2_HEADER_VALID_PARTIAL"":3}",B1,3,0,coco-000000142971-000000533206,0.5020955403645834,156510890.66666666,0.4979044596354167,0.5020955403645834,0.7728254890376114,8.641475601302973,0.011689459587220891,0.00972099966626653,0.0,
,,0.0,gaussian:5,45.809029480216374,0.9970392166626283,,,"{""S2_HEADER_VALID_PARTIAL"":3}",B1,3,0,coco-000000142971-000000533206,0.5298360188802084,156510890.66666666,0.4701639811197917,0.5298360188802084,0.7832073810379124,8.88552345886239,0.016528793998296223,0.010312077666943273,0.0,
,,0.0,jpeg:50,45.80902948021638,0.9970392166626283,,,"{""S2_HEADER_VALID_PARTIAL"":1}",B1,1,0,coco-000000142971-000000533206,0.5015640258789062,156286976.0,0.49843597412109375,0.5015640258789062,0.7687223286558184,8.615431645910515,0.005506315044234306,0.005294578999382793,0.0,
,,0.0,jpeg:70,45.80902948021638,0.9970392166626283,,,"{""S2_HEADER_VALID_PARTIAL"":1}",B1,1,0,coco-000000142971-000000533206,0.5019149780273438,157339648.0,0.49808502197265625,0.5019149780273438,0.7732913483905133,8.636021864207063,0.013328529462230333,0.005736269999033539,0.0,
,,0.0,jpeg:90,45.80902948021638,0.9970392166626283,,,"{""S2_HEADER_VALID_PARTIAL"":1}",B1,1,0,coco-000000142971-000000533206,0.5169448852539062,156495872.0,0.48305511474609375,0.5169448852539062,0.7775584309106512,8.819269240844518,0.014457150671926636,0.008036332999836304,0.0,
,,0.0,salt_pepper:0.01,45.809029480216374,0.9970392166626283,,,"{""S2_HEADER_VALID_PARTIAL"":3}",B1,3,0,coco-000000142971-000000533206,0.9949188232421875,155787264.0,0.0050811767578125,0.9949188232421875,0.9954464002269784,26.524674557380525,0.8563886988964574,0.007610870000159291,0.0,
,,0.0,salt_pepper:0.03,45.809029480216374,0.9970392166626283,,,"{""S2_HEADER_VALID_PARTIAL"":3}",B1,3,0,coco-000000142971-000000533206,0.9852727254231771,156595541.33333334,0.014727274576822916,0.9852727254231771,0.9872666008363654,22.016656555833208,0.6594481483432669,0.007687523000640795,0.0,
,,0.0,salt_pepper:0.05,45.809029480216374,0.9970392166626283,,,"{""S2_HEADER_VALID_PARTIAL"":3}",B1,3,0,coco-000000142971-000000533206,0.9753748575846354,156493141.33333334,0.024625142415364582,0.9753748575846354,0.978259652445562,19.6478918518869,0.5262358516077259,0.008411624333045134,0.0,
,,1.0,clean,44.832461694796365,0.9935001766302266,,,"{""S0_COMPLETE"":1}",B2,1,0,coco-000000142971-000000533206,1.0,156286976.0,0.0,1.0,1.0,,1.0,0.0061252909999893745,0.0,
,,0.0,gaussian:10,44.832461694796365,0.9935001766302266,,,"{""S2_HEADER_VALID_PARTIAL"":3}",B2,3,0,coco-000000142971-000000533206,0.5110244750976562,156304725.33333334,0.48897552490234375,0.5110244750976562,0.7718206435048427,8.658026371405574,0.011067981411429022,0.018219827999928384,0.0,
,,0.0,gaussian:15,44.832461694796365,0.9935001766302266,,,"{""S2_HEADER_VALID_PARTIAL"":3}",B2,3,0,coco-000000142971-000000533206,0.5008875528971354,155856896.0,0.49911244710286456,0.5008875528971354,0.7704548045677105,8.593653847289234,0.007305237117435526,0.014905798333226509,0.0,
,,0.0,gaussian:5,44.832461694796365,0.9935001766302266,,,"{""S2_HEADER_VALID_PARTIAL"":3}",B2,3,0,coco-000000142971-000000533206,0.5802383422851562,155908778.66666666,0.41976165771484375,0.5802383422851562,0.7984300330283086,9.252973066076093,0.031219374791715937,0.017611211666007875,0.0,
,,0.0,jpeg:50,44.832461694796365,0.9935001766302266,,,"{""S2_HEADER_VALID_PARTIAL"":1}",B2,1,0,coco-000000142971-000000533206,0.514801025390625,156495872.0,0.485198974609375,0.514801025390625,0.5920930260847779,7.826761990793462,0.006106821480546299,0.008575154999562073,0.0,
,,0.0,jpeg:70,44.832461694796365,0.9935001766302266,,,"{""S2_HEADER_VALID_PARTIAL"":1}",B2,1,0,coco-000000142971-000000533206,0.49188995361328125,157339648.0,0.5081100463867188,0.49188995361328125,0.6422751073845325,8.259027528567291,0.00034585174680190015,0.014619225001297309,0.0,
,,0.0,jpeg:90,44.832461694796365,0.9935001766302266,,,"{""S2_HEADER_VALID_PARTIAL"":1}",B2,1,0,coco-000000142971-000000533206,0.6503524780273438,155176960.0,0.34964752197265625,0.6503524780273438,0.9096073958548556,13.321505956956639,0.2508665491368494,0.009704396999950404,0.0,
,,0.0,salt_pepper:0.01,44.832461694796365,0.9935001766302266,,,"{""S2_HEADER_VALID_PARTIAL"":3}",B2,3,0,coco-000000142971-000000533206,0.762298583984375,155738112.0,0.237701416015625,0.762298583984375,0.8663047356789598,11.303883857417892,0.09724107195209793,0.012113577666847656,0.0,
,,0.0,salt_pepper:0.03,44.832461694796365,0.9935001766302266,,,"{""S2_HEADER_VALID_PARTIAL"":3}",B2,3,0,coco-000000142971-000000533206,0.5720774332682291,156826282.66666666,0.4279225667317708,0.5720774332682291,0.794732349510336,9.189663855123596,0.026498232189526627,0.014271480999620204,0.0,
,,0.0,salt_pepper:0.05,44.832461694796365,0.9935001766302266,,,"{""S2_HEADER_VALID_PARTIAL"":3}",B2,3,0,coco-000000142971-000000533206,0.5205968221028646,156707498.66666666,0.47940317789713544,0.5205968221028646,0.7785556094000629,8.78954607017831,0.017353949049801545,0.013733310666187512,0.0,
0.0,1.0,1.0,clean,45.000025119199364,0.9937800440126694,0.0,1.0,"{""S0_COMPLETE"":1}",C0,1,0,coco-000000142971-000000533206,1.0,158806016.0,0.0001169275049469329,1.0,1.0,,1.0,2.5717861539997102,0.0,1.0
,0.0,0.0,gaussian:10,45.000025119199364,0.9937800440126695,,0.0,"{""S4_HEADER_FAILURE"":3}",C0,3,0,coco-000000142971-000000533206,0.0,155787264.0,0.3211578821130899,,,,,2.4544831396669906,1.0,0.0
,0.0,0.0,gaussian:15,45.000025119199364,0.9937800440126695,,0.0,"{""S4_HEADER_FAILURE"":3}",C0,3,0,coco-000000142971-000000533206,0.0,156157269.33333334,0.3525124422857828,,,,,2.1424704430003962,1.0,0.0
,0.0,0.0,gaussian:5,45.000025119199364,0.9937800440126695,,0.0,"{""S4_HEADER_FAILURE"":3}",C0,3,0,coco-000000142971-000000533206,0.0,155884202.66666666,0.25827187143970737,,,,,1.9887871526667975,1.0,0.0
,0.0,0.0,jpeg:50,45.000025119199364,0.9937800440126694,,0.0,"{""S4_HEADER_FAILURE"":1}",C0,1,0,coco-000000142971-000000533206,0.0,156790784.0,0.4694099658211909,,,,,2.2277494659992954,1.0,0.0
,0.0,0.0,jpeg:70,45.000025119199364,0.9937800440126694,,0.0,"{""S4_HEADER_FAILURE"":1}",C0,1,0,coco-000000142971-000000533206,0.0,158416896.0,0.4488442165857169,,,,,2.3115418620000128,1.0,0.0
,0.0,0.0,jpeg:90,45.000025119199364,0.9937800440126694,,0.0,"{""S4_HEADER_FAILURE"":1}",C0,1,0,coco-000000142971-000000533206,0.0,156487680.0,0.3488981831264616,,,,,2.481133035998937,1.0,0.0
,0.0,0.0,salt_pepper:0.01,45.000025119199364,0.9937800440126695,,0.0,"{""S4_HEADER_FAILURE"":3}",C0,3,0,coco-000000142971-000000533206,0.0,155663018.66666666,0.16395184985309108,,,,,2.0592295820000195,1.0,0.0
,0.0,0.0,salt_pepper:0.03,45.000025119199364,0.9937800440126695,,0.0,"{""S4_HEADER_FAILURE"":3}",C0,3,0,coco-000000142971-000000533206,0.0,156696576.0,0.3233884991305391,,,,,1.729783188666867,1.0,0.0
,0.0,0.0,salt_pepper:0.05,45.000025119199364,0.9937800440126695,,0.0,"{""S4_HEADER_FAILURE"":3}",C0,3,0,coco-000000142971-000000533206,0.0,155698517.33333334,0.397573004737063,,,,,2.3910927583328885,1.0,0.0
0.0,1.0,1.0,clean,45.000105688680875,0.9938031593933181,0.0,1.0,"{""S0_COMPLETE"":1}",C1,1,0,coco-000000142971-000000533206,1.0,155951104.0,0.00012142471667566109,1.0,1.0,,1.0,3.266925291000007,0.0,1.0
,0.0,0.0,gaussian:10,45.00010568868087,0.9938031593933182,,0.0,"{""S4_HEADER_FAILURE"":3}",C1,3,0,coco-000000142971-000000533206,0.0,156643328.0,0.3211234034898363,,,,,2.6309986099998546,1.0,0.0
,0.0,0.0,gaussian:15,45.00010568868087,0.9938031593933182,,0.0,"{""S4_HEADER_FAILURE"":3}",C1,3,0,coco-000000142971-000000533206,0.0,155953834.66666666,0.35258589674401875,,,,,2.905078191333208,1.0,0.0
,0.0,0.0,gaussian:5,45.00010568868087,0.9938031593933182,,0.0,"{""S4_HEADER_FAILURE"":3}",C1,3,0,coco-000000142971-000000533206,0.0,157163520.0,0.2579435749835102,,,,,2.7855487770005616,1.0,0.0
,0.0,0.0,jpeg:50,45.000105688680875,0.9938031593933181,,0.0,"{""S4_HEADER_FAILURE"":1}",C1,1,0,coco-000000142971-000000533206,0.0,155176960.0,0.4662529231876237,,,,,2.737949860000299,1.0,0.0
,0.0,0.0,jpeg:70,45.000105688680875,0.9938031593933181,,0.0,"{""S4_HEADER_FAILURE"":1}",C1,1,0,coco-000000142971-000000533206,0.0,158806016.0,0.4445268933261378,,,,,2.7013951879998785,1.0,0.0
,0.0,0.0,jpeg:90,45.000105688680875,0.9938031593933181,,0.0,"{""S4_HEADER_FAILURE"":1}",C1,1,0,coco-000000142971-000000533206,0.0,156790784.0,0.34262007555315704,,,,,2.841761941999721,1.0,0.0
,0.0,0.0,salt_pepper:0.01,45.00010568868087,0.9938031593933182,,0.0,"{""S4_HEADER_FAILURE"":3}",C1,3,0,coco-000000142971-000000533206,0.0,155983872.0,0.16267913893386102,,,,,2.6045963923334057,1.0,0.0
,0.0,0.0,salt_pepper:0.03,45.00010568868087,0.9938031593933182,,0.0,"{""S4_HEADER_FAILURE"":3}",C1,3,0,coco-000000142971-000000533206,0.0,156644693.33333334,0.32328956047250706,,,,,2.173365052666971,1.0,0.0
,0.0,0.0,salt_pepper:0.05,45.00010568868087,0.9938031593933182,,0.0,"{""S4_HEADER_FAILURE"":3}",C1,3,0,coco-000000142971-000000533206,0.0,158131541.33333334,0.39835252143670924,,,,,2.5705324166659316,1.0,0.0
0.0,1.0,1.0,clean,45.00004123297609,0.9937880849429859,0.0,1.0,"{""S0_COMPLETE"":1}",C2,1,0,coco-000000142971-000000533206,1.0,154914816.0,0.00011243029321820471,1.0,1.0,,1.0,3.3885465109997313,0.0,1.0
,0.0,0.0,gaussian:10,45.00004123297609,0.9937880849429859,,0.0,"{""S4_HEADER_FAILURE"":3}",C2,3,0,coco-000000142971-000000533206,0.0,156153173.33333334,0.3208565689272651,,,,,3.3113763543333334,1.0,0.0
,0.0,0.0,gaussian:15,45.00004123297609,0.9937880849429859,,0.0,"{""S4_HEADER_FAILURE"":3}",C2,3,0,coco-000000142971-000000533206,0.0,156622848.0,0.3514930742939378,,,,,2.576629736333416,1.0,0.0
,0.0,0.0,gaussian:5,45.00004123297609,0.9937880849429859,,0.0,"{""S4_HEADER_FAILURE"":3}",C2,3,0,coco-000000142971-000000533206,0.0,156321109.33333334,0.2568267674042094,,,,,2.6005977910002307,1.0,0.0
,0.0,0.0,jpeg:50,45.00004123297609,0.9937880849429859,,0.0,"{""S4_HEADER_FAILURE"":1}",C2,1,0,coco-000000142971-000000533206,0.0,157753344.0,0.4707996042453679,,,,,2.068339896000907,1.0,0.0
,0.0,0.0,jpeg:70,45.00004123297609,0.9937880849429859,,0.0,"{""S4_HEADER_FAILURE"":1}",C2,1,0,coco-000000142971-000000533206,0.0,155951104.0,0.4479537686634287,,,,,2.450401239999337,1.0,0.0
,0.0,0.0,jpeg:90,45.00004123297609,0.9937880849429859,,0.0,"{""S4_HEADER_FAILURE"":1}",C2,1,0,coco-000000142971-000000533206,0.0,156790784.0,0.34873628350422736,,,,,2.4371323470004427,1.0,0.0
,0.0,0.0,salt_pepper:0.01,45.00004123297609,0.9937880849429859,,0.0,"{""S4_HEADER_FAILURE"":3}",C2,3,0,coco-000000142971-000000533206,0.0,155757226.66666666,0.1640477903699706,,,,,2.6900237266660647,1.0,0.0
,0.0,0.0,salt_pepper:0.03,45.00004123297609,0.9937880849429859,,0.0,"{""S4_HEADER_FAILURE"":3}",C2,3,0,coco-000000142971-000000533206,0.0,156999680.0,0.3228353420879055,,,,,2.454970647000058,1.0,0.0
,0.0,0.0,salt_pepper:0.05,45.00004123297609,0.9937880849429859,,0.0,"{""S4_HEADER_FAILURE"":3}",C2,3,0,coco-000000142971-000000533206,0.0,157280938.66666666,0.39742759489116747,,,,,2.3840138773333215,1.0,0.0
0.0,1.0,1.0,clean,45.000000948646374,0.993802670123935,0.0,1.0,"{""S0_COMPLETE"":1}",C3,1,0,coco-000000142971-000000533206,1.0,157741056.0,0.00010343586976074834,1.0,1.0,,1.0,2.637375312999211,0.0,1.0
,0.0,0.0,gaussian:10,45.000000948646374,0.993802670123935,,0.0,"{""S4_HEADER_FAILURE"":3}",C3,3,0,coco-000000142971-000000533206,0.0,156078080.0,0.3227124183006536,,,,,1.859622665333518,1.0,0.0
,0.0,0.0,gaussian:15,45.000000948646374,0.993802670123935,,0.0,"{""S4_HEADER_FAILURE"":3}",C3,3,0,coco-000000142971-000000533206,0.0,154550272.0,0.352884211788691,,,,,1.7622849753333867,1.0,0.0
,0.0,0.0,gaussian:5,45.000000948646374,0.993802670123935,,0.0,"{""S4_HEADER_FAILURE"":3}",C3,3,0,coco-000000142971-000000533206,0.0,156347050.66666666,0.25875457216525755,,,,,1.9378723943330745,1.0,0.0
,0.0,0.0,jpeg:50,45.000000948646374,0.993802670123935,,0.0,"{""S4_HEADER_FAILURE"":1}",C3,1,0,coco-000000142971-000000533206,0.0,156286976.0,0.46681057744198595,,,,,1.974223360999531,1.0,0.0
,0.0,0.0,jpeg:70,45.000000948646374,0.993802670123935,,0.0,"{""S4_HEADER_FAILURE"":1}",C3,1,0,coco-000000142971-000000533206,0.0,156790784.0,0.44471577621874436,,,,,1.9998548650000885,1.0,0.0
,0.0,0.0,jpeg:90,45.000000948646374,0.993802670123935,,0.0,"{""S4_HEADER_FAILURE"":1}",C3,1,0,coco-000000142971-000000533206,0.0,158416896.0,0.3433756071235834,,,,,1.8226076069986448,1.0,0.0
,0.0,0.0,salt_pepper:0.01,45.000000948646374,0.993802670123935,,0.0,"{""S4_HEADER_FAILURE"":3}",C3,3,0,coco-000000142971-000000533206,0.0,157391530.66666666,0.1632547820351382,,,,,1.6638796450000275,1.0,0.0
,0.0,0.0,salt_pepper:0.03,45.000000948646374,0.993802670123935,,0.0,"{""S4_HEADER_FAILURE"":3}",C3,3,0,coco-000000142971-000000533206,0.0,156839936.0,0.3240630808898483,,,,,1.729470295333158,1.0,0.0
,0.0,0.0,salt_pepper:0.05,45.000000948646374,0.993802670123935,,0.0,"{""S4_HEADER_FAILURE"":3}",C3,3,0,coco-000000142971-000000533206,0.0,156707498.66666666,0.3986388439167716,,,,,1.7258904656664527,1.0,0.0
0.0,1.0,1.0,clean,45.000009005482426,0.9937994721806909,0.0,1.0,"{""S0_COMPLETE"":1}",C3_NP,1,0,coco-000000142971-000000533206,1.0,155615232.0,9.893865803202014e-05,1.0,1.0,,1.0,2.2777954100001807,0.0,1.0
,0.0,0.0,gaussian:10,45.00000900548243,0.9937994721806908,,0.0,"{""S4_HEADER_FAILURE"":3}",C3_NP,3,0,coco-000000142971-000000533206,0.0,156304725.33333334,0.32120435330095337,,,,,2.043786905667124,1.0,0.0
,0.0,0.0,gaussian:15,45.00000900548243,0.9937994721806908,,0.0,"{""S4_HEADER_FAILURE"":3}",C3_NP,3,0,coco-000000142971-000000533206,0.0,155856896.0,0.3535842777477964,,,,,1.7104597560003942,1.0,0.0
,0.0,0.0,gaussian:5,45.00000900548243,0.9937994721806908,,0.0,"{""S4_HEADER_FAILURE"":3}",C3_NP,3,0,coco-000000142971-000000533206,0.0,156665173.33333334,0.2590064160220663,,,,,2.0840483759996764,1.0,0.0
,0.0,0.0,jpeg:50,45.000009005482426,0.9937994721806909,,0.0,"{""S4_HEADER_FAILURE"":1}",C3_NP,1,0,coco-000000142971-000000533206,0.0,158416896.0,0.46669364993703905,,,,,1.9647965549993387,1.0,0.0
,0.0,0.0,jpeg:70,45.000009005482426,0.9937994721806909,,0.0,"{""S4_HEADER_FAILURE"":1}",C3_NP,1,0,coco-000000142971-000000533206,0.0,154931200.0,0.444126641482281,,,,,1.923673733999749,1.0,0.0
,0.0,0.0,jpeg:90,45.000009005482426,0.9937994721806909,,0.0,"{""S4_HEADER_FAILURE"":1}",C3_NP,1,0,coco-000000142971-000000533206,0.0,156487680.0,0.3417206332074114,,,,,1.8013102709992381,1.0,0.0
,0.0,0.0,salt_pepper:0.01,45.00000900548243,0.9937994721806908,,0.0,"{""S4_HEADER_FAILURE"":3}",C3_NP,3,0,coco-000000142971-000000533206,0.0,155759957.33333334,0.1629279846495173,,,,,1.7238532666663862,1.0,0.0
,0.0,0.0,salt_pepper:0.03,45.00000900548243,0.9937994721806908,,0.0,"{""S4_HEADER_FAILURE"":3}",C3_NP,3,0,coco-000000142971-000000533206,0.0,156730709.33333334,0.32414403070096537,,,,,2.0515311553335778,1.0,0.0
,0.0,0.0,salt_pepper:0.05,45.00000900548243,0.9937994721806908,,0.0,"{""S4_HEADER_FAILURE"":3}",C3_NP,3,0,coco-000000142971-000000533206,0.0,156549120.0,0.39931042753492835,,,,,1.9755934733335987,1.0,0.0
,,1.0,clean,45.71836196787743,0.9921735933284781,,,"{""S0_COMPLETE"":1}",B1,1,0,coco-000000166165-000000213033,1.0,156286976.0,0.0,1.0,1.0,,1.0,0.002894545999879483,0.0,
,,0.0,gaussian:10,45.71836196787743,0.9921735933284781,,,"{""S2_HEADER_VALID_PARTIAL"":3}",B1,3,0,coco-000000166165-000000213033,0.5090255737304688,156185941.33333334,0.49097442626953125,0.5090255737304688,0.7128141612404755,7.782850245014825,0.012974402686747937,0.01082960033272684,0.0,
,,0.0,gaussian:15,45.71836196787743,0.9921735933284781,,,"{""S2_HEADER_VALID_PARTIAL"":3}",B1,3,0,coco-000000166165-000000213033,0.50408935546875,155581098.66666666,0.49591064453125,0.50408935546875,0.7097311233406124,7.733367046671986,0.011430652908386019,0.04590553766623392,0.0,
,,0.0,gaussian:5,45.71836196787743,0.9921735933284781,,,"{""S2_HEADER_VALID_PARTIAL"":3}",B1,3,0,coco-000000166165-000000213033,0.5325266520182291,156629674.66666666,0.4674733479817708,0.5325266520182291,0.7172452933770885,8.006878139026886,0.015429346824686758,0.009890898000473195,0.0,
,,0.0,jpeg:50,45.71836196787743,0.9921735933284781,,,"{""S2_HEADER_VALID_PARTIAL"":1}",B1,1,0,coco-000000166165-000000213033,0.5021438598632812,157339648.0,0.49785614013671875,0.5021438598632812,0.7093759584567205,7.738150514269635,0.01056885500509132,0.0056168290011555655,0.0,
,,0.0,jpeg:70,45.71836196787743,0.9921735933284781,,,"{""S2_HEADER_VALID_PARTIAL"":1}",B1,1,0,coco-000000166165-000000213033,0.5028457641601562,154931200.0,0.49715423583984375,0.5028457641601562,0.709173807443197,7.748025948403812,0.012028296234919699,0.006057611000869656,0.0,
,,0.0,jpeg:90,45.71836196787743,0.9921735933284781,,,"{""S2_HEADER_VALID_PARTIAL"":1}",B1,1,0,coco-000000166165-000000213033,0.5179214477539062,159084544.0,0.48207855224609375,0.5179214477539062,0.7158906346829708,7.905271442193392,0.014210328859254728,0.005662711000695708,0.0,
,,0.0,salt_pepper:0.01,45.71836196787743,0.9921735933284781,,,"{""S2_HEADER_VALID_PARTIAL"":3}",B1,3,0,coco-000000166165-000000213033,0.9950078328450521,156185941.33333334,0.004992167154947917,0.9950078328450521,0.9945183065308788,26.69860372999236,0.8406033721549436,0.012421493000147166,0.0,
,,0.0,salt_pepper:0.03,45.71836196787743,0.9921735933284781,,,"{""S2_HEADER_VALID_PARTIAL"":3}",B1,3,0,coco-000000166165-000000213033,0.98516845703125,158347264.0,0.01483154296875,0.98516845703125,0.9823207719476605,21.537775433929898,0.5978760131345728,0.012701203666438232,0.0,
,,0.0,salt_pepper:0.05,45.71836196787743,0.9921735933284781,,,"{""S2_HEADER_VALID_PARTIAL"":3}",B1,3,0,coco-000000166165-000000213033,0.9741439819335938,155245226.66666666,0.02585601806640625,0.9741439819335938,0.9700250454285189,19.17511066185621,0.4503419861669906,0.00820698133308421,0.0,
,,0.0,clean,,,,,"{""S5_EXTRACTION_TRANSFORM_FAILURE"":1}",B2,1,0,coco-000000166165-000000213033,,157339648.0,,,,,,,,
,,0.0,gaussian:10,,,,,"{""S5_EXTRACTION_TRANSFORM_FAILURE"":3}",B2,3,0,coco-000000166165-000000213033,,156551850.66666666,,,,,,,,
,,0.0,gaussian:15,,,,,"{""S5_EXTRACTION_TRANSFORM_FAILURE"":3}",B2,3,0,coco-000000166165-000000213033,,157637290.66666666,,,,,,,,
,,0.0,gaussian:5,,,,,"{""S5_EXTRACTION_TRANSFORM_FAILURE"":3}",B2,3,0,coco-000000166165-000000213033,,157048832.0,,,,,,,,
,,0.0,jpeg:50,,,,,"{""S5_EXTRACTION_TRANSFORM_FAILURE"":1}",B2,1,0,coco-000000166165-000000213033,,159084544.0,,,,,,,,
,,0.0,jpeg:70,,,,,"{""S5_EXTRACTION_TRANSFORM_FAILURE"":1}",B2,1,0,coco-000000166165-000000213033,,156487680.0,,,,,,,,
,,0.0,jpeg:90,,,,,"{""S5_EXTRACTION_TRANSFORM_FAILURE"":1}",B2,1,0,coco-000000166165-000000213033,,156286976.0,,,,,,,,
,,0.0,salt_pepper:0.01,,,,,"{""S5_EXTRACTION_TRANSFORM_FAILURE"":3}",B2,3,0,coco-000000166165-000000213033,,156155904.0,,,,,,,,
,,0.0,salt_pepper:0.03,,,,,"{""S5_EXTRACTION_TRANSFORM_FAILURE"":3}",B2,3,0,coco-000000166165-000000213033,,157444778.66666666,,,,,,,,
,,0.0,salt_pepper:0.05,,,,,"{""S5_EXTRACTION_TRANSFORM_FAILURE"":3}",B2,3,0,coco-000000166165-000000213033,,156252842.66666666,,,,,,,,
0.0,1.0,1.0,clean,45.000000948646374,0.9866679288934399,0.0,1.0,"{""S0_COMPLETE"":1}",C0,1,0,coco-000000166165-000000213033,1.0,157511680.0,0.0019382982550818493,1.0,1.0,,1.0,3.9872152759999153,0.0,1.0
,0.0,0.0,gaussian:10,45.000000948646374,0.9866679288934398,,0.0,"{""S4_HEADER_FAILURE"":3}",C0,3,0,coco-000000166165-000000213033,0.0,156177749.33333334,0.3224980512082509,,,,,3.4092802730004528,1.0,0.0
,0.0,0.0,gaussian:15,45.000000948646374,0.9866679288934398,,0.0,"{""S4_HEADER_FAILURE"":3}",C0,3,0,coco-000000166165-000000213033,0.0,155080021.33333334,0.35266834562571203,,,,,3.277766665333426,1.0,0.0
,0.0,0.0,gaussian:5,45.000000948646374,0.9866679288934398,,0.0,"{""S4_HEADER_FAILURE"":3}",C0,3,0,coco-000000166165-000000213033,0.0,154931200.0,0.2596165377465971,,,,,3.570438752999204,1.0,0.0
,0.0,0.0,jpeg:50,45.000000948646374,0.9866679288934399,,0.0,"{""S4_HEADER_FAILURE"":1}",C0,1,0,coco-000000166165-000000213033,0.0,156057600.0,0.47477064220183485,,,,,2.8543933849996392,1.0,0.0
,0.0,0.0,jpeg:70,45.000000948646374,0.9866679288934399,,0.0,"{""S4_HEADER_FAILURE"":1}",C0,1,0,coco-000000166165-000000213033,0.0,157753344.0,0.4533234394675301,,,,,2.5033615169995755,1.0,0.0
,0.0,0.0,jpeg:90,45.000000948646374,0.9866679288934399,,0.0,"{""S4_HEADER_FAILURE"":1}",C0,1,0,coco-000000166165-000000213033,0.0,156790784.0,0.35449721172872817,,,,,2.9108125000002474,1.0,0.0
,0.0,0.0,salt_pepper:0.01,45.000000948646374,0.9866679288934398,,0.0,"{""S4_HEADER_FAILURE"":3}",C0,3,0,coco-000000166165-000000213033,0.0,157241344.0,0.16952239611440909,,,,,3.2354450976666462,1.0,0.0
,0.0,0.0,salt_pepper:0.03,45.000000948646374,0.9866679288934398,,0.0,"{""S4_HEADER_FAILURE"":3}",C0,3,0,coco-000000166165-000000213033,0.0,155103232.0,0.3310472507045632,,,,,2.607374975666365,1.0,0.0
,0.0,0.0,salt_pepper:0.05,45.000000948646374,0.9866679288934398,,0.0,"{""S4_HEADER_FAILURE"":3}",C0,3,0,coco-000000166165-000000213033,0.0,156356608.0,0.4032259998800744,,,,,2.2605374090004866,1.0,0.0
0.0,1.0,1.0,clean,45.00001706233342,0.9869392705640867,0.0,1.0,"{""S0_COMPLETE"":1}",C1,1,0,coco-000000166165-000000213033,1.0,156790784.0,0.002046231336571326,1.0,1.0,,1.0,3.316461652999351,0.0,1.0
,0.0,0.0,gaussian:10,45.00001706233342,0.9869392705640867,,0.0,"{""S4_HEADER_FAILURE"":3}",C1,3,0,coco-000000166165-000000213033,0.0,156401664.0,0.32392216825568143,,,,,1.8664413439995162,1.0,0.0
,0.0,0.0,gaussian:15,45.00001706233342,0.9869392705640867,,0.0,"{""S4_HEADER_FAILURE"":3}",C1,3,0,coco-000000166165-000000213033,0.0,156155904.0,0.3530626011872639,,,,,1.7933415353333355,1.0,0.0
,0.0,0.0,gaussian:5,45.00001706233342,0.9869392705640867,,0.0,"{""S4_HEADER_FAILURE"":3}",C1,3,0,coco-000000166165-000000213033,0.0,155680768.0,0.26026863344726264,,,,,2.0950241056671075,1.0,0.0
,0.0,0.0,jpeg:50,45.00001706233342,0.9869392705640867,,0.0,"{""S4_HEADER_FAILURE"":1}",C1,1,0,coco-000000166165-000000213033,0.0,156057600.0,0.4702599388379205,,,,,2.1238072849992022,1.0,0.0
,0.0,0.0,jpeg:70,45.00001706233342,0.9869392705640867,,0.0,"{""S4_HEADER_FAILURE"":1}",C1,1,0,coco-000000166165-000000213033,0.0,155082752.0,0.44584007915092644,,,,,2.335158625000986,1.0,0.0
,0.0,0.0,jpeg:90,45.00001706233342,0.9869392705640867,,0.0,"{""S4_HEADER_FAILURE"":1}",C1,1,0,coco-000000166165-000000213033,0.0,155176960.0,0.34444594351502067,,,,,2.3511300049995043,1.0,0.0
,0.0,0.0,salt_pepper:0.01,45.00001706233342,0.9869392705640867,,0.0,"{""S4_HEADER_FAILURE"":3}",C1,3,0,coco-000000166165-000000213033,0.0,156124501.33333334,0.1673517419200096,,,,,1.657311458666906,1.0,0.0
,0.0,0.0,salt_pepper:0.03,45.00001706233342,0.9869392705640867,,0.0,"{""S4_HEADER_FAILURE"":3}",C1,3,0,coco-000000166165-000000213033,0.0,157010602.66666666,0.3314445044072675,,,,,1.7820071046668697,1.0,0.0
,0.0,0.0,salt_pepper:0.05,45.00001706233342,0.9869392705640867,,0.0,"{""S4_HEADER_FAILURE"":3}",C1,3,0,coco-000000166165-000000213033,0.0,154745514.66666666,0.40382562811057143,,,,,2.188522128667197,1.0,0.0
0.0,1.0,1.0,clean,45.000000948646374,0.9866554853844924,0.0,1.0,"{""S0_COMPLETE"":1}",C2,1,0,coco-000000166165-000000213033,1.0,156487680.0,0.0019517898902680338,1.0,1.0,,1.0,3.098260978998951,0.0,1.0
,0.0,0.0,gaussian:10,45.000000948646374,0.9866554853844924,,0.0,"{""S4_HEADER_FAILURE"":3}",C2,3,0,coco-000000166165-000000213033,0.0,157555370.66666666,0.32265845175990887,,,,,2.0583938523329075,1.0,0.0
,0.0,0.0,gaussian:15,45.000000948646374,0.9866554853844924,,0.0,"{""S4_HEADER_FAILURE"":3}",C2,3,0,coco-000000166165-000000213033,0.0,155486890.66666666,0.35291869041194457,,,,,1.9617716129996552,1.0,0.0
,0.0,0.0,gaussian:5,45.000000948646374,0.9866554853844924,,0.0,"{""S4_HEADER_FAILURE"":3}",C2,3,0,coco-000000166165-000000213033,0.0,155245226.66666666,0.2594876176770402,,,,,1.958200741333106,1.0,0.0
,0.0,0.0,jpeg:50,45.000000948646374,0.9866554853844924,,0.0,"{""S4_HEADER_FAILURE"":1}",C2,1,0,coco-000000166165-000000213033,0.0,157663232.0,0.4755081849253463,,,,,1.9490876700001536,1.0,0.0
,0.0,0.0,jpeg:70,45.000000948646374,0.9866554853844924,,0.0,"{""S4_HEADER_FAILURE"":1}",C2,1,0,coco-000000166165-000000213033,0.0,153763840.0,0.45202374527792766,,,,,1.9193712960004632,1.0,0.0
,0.0,0.0,jpeg:90,45.000000948646374,0.9866554853844924,,0.0,"{""S4_HEADER_FAILURE"":1}",C2,1,0,coco-000000166165-000000213033,0.0,156790784.0,0.35605774419859687,,,,,1.9881102819999796,1.0,0.0
,0.0,0.0,salt_pepper:0.01,45.000000948646374,0.9866554853844924,,0.0,"{""S4_HEADER_FAILURE"":3}",C2,3,0,coco-000000166165-000000213033,0.0,156830378.66666666,0.16916261917611083,,,,,1.888049327333647,1.0,0.0
,0.0,0.0,salt_pepper:0.03,45.000000948646374,0.9866554853844924,,0.0,"{""S4_HEADER_FAILURE"":3}",C2,3,0,coco-000000166165-000000213033,0.0,155866453.33333334,0.33077292078911075,,,,,1.7744226246668404,1.0,0.0
,0.0,0.0,salt_pepper:0.05,45.000000948646374,0.9866554853844924,,0.0,"{""S4_HEADER_FAILURE"":3}",C2,3,0,coco-000000166165-000000213033,0.0,154862933.33333334,0.4030131318582479,,,,,1.8273214513343798,1.0,0.0
0.0,1.0,1.0,clean,45.000009005482426,0.9869149438970611,0.0,1.0,"{""S0_COMPLETE"":1}",C3,1,0,coco-000000166165-000000213033,1.0,157753344.0,0.0020192480661989564,1.0,1.0,,1.0,3.854036869999618,0.0,1.0
,0.0,0.0,gaussian:10,45.00000900548243,0.9869149438970611,,0.0,"{""S4_HEADER_FAILURE"":3}",C3,3,0,coco-000000166165-000000213033,0.0,156454912.0,0.3235084247766385,,,,,2.217639683665766,1.0,0.0
,0.0,0.0,gaussian:15,45.00000900548243,0.9869149438970611,,0.0,"{""S4_HEADER_FAILURE"":3}",C3,3,0,coco-000000166165-000000213033,0.0,157022890.66666666,0.35408796546141397,,,,,2.657140488000247,1.0,0.0
,0.0,0.0,gaussian:5,45.00000900548243,0.9869149438970611,,0.0,"{""S4_HEADER_FAILURE"":3}",C3,3,0,coco-000000166165-000000213033,0.0,156730709.33333334,0.2604979912454278,,,,,2.8638869190005303,1.0,0.0
,0.0,0.0,jpeg:50,45.000009005482426,0.9869149438970611,,0.0,"{""S4_HEADER_FAILURE"":1}",C3,1,0,coco-000000166165-000000213033,0.0,155615232.0,0.4707546321280806,,,,,2.9552488880017336,1.0,0.0
,0.0,0.0,jpeg:70,45.000009005482426,0.9869149438970611,,0.0,"{""S4_HEADER_FAILURE"":1}",C3,1,0,coco-000000166165-000000213033,0.0,155938816.0,0.44812016549739164,,,,,3.2471654239998315,1.0,0.0
,0.0,0.0,jpeg:90,45.000009005482426,0.9869149438970611,,0.0,"{""S4_HEADER_FAILURE"":1}",C3,1,0,coco-000000166165-000000213033,0.0,154931200.0,0.347004856988667,,,,,2.777226950000113,1.0,0.0
,0.0,0.0,salt_pepper:0.01,45.00000900548243,0.9869149438970611,,0.0,"{""S4_HEADER_FAILURE"":3}",C3,3,0,coco-000000166165-000000213033,0.0,154324992.0,0.16855249745158005,,,,,2.637883192666777,1.0,0.0
,0.0,0.0,salt_pepper:0.03,45.00000900548243,0.9869149438970611,,0.0,"{""S4_HEADER_FAILURE"":3}",C3,3,0,coco-000000166165-000000213033,0.0,157106176.0,0.33183576182766683,,,,,1.9256615413329807,1.0,0.0
,0.0,0.0,salt_pepper:0.05,45.00000900548243,0.9869149438970611,,0.0,"{""S4_HEADER_FAILURE"":3}",C3,3,0,coco-000000166165-000000213033,0.0,155338069.33333334,0.40419140133117465,,,,,2.166038833666486,1.0,0.0
0.0,1.0,1.0,clean,45.00001706233342,0.9869306499784622,0.0,1.0,"{""S0_COMPLETE"":1}",C3_NP,1,0,coco-000000166165-000000213033,1.0,157663232.0,0.00238352221622594,1.0,1.0,,1.0,2.9561904429992865,0.0,1.0
,0.0,0.0,gaussian:10,45.00001706233342,0.9869306499784622,,0.0,"{""S4_HEADER_FAILURE"":3}",C3_NP,3,0,coco-000000166165-000000213033,0.0,156510890.66666666,0.3236208550698567,,,,,1.973225832000632,1.0,0.0
,0.0,0.0,gaussian:15,45.00001706233342,0.9869306499784622,,0.0,"{""S4_HEADER_FAILURE"":3}",C3_NP,3,0,coco-000000166165-000000213033,0.0,156022101.33333334,0.3542918390597829,,,,,1.908625217000008,1.0,0.0
,0.0,0.0,gaussian:5,45.00001706233342,0.9869306499784622,,0.0,"{""S4_HEADER_FAILURE"":3}",C3_NP,3,0,coco-000000166165-000000213033,0.0,156095829.33333334,0.26002578401391135,,,,,2.0487768383330454,1.0,0.0
,0.0,0.0,jpeg:50,45.00001706233342,0.9869306499784622,,0.0,"{""S4_HEADER_FAILURE"":1}",C3_NP,1,0,coco-000000166165-000000213033,0.0,156487680.0,0.4702959165317503,,,,,2.5807489909984724,1.0,0.0
,0.0,0.0,jpeg:70,45.00001706233342,0.9869306499784622,,0.0,"{""S4_HEADER_FAILURE"":1}",C3_NP,1,0,coco-000000166165-000000213033,0.0,155734016.0,0.44689692390717756,,,,,1.7641412370012404,1.0,0.0
,0.0,0.0,jpeg:90,45.00001706233342,0.9869306499784622,,0.0,"{""S4_HEADER_FAILURE"":1}",C3_NP,1,0,coco-000000166165-000000213033,0.0,155189248.0,0.34668555495592734,,,,,2.116561216000264,1.0,0.0
,0.0,0.0,salt_pepper:0.01,45.00001706233342,0.9869306499784622,,0.0,"{""S4_HEADER_FAILURE"":3}",C3_NP,3,0,coco-000000166165-000000213033,0.0,158044160.0,0.16843407087605686,,,,,2.435646616667024,1.0,0.0
,0.0,0.0,salt_pepper:0.03,45.00001706233342,0.9869306499784622,,0.0,"{""S4_HEADER_FAILURE"":3}",C3_NP,3,0,coco-000000166165-000000213033,0.0,154324992.0,0.33206811776698447,,,,,2.1357693203335657,1.0,0.0
,0.0,0.0,salt_pepper:0.05,45.00001706233342,0.9869306499784622,,0.0,"{""S4_HEADER_FAILURE"":3}",C3_NP,3,0,coco-000000166165-000000213033,0.0,156755285.33333334,0.4047520537266895,,,,,2.656046386666882,1.0,0.0
,,1.0,clean,45.577325743889304,0.9864317280145956,,,"{""S0_COMPLETE"":1}",B1,1,0,coco-000000167353-000000257896,1.0,156487680.0,0.0,1.0,1.0,,1.0,0.003339456998219248,0.0,
,,0.0,gaussian:10,45.577325743889304,0.9864317280145954,,,"{""S2_HEADER_VALID_PARTIAL"":3}",B1,3,0,coco-000000167353-000000257896,0.5044123331705729,156755285.33333334,0.49558766682942706,0.5044123331705729,0.6810549108346137,7.452083632034962,0.009477648685130265,0.01041725533286808,0.0,
,,0.0,gaussian:15,45.577325743889304,0.9864317280145954,,,"{""S2_HEADER_VALID_PARTIAL"":3}",B1,3,0,coco-000000167353-000000257896,0.5000534057617188,155531946.66666666,0.49994659423828125,0.5000534057617188,0.6809959853596373,7.429060304540234,0.007079363593445079,0.009055831999527678,0.0,
,,0.0,gaussian:5,45.577325743889304,0.9864317280145954,,,"{""S2_HEADER_VALID_PARTIAL"":3}",B1,3,0,coco-000000167353-000000257896,0.5282872517903646,155531946.66666666,0.47171274820963544,0.5282872517903646,0.6882599747920007,7.677513032224259,0.01465889569314971,0.0076260536661720835,0.0,
,,0.0,jpeg:50,45.577325743889304,0.9864317280145956,,,"{""S2_HEADER_VALID_PARTIAL"":1}",B1,1,0,coco-000000167353-000000257896,0.5058135986328125,155897856.0,0.4941864013671875,0.5058135986328125,0.692830640815579,7.901888133224803,0.012204472718101208,0.00429630799953884,0.0,
,,0.0,jpeg:70,45.577325743889304,0.9864317280145956,,,"{""S2_HEADER_VALID_PARTIAL"":1}",B1,1,0,coco-000000167353-000000257896,0.5115127563476562,158416896.0,0.48848724365234375,0.5115127563476562,0.6864228055295866,7.672519374471404,0.007518271846015911,0.006939651999346097,0.0,
,,0.0,jpeg:90,45.577325743889304,0.9864317280145956,,,"{""S2_HEADER_VALID_PARTIAL"":1}",B1,1,0,coco-000000167353-000000257896,0.5258102416992188,154931200.0,0.47418975830078125,0.5258102416992188,0.6967250362741805,7.80993698288732,0.016378138901150637,0.004988538999896264,0.0,
,,0.0,salt_pepper:0.01,45.577325743889304,0.9864317280145954,,,"{""S2_HEADER_VALID_PARTIAL"":3}",B1,3,0,coco-000000167353-000000257896,0.9947636922200521,156755285.33333334,0.005236307779947917,0.9947636922200521,0.9931689160852605,25.980341880573253,0.8278653117539454,0.006915625666200261,0.0,
,,0.0,salt_pepper:0.03,45.577325743889304,0.9864317280145954,,,"{""S2_HEADER_VALID_PARTIAL"":3}",B1,3,0,coco-000000167353-000000257896,0.9856109619140625,155286186.66666666,0.0143890380859375,0.9856109619140625,0.9814421230406204,21.529637877405758,0.6141894321747757,0.02333999433297625,0.0,
,,0.0,salt_pepper:0.05,45.577325743889304,0.9864317280145954,,,"{""S2_HEADER_VALID_PARTIAL"":3}",B1,3,0,coco-000000167353-000000257896,0.9750645955403646,155953834.66666666,0.024935404459635418,0.9750645955403646,0.9684140597611948,19.18614379115365,0.4662511064848331,0.010282103998785411,0.0,
,,1.0,clean,44.80121007311483,0.9780388907206197,,,"{""S0_COMPLETE"":1}",B2,1,0,coco-000000167353-000000257896,1.0,155951104.0,0.0,1.0,1.0,,1.0,0.012977861999388551,0.0,
,,0.0,gaussian:10,44.80121007311484,0.9780388907206197,,,"{""S2_HEADER_VALID_PARTIAL"":3}",B2,3,0,coco-000000167353-000000257896,0.5105870564778646,156812629.33333334,0.48941294352213544,0.5105870564778646,0.6841042366305059,7.539162934890162,0.012046451866675523,0.016814169999634032,0.0,
,,0.0,gaussian:15,44.80121007311484,0.9780388907206197,,,"{""S2_HEADER_VALID_PARTIAL"":3}",B2,3,0,coco-000000167353-000000257896,0.5012791951497396,155929258.66666666,0.49872080485026044,0.5012791951497396,0.6795051433143455,7.4156353828165775,0.008712296687622441,0.01684087333342177,0.0,
,,0.0,gaussian:5,44.80121007311484,0.9780388907206197,,,"{""S2_HEADER_VALID_PARTIAL"":3}",B2,3,0,coco-000000167353-000000257896,0.5800247192382812,155759957.33333334,0.41997528076171875,0.5800247192382812,0.7160216304670377,8.19507354765472,0.02438488142949684,0.01652780933242563,0.0,
,,0.0,jpeg:50,44.80121007311483,0.9780388907206197,,,"{""S2_HEADER_VALID_PARTIAL"":1}",B2,1,0,coco-000000167353-000000257896,0.5182571411132812,154931200.0,0.48174285888671875,0.5182571411132812,0.40114047818335563,8.043582028082023,0.016092741664602193,0.014210934999937308,0.0,
,,0.0,jpeg:70,44.80121007311483,0.9780388907206197,,,"{""S2_HEADER_VALID_PARTIAL"":1}",B2,1,0,coco-000000167353-000000257896,0.5093460083007812,154439680.0,0.49065399169921875,0.5093460083007812,0.4819649443570267,8.341823334867573,0.006091311382336065,0.01309414299976197,0.0,
,,0.0,jpeg:90,44.80121007311483,0.9780388907206197,,,"{""S2_HEADER_VALID_PARTIAL"":1}",B2,1,0,coco-000000167353-000000257896,0.6779556274414062,158416896.0,0.32204437255859375,0.6779556274414062,0.9282037891629552,15.686756616030934,0.381554201628955,0.011646389999441453,0.0,
,,0.0,salt_pepper:0.01,44.80121007311484,0.9780388907206197,,,"{""S2_HEADER_VALID_PARTIAL"":3}",B2,3,0,coco-000000167353-000000257896,0.7546259562174479,155581098.66666666,0.2453740437825521,0.7546259562174479,0.8129589998982828,10.57830699537824,0.0801034147829168,0.012585995666692421,0.0,
,,0.0,salt_pepper:0.03,44.80121007311484,0.9780388907206197,,,"{""S2_HEADER_VALID_PARTIAL"":3}",B2,3,0,coco-000000167353-000000257896,0.5718205769856771,157009237.33333334,0.42817942301432294,0.5718205769856771,0.7159696637461698,8.138292587464576,0.025288151614424794,0.014858099666525959,0.0,
,,0.0,salt_pepper:0.05,44.80121007311484,0.9780388907206197,,,"{""S2_HEADER_VALID_PARTIAL"":3}",B2,3,0,coco-000000167353-000000257896,0.5178705851236979,156251477.33333334,0.48212941487630206,0.5178705851236979,0.6877873613599473,7.5874340438689,0.010947501364721933,0.010822114999731033,0.0,
0.0,1.0,1.0,clean,45.000009005482426,0.9792742578777771,0.0,1.0,"{""S0_COMPLETE"":1}",C0,1,0,coco-000000167353-000000257896,1.0,156487680.0,4.497211728728188e-06,1.0,1.0,,1.0,2.584330150000824,0.0,1.0
,0.0,0.0,gaussian:10,45.00000900548243,0.9792742578777771,,0.0,"{""S4_HEADER_FAILURE"":3}",C0,3,0,coco-000000167353-000000257896,0.0,157242709.33333334,0.32177250104934946,,,,,2.0323612170001675,1.0,0.0
,0.0,0.0,gaussian:15,45.00000900548243,0.9792742578777771,,0.0,"{""S4_HEADER_FAILURE"":3}",C0,3,0,coco-000000167353-000000257896,0.0,155723093.33333334,0.35138364214187207,,,,,2.065816669666674,1.0,0.0
,0.0,0.0,gaussian:5,45.00000900548243,0.9792742578777771,,0.0,"{""S4_HEADER_FAILURE"":3}",C0,3,0,coco-000000167353-000000257896,0.0,157107541.33333334,0.2566948491935,,,,,2.063688075666505,1.0,0.0
,0.0,0.0,jpeg:50,45.000009005482426,0.9792742578777771,,0.0,"{""S4_HEADER_FAILURE"":1}",C0,1,0,coco-000000167353-000000257896,0.0,154914816.0,0.4797580500089944,,,,,2.2355602829993586,1.0,0.0
,0.0,0.0,jpeg:70,45.000009005482426,0.9792742578777771,,0.0,"{""S4_HEADER_FAILURE"":1}",C0,1,0,coco-000000167353-000000257896,0.0,155897856.0,0.45818042813455656,,,,,1.8144257889998698,1.0,0.0
,0.0,0.0,jpeg:90,45.000009005482426,0.9792742578777771,,0.0,"{""S4_HEADER_FAILURE"":1}",C0,1,0,coco-000000167353-000000257896,0.0,157741056.0,0.35331444504407267,,,,,2.013775761000943,1.0,0.0
,0.0,0.0,salt_pepper:0.01,45.00000900548243,0.9792742578777771,,0.0,"{""S4_HEADER_FAILURE"":3}",C0,3,0,coco-000000167353-000000257896,0.0,156094464.0,0.17019997601487077,,,,,2.02599572199991,1.0,0.0
,0.0,0.0,salt_pepper:0.03,45.00000900548243,0.9792742578777771,,0.0,"{""S4_HEADER_FAILURE"":3}",C0,3,0,coco-000000167353-000000257896,0.0,156549120.0,0.32928284463632546,,,,,1.9799065743336541,1.0,0.0
,0.0,0.0,salt_pepper:0.05,45.00000900548243,0.9792742578777771,,0.0,"{""S4_HEADER_FAILURE"":3}",C0,3,0,coco-000000167353-000000257896,0.0,156418048.0,0.4015125622114289,,,,,2.8132893043330114,1.0,0.0
0.0,1.0,1.0,clean,45.00004123297609,0.9792852428579051,0.0,1.0,"{""S0_COMPLETE"":1}",C1,1,0,coco-000000167353-000000257896,1.0,155840512.0,0.0,1.0,1.0,,1.0,3.001444454999728,0.0,1.0
,0.0,0.0,gaussian:10,45.00004123297609,0.979285242857905,,0.0,"{""S4_HEADER_FAILURE"":3}",C1,3,0,coco-000000167353-000000257896,0.0,156347050.66666666,0.3221697547520537,,,,,3.2950982346671176,1.0,0.0
,0.0,0.0,gaussian:15,45.00004123297609,0.979285242857905,,0.0,"{""S4_HEADER_FAILURE"":3}",C1,3,0,coco-000000167353-000000257896,0.0,156375722.66666666,0.35308508724590754,,,,,2.2533273870000508,1.0,0.0
,0.0,0.0,gaussian:5,45.00004123297609,0.979285242857905,,0.0,"{""S4_HEADER_FAILURE"":3}",C1,3,0,coco-000000167353-000000257896,0.0,156311552.0,0.2593137254901961,,,,,3.1808011490005206,1.0,0.0
,0.0,0.0,jpeg:50,45.00004123297609,0.9792852428579051,,0.0,"{""S4_HEADER_FAILURE"":1}",C1,1,0,coco-000000167353-000000257896,0.0,159100928.0,0.47924986508364814,,,,,3.644905903000108,1.0,0.0
,0.0,0.0,jpeg:70,45.00004123297609,0.9792852428579051,,0.0,"{""S4_HEADER_FAILURE"":1}",C1,1,0,coco-000000167353-000000257896,0.0,154931200.0,0.454847994243569,,,,,3.5377157839993743,1.0,0.0
,0.0,0.0,jpeg:90,45.00004123297609,0.9792852428579051,,0.0,"{""S4_HEADER_FAILURE"":1}",C1,1,0,coco-000000167353-000000257896,0.0,155176960.0,0.34724770642201835,,,,,3.341953958000886,1.0,0.0
,0.0,0.0,salt_pepper:0.01,45.00004123297609,0.979285242857905,,0.0,"{""S4_HEADER_FAILURE"":3}",C1,3,0,coco-000000167353-000000257896,0.0,157653674.66666666,0.16926905318702404,,,,,3.056826256999557,1.0,0.0
,0.0,0.0,salt_pepper:0.03,45.00004123297609,0.979285242857905,,0.0,"{""S4_HEADER_FAILURE"":3}",C1,3,0,coco-000000167353-000000257896,0.0,156286976.0,0.3293607963062901,,,,,3.0558599550004146,1.0,0.0
,0.0,0.0,salt_pepper:0.05,45.00004123297609,0.979285242857905,,0.0,"{""S4_HEADER_FAILURE"":3}",C1,3,0,coco-000000167353-000000257896,0.0,155387221.33333334,0.4020462313365713,,,,,3.0314414306661397,1.0,0.0
0.0,1.0,1.0,clean,45.00003317608025,0.9792774931586605,0.0,1.0,"{""S0_COMPLETE"":1}",C2,1,0,coco-000000167353-000000257896,1.0,155897856.0,0.0,1.0,1.0,,1.0,3.4655838039998343,0.0,1.0
,0.0,0.0,gaussian:10,45.00003317608025,0.9792774931586606,,0.0,"{""S4_HEADER_FAILURE"":3}",C2,3,0,coco-000000167353-000000257896,0.0,157832533.33333334,0.32176050848473947,,,,,2.8463121793332298,1.0,0.0
,0.0,0.0,gaussian:15,45.00003317608025,0.9792774931586606,,0.0,"{""S4_HEADER_FAILURE"":3}",C2,3,0,coco-000000167353-000000257896,0.0,156490410.66666666,0.35318702404509206,,,,,2.6975629333331503,1.0,0.0
,0.0,0.0,gaussian:5,45.00003317608025,0.9792774931586606,,0.0,"{""S4_HEADER_FAILURE"":3}",C2,3,0,coco-000000167353-000000257896,0.0,157462528.0,0.2577456976674462,,,,,2.589462762667002,1.0,0.0
,0.0,0.0,jpeg:50,45.00003317608025,0.9792774931586605,,0.0,"{""S4_HEADER_FAILURE"":1}",C2,1,0,coco-000000167353-000000257896,0.0,155176960.0,0.4813680518078791,,,,,2.890092736999577,1.0,0.0
,0.0,0.0,jpeg:70,45.00003317608025,0.9792774931586605,,0.0,"{""S4_HEADER_FAILURE"":1}",C2,1,0,coco-000000167353-000000257896,0.0,154914816.0,0.4595655693470049,,,,,2.5027520219991857,1.0,0.0
,0.0,0.0,jpeg:90,45.00003317608025,0.9792774931586605,,0.0,"{""S4_HEADER_FAILURE"":1}",C2,1,0,coco-000000167353-000000257896,0.0,156487680.0,0.35537416801583016,,,,,2.855162525000196,1.0,0.0
,0.0,0.0,salt_pepper:0.01,45.00003317608025,0.9792774931586606,,0.0,"{""S4_HEADER_FAILURE"":3}",C2,3,0,coco-000000167353-000000257896,0.0,155335338.66666666,0.16962733105474606,,,,,2.5586002113335176,1.0,0.0
,0.0,0.0,salt_pepper:0.03,45.00003317608025,0.9792774931586606,,0.0,"{""S4_HEADER_FAILURE"":3}",C2,3,0,coco-000000167353-000000257896,0.0,157063850.66666666,0.32869370989986213,,,,,2.087620298000426,1.0,0.0
,0.0,0.0,salt_pepper:0.05,45.00003317608025,0.9792774931586606,,0.0,"{""S4_HEADER_FAILURE"":3}",C2,3,0,coco-000000167353-000000257896,0.0,155148288.0,0.4013251783893986,,,,,1.8717073963331738,1.0,0.0
0.0,1.0,1.0,clean,45.000009005482426,0.9792892331301182,0.0,1.0,"{""S0_COMPLETE"":1}",C3,1,0,coco-000000167353-000000257896,1.0,156790784.0,0.0,1.0,1.0,,1.0,2.2470503070017003,0.0,1.0
,0.0,0.0,gaussian:10,45.00000900548243,0.9792892331301181,,0.0,"{""S4_HEADER_FAILURE"":3}",C3,3,0,coco-000000167353-000000257896,0.0,155725824.0,0.3220963002938178,,,,,1.75283407166656,1.0,0.0
,0.0,0.0,gaussian:15,45.00000900548243,0.9792892331301181,,0.0,"{""S4_HEADER_FAILURE"":3}",C3,3,0,coco-000000167353-000000257896,0.0,157391530.66666666,0.35268783354320316,,,,,1.7181214369999604,1.0,0.0
,0.0,0.0,gaussian:5,45.00000900548243,0.9792892331301181,,0.0,"{""S4_HEADER_FAILURE"":3}",C3,3,0,coco-000000167353-000000257896,0.0,158419626.66666666,0.25856568927265094,,,,,1.6120582933332723,1.0,0.0
,0.0,0.0,jpeg:50,45.000009005482426,0.9792892331301182,,0.0,"{""S4_HEADER_FAILURE"":1}",C3,1,0,coco-000000167353-000000257896,0.0,157339648.0,0.47915992084907355,,,,,1.8177262700010033,1.0,0.0
,0.0,0.0,jpeg:70,45.000009005482426,0.9792892331301182,,0.0,"{""S4_HEADER_FAILURE"":1}",C3,1,0,coco-000000167353-000000257896,0.0,155176960.0,0.4533324338909876,,,,,1.9019398070013267,1.0,0.0
,0.0,0.0,jpeg:90,45.000009005482426,0.9792892331301182,,0.0,"{""S4_HEADER_FAILURE"":1}",C3,1,0,coco-000000167353-000000257896,0.0,154931200.0,0.34567817952869223,,,,,1.8326353060001566,1.0,0.0
,0.0,0.0,salt_pepper:0.01,45.00000900548243,0.9792892331301181,,0.0,"{""S4_HEADER_FAILURE"":3}",C3,3,0,coco-000000167353-000000257896,0.0,155387221.33333334,0.1685794807219524,,,,,1.8615995403324632,1.0,0.0
,0.0,0.0,salt_pepper:0.03,45.00000900548243,0.9792892331301181,,0.0,"{""S4_HEADER_FAILURE"":3}",C3,3,0,coco-000000167353-000000257896,0.0,157009237.33333334,0.32958715596330274,,,,,1.9412531266668036,1.0,0.0
,0.0,0.0,salt_pepper:0.05,45.00000900548243,0.9792892331301181,,0.0,"{""S4_HEADER_FAILURE"":3}",C3,3,0,coco-000000167353-000000257896,0.0,157118464.0,0.40255591533249385,,,,,1.991656466333249,1.0,0.0
0.0,1.0,1.0,clean,45.000009005482426,0.9793196512029437,0.0,1.0,"{""S0_COMPLETE"":1}",C3_NP,1,0,coco-000000167353-000000257896,1.0,155840512.0,0.0,1.0,1.0,,1.0,2.2042126250016736,0.0,1.0
,0.0,0.0,gaussian:10,45.00000900548243,0.9793196512029437,,0.0,"{""S4_HEADER_FAILURE"":3}",C3_NP,3,0,coco-000000167353-000000257896,0.0,158423722.66666666,0.32274389878275467,,,,,1.8156916810003167,1.0,0.0
,0.0,0.0,gaussian:15,45.00000900548243,0.9793196512029437,,0.0,"{""S4_HEADER_FAILURE"":3}",C3_NP,3,0,coco-000000167353-000000257896,0.0,155725824.0,0.3531915212568208,,,,,1.8209335699993972,1.0,0.0
,0.0,0.0,gaussian:5,45.00000900548243,0.9793196512029437,,0.0,"{""S4_HEADER_FAILURE"":3}",C3_NP,3,0,coco-000000167353-000000257896,0.0,156487680.0,0.2585117227319062,,,,,1.7135258636668975,1.0,0.0
,0.0,0.0,jpeg:50,45.000009005482426,0.9793196512029437,,0.0,"{""S4_HEADER_FAILURE"":1}",C3_NP,1,0,coco-000000167353-000000257896,0.0,155176960.0,0.4793443065299514,,,,,1.8196696840004734,1.0,0.0
,0.0,0.0,jpeg:70,45.000009005482426,0.9793196512029437,,0.0,"{""S4_HEADER_FAILURE"":1}",C3_NP,1,0,coco-000000167353-000000257896,0.0,157339648.0,0.4545781615398453,,,,,1.7931715289996646,1.0,0.0
,0.0,0.0,jpeg:90,45.000009005482426,0.9793196512029437,,0.0,"{""S4_HEADER_FAILURE"":1}",C3_NP,1,0,coco-000000167353-000000257896,0.0,156286976.0,0.3449271451699946,,,,,1.6403904580001836,1.0,0.0
,0.0,0.0,salt_pepper:0.01,45.00000900548243,0.9793196512029437,,0.0,"{""S4_HEADER_FAILURE"":3}",C3_NP,3,0,coco-000000167353-000000257896,0.0,156902741.33333334,0.1688043413083888,,,,,1.86649781000051,1.0,0.0
,0.0,0.0,salt_pepper:0.03,45.00000900548243,0.9793196512029437,,0.0,"{""S4_HEADER_FAILURE"":3}",C3_NP,3,0,coco-000000167353-000000257896,0.0,155454122.66666666,0.3306290100137914,,,,,2.016315417333923,1.0,0.0
,0.0,0.0,salt_pepper:0.05,45.00000900548243,0.9793196512029437,,0.0,"{""S4_HEADER_FAILURE"":3}",C3_NP,3,0,coco-000000167353-000000257896,0.0,155769514.66666666,0.40262787072015344,,,,,1.945182978667314,1.0,0.0
,,1.0,clean,46.365431258118754,0.9935132783397621,,,"{""S0_COMPLETE"":1}",B1,1,0,coco-000000170099-000000214205,1.0,156487680.0,0.0,1.0,1.0,,1.0,0.0025671750008768868,0.0,
,,0.0,gaussian:10,46.365431258118754,0.9935132783397621,,,"{""S2_HEADER_VALID_PARTIAL"":3}",B1,3,0,coco-000000170099-000000214205,0.5061670939127604,157361493.33333334,0.49383290608723956,0.5061670939127604,0.8665025308100764,10.223786081589923,0.011458490233926534,0.02112687533432715,0.0,
,,0.0,gaussian:15,46.365431258118754,0.9935132783397621,,,"{""S2_HEADER_VALID_PARTIAL"":3}",B1,3,0,coco-000000170099-000000214205,0.5028177897135416,156591445.33333334,0.4971822102864583,0.5028177897135416,0.8650651635318244,10.160981146409723,0.011211856654416172,0.009373700999882809,0.0,
,,0.0,gaussian:5,46.365431258118754,0.9935132783397621,,,"{""S2_HEADER_VALID_PARTIAL"":3}",B1,3,0,coco-000000170099-000000214205,0.53240966796875,157263189.33333334,0.46759033203125,0.53240966796875,0.8726438929300282,10.432729675077349,0.012062161611824962,0.013138633999915328,0.0,
,,0.0,jpeg:50,46.365431258118754,0.9935132783397621,,,"{""S2_HEADER_VALID_PARTIAL"":1}",B1,1,0,coco-000000170099-000000214205,0.5013961791992188,156790784.0,0.49860382080078125,0.5013961791992188,0.8648672289645615,10.169907155608541,0.010175485880264295,0.0059420400011731545,0.0,
,,0.0,jpeg:70,46.365431258118754,0.9935132783397621,,,"{""S2_HEADER_VALID_PARTIAL"":1}",B1,1,0,coco-000000170099-000000214205,0.5033645629882812,156495872.0,0.49663543701171875,0.5033645629882812,0.8666778905310794,10.210013383567421,0.011362390748474692,0.005059267999968142,0.0,
,,0.0,jpeg:90,46.365431258118754,0.9935132783397621,,,"{""S2_HEADER_VALID_PARTIAL"":1}",B1,1,0,coco-000000170099-000000214205,0.5230331420898438,158806016.0,0.47696685791015625,0.5230331420898438,0.8734131160547493,10.46610694864285,0.012553944023863799,0.009759997999935877,0.0,
,,0.0,salt_pepper:0.01,46.365431258118754,0.9935132783397621,,,"{""S2_HEADER_VALID_PARTIAL"":3}",B1,3,0,coco-000000170099-000000214205,0.9949366251627604,156924586.66666666,0.005063374837239583,0.9949366251627604,0.9975472615294257,27.392369835187353,0.6985878066433914,0.01672365366660718,0.0,
,,0.0,salt_pepper:0.03,46.365431258118754,0.9935132783397621,,,"{""S2_HEADER_VALID_PARTIAL"":3}",B1,3,0,coco-000000170099-000000214205,0.9850845336914062,156239189.33333334,0.01491546630859375,0.9850845336914062,0.9924168292876695,22.48309277659514,0.3680203455015991,0.010992589999659685,0.0,
,,0.0,salt_pepper:0.05,46.365431258118754,0.9935132783397621,,,"{""S2_HEADER_VALID_PARTIAL"":3}",B1,3,0,coco-000000170099-000000214205,0.9742914835611979,155799552.0,0.025708516438802082,0.9742914835611979,0.9871018873961224,20.165768981019884,0.21311520409737528,0.0146424900006726,0.0,
,,1.0,clean,44.723680490452075,0.9875231062721835,,,"{""S0_COMPLETE"":1}",B2,1,0,coco-000000170099-000000214205,1.0,156495872.0,0.0,1.0,1.0,,1.0,0.013173903000279097,0.0,
,,0.0,gaussian:10,44.723680490452075,0.9875231062721835,,,"{""S2_HEADER_VALID_PARTIAL"":3}",B2,3,0,coco-000000170099-000000214205,0.5116856892903646,156151808.0,0.48831431070963544,0.5116856892903646,0.8650700865804749,10.159698679950012,0.011471309936209451,0.014901413666545219,0.0,
,,0.0,gaussian:15,44.723680490452075,0.9875231062721835,,,"{""S2_HEADER_VALID_PARTIAL"":3}",B2,3,0,coco-000000170099-000000214205,0.5021082560221354,157011968.0,0.49789174397786456,0.5021082560221354,0.863387311120931,10.124190740319504,0.010936908679546687,0.01795139233399823,0.0,
,,0.0,gaussian:5,44.723680490452075,0.9875231062721835,,,"{""S2_HEADER_VALID_PARTIAL"":3}",B2,3,0,coco-000000170099-000000214205,0.5783640543619791,155654826.66666666,0.4216359456380208,0.5783640543619791,0.8747965601765233,10.428504861524871,0.012161591190443697,0.032760493000144685,0.0,
,,0.0,jpeg:50,44.723680490452075,0.9875231062721835,,,"{""S2_HEADER_VALID_PARTIAL"":1}",B2,1,0,coco-000000170099-000000214205,0.458892822265625,158806016.0,0.541107177734375,0.458892822265625,0.5685302683445659,5.980220414679778,0.00711871617539816,0.011123659998702351,0.0,
,,0.0,jpeg:70,44.723680490452075,0.9875231062721835,,,"{""S2_HEADER_VALID_PARTIAL"":1}",B2,1,0,coco-000000170099-000000214205,0.43883514404296875,155176960.0,0.5611648559570312,0.43883514404296875,0.6181036494314559,6.370279065985153,0.008518853035866254,0.01828020300126809,0.0,
,,0.0,jpeg:90,44.723680490452075,0.9875231062721835,,,"{""S2_HEADER_VALID_PARTIAL"":1}",B2,1,0,coco-000000170099-000000214205,0.6286544799804688,156487680.0,0.37134552001953125,0.6286544799804688,0.9363580946842321,13.387911902346566,0.08777526851934117,0.013185523999709403,0.0,
,,0.0,salt_pepper:0.01,44.723680490452075,0.9875231062721835,,,"{""S2_HEADER_VALID_PARTIAL"":3}",B2,3,0,coco-000000170099-000000214205,0.7625096638997396,155514197.33333334,0.2374903361002604,0.7625096638997396,0.9133029024199913,11.898032991584637,0.019955102259328283,0.018677280333577073,0.0,
,,0.0,salt_pepper:0.03,44.723680490452075,0.9875231062721835,,,"{""S2_HEADER_VALID_PARTIAL"":3}",B2,3,0,coco-000000170099-000000214205,0.5690536499023438,156154538.66666666,0.43094635009765625,0.5690536499023438,0.8708704884073387,10.312400666650573,0.011647558854385122,0.010825716999534052,0.0,
,,0.0,salt_pepper:0.05,44.723680490452075,0.9875231062721835,,,"{""S2_HEADER_VALID_PARTIAL"":3}",B2,3,0,coco-000000170099-000000214205,0.5189565022786459,156326570.66666666,0.4810434977213542,0.5189565022786459,0.8655080284027686,10.177873388538066,0.01096988687901654,0.01657731699924625,0.0,
0.0,1.0,1.0,clean,45.000009005482426,0.9889665491010757,0.0,1.0,"{""S0_COMPLETE"":1}",C0,1,0,coco-000000170099-000000214205,1.0,153763840.0,7.195538765965101e-05,1.0,1.0,,1.0,2.7619006949989853,0.0,1.0
,0.0,0.0,gaussian:10,45.00000900548243,0.9889665491010757,,0.0,"{""S4_HEADER_FAILURE"":3}",C0,3,0,coco-000000170099-000000214205,0.0,156490410.66666666,0.3212223421478683,,,,,2.4981515426661645,1.0,0.0
,0.0,0.0,gaussian:15,45.00000900548243,0.9889665491010757,,0.0,"{""S4_HEADER_FAILURE"":3}",C0,3,0,coco-000000170099-000000214205,0.0,156403029.33333334,0.35192480661989567,,,,,2.492497208666464,1.0,0.0
,0.0,0.0,gaussian:5,45.00000900548243,0.9889665491010757,,0.0,"{""S4_HEADER_FAILURE"":3}",C0,3,0,coco-000000170099-000000214205,0.0,156730709.33333334,0.25794957126581525,,,,,2.4968061270004305,1.0,0.0
,0.0,0.0,jpeg:50,45.000009005482426,0.9889665491010757,,0.0,"{""S4_HEADER_FAILURE"":1}",C0,1,0,coco-000000170099-000000214205,0.0,156487680.0,0.47352941176470587,,,,,2.706370162000894,1.0,0.0
,0.0,0.0,jpeg:70,45.000009005482426,0.9889665491010757,,0.0,"{""S4_HEADER_FAILURE"":1}",C0,1,0,coco-000000170099-000000214205,0.0,155938816.0,0.4481831264615938,,,,,2.4494215339982475,1.0,0.0
,0.0,0.0,jpeg:90,45.000009005482426,0.9889665491010757,,0.0,"{""S4_HEADER_FAILURE"":1}",C0,1,0,coco-000000170099-000000214205,0.0,157339648.0,0.3471442705522576,,,,,2.1349725180007226,1.0,0.0
,0.0,0.0,salt_pepper:0.01,45.00000900548243,0.9889665491010757,,0.0,"{""S4_HEADER_FAILURE"":3}",C0,3,0,coco-000000170099-000000214205,0.0,155839146.66666666,0.16138244288541104,,,,,2.3437917759996103,1.0,0.0
,0.0,0.0,salt_pepper:0.03,45.00000900548243,0.9889665491010757,,0.0,"{""S4_HEADER_FAILURE"":3}",C0,3,0,coco-000000170099-000000214205,0.0,155717632.0,0.32207231516459794,,,,,2.2118066850010414,1.0,0.0
,0.0,0.0,salt_pepper:0.05,45.00000900548243,0.9889665491010757,,0.0,"{""S4_HEADER_FAILURE"":3}",C0,3,0,coco-000000170099-000000214205,0.0,155632981.33333334,0.3957366432811657,,,,,1.8608642373334685,1.0,0.0
0.0,1.0,1.0,clean,45.000009005482426,0.9888339234900922,0.0,1.0,"{""S0_COMPLETE"":1}",C1,1,0,coco-000000170099-000000214205,1.0,157339648.0,6.745817593092283e-05,1.0,1.0,,1.0,2.3222007189997385,0.0,1.0
,0.0,0.0,gaussian:10,45.00000900548243,0.9888339234900924,,0.0,"{""S4_HEADER_FAILURE"":3}",C1,3,0,coco-000000170099-000000214205,0.0,158100138.66666666,0.32144120645199975,,,,,1.7799970389999846,1.0,0.0
,0.0,0.0,gaussian:15,45.00000900548243,0.9888339234900924,,0.0,"{""S4_HEADER_FAILURE"":3}",C1,3,0,coco-000000170099-000000214205,0.0,156229632.0,0.35308059003417885,,,,,2.034325272667047,1.0,0.0
,0.0,0.0,gaussian:5,45.00000900548243,0.9888339234900924,,0.0,"{""S4_HEADER_FAILURE"":3}",C1,3,0,coco-000000170099-000000214205,0.0,156663808.0,0.2582808658631648,,,,,1.8709612183332258,1.0,0.0
,0.0,0.0,jpeg:50,45.000009005482426,0.9888339234900922,,0.0,"{""S4_HEADER_FAILURE"":1}",C1,1,0,coco-000000170099-000000214205,0.0,156487680.0,0.46862745098039216,,,,,1.7591050310002174,1.0,0.0
,0.0,0.0,jpeg:70,45.000009005482426,0.9888339234900922,,0.0,"{""S4_HEADER_FAILURE"":1}",C1,1,0,coco-000000170099-000000214205,0.0,154931200.0,0.44391527253103075,,,,,2.0583315789990593,1.0,0.0
,0.0,0.0,jpeg:90,45.000009005482426,0.9888339234900922,,0.0,"{""S4_HEADER_FAILURE"":1}",C1,1,0,coco-000000170099-000000214205,0.0,155938816.0,0.3392426695448822,,,,,1.9579847940003674,1.0,0.0
,0.0,0.0,salt_pepper:0.01,45.00000900548243,0.9888339234900924,,0.0,"{""S4_HEADER_FAILURE"":3}",C1,3,0,coco-000000170099-000000214205,0.0,155473237.33333334,0.15905438628050608,,,,,2.145054941999964,1.0,0.0
,0.0,0.0,salt_pepper:0.03,45.00000900548243,0.9888339234900924,,0.0,"{""S4_HEADER_FAILURE"":3}",C1,3,0,coco-000000170099-000000214205,0.0,156013909.33333334,0.3231366552737303,,,,,1.723883766333529,1.0,0.0
,0.0,0.0,salt_pepper:0.05,45.00000900548243,0.9888339234900924,,0.0,"{""S4_HEADER_FAILURE"":3}",C1,3,0,coco-000000170099-000000214205,0.0,155702613.33333334,0.3983870000599628,,,,,1.8075710950003365,1.0,0.0
0.0,1.0,1.0,clean,45.00001706233342,0.9889738255404938,0.0,1.0,"{""S0_COMPLETE"":1}",C2,1,0,coco-000000170099-000000214205,1.0,155840512.0,8.994423457456377e-05,1.0,1.0,,1.0,2.1881248819991015,0.0,1.0
,0.0,0.0,gaussian:10,45.00001706233342,0.9889738255404938,,0.0,"{""S4_HEADER_FAILURE"":3}",C2,3,0,coco-000000170099-000000214205,0.0,156510890.66666666,0.3216390837680638,,,,,1.744674242666709,1.0,0.0
,0.0,0.0,gaussian:15,45.00001706233342,0.9889738255404938,,0.0,"{""S4_HEADER_FAILURE"":3}",C2,3,0,coco-000000170099-000000214205,0.0,155863722.66666666,0.3524060082748696,,,,,1.7714337910001632,1.0,0.0
,0.0,0.0,gaussian:5,45.00001706233342,0.9889738255404938,,0.0,"{""S4_HEADER_FAILURE"":3}",C2,3,0,coco-000000170099-000000214205,0.0,156808533.33333334,0.25746237332853633,,,,,1.6835692350002016,1.0,0.0
,0.0,0.0,jpeg:50,45.00001706233342,0.9889738255404938,,0.0,"{""S4_HEADER_FAILURE"":1}",C2,1,0,coco-000000170099-000000214205,0.0,158416896.0,0.4731381543443065,,,,,1.9491844470012438,1.0,0.0
,0.0,0.0,jpeg:70,45.00001706233342,0.9889738255404938,,0.0,"{""S4_HEADER_FAILURE"":1}",C2,1,0,coco-000000170099-000000214205,0.0,156487680.0,0.4472567008454758,,,,,1.78960703499979,1.0,0.0
,0.0,0.0,jpeg:90,45.00001706233342,0.9889738255404938,,0.0,"{""S4_HEADER_FAILURE"":1}",C2,1,0,coco-000000170099-000000214205,0.0,155938816.0,0.34709030401151286,,,,,1.6743674450008257,1.0,0.0
,0.0,0.0,salt_pepper:0.01,45.00001706233342,0.9889738255404938,,0.0,"{""S4_HEADER_FAILURE"":3}",C2,3,0,coco-000000170099-000000214205,0.0,157022890.66666666,0.16016669664807817,,,,,1.7853563133339776,1.0,0.0
,0.0,0.0,salt_pepper:0.03,45.00001706233342,0.9889738255404938,,0.0,"{""S4_HEADER_FAILURE"":3}",C2,3,0,coco-000000170099-000000214205,0.0,155045888.0,0.3217754991905019,,,,,2.1085597526659208,1.0,0.0
,0.0,0.0,salt_pepper:0.05,45.00001706233342,0.9889738255404938,,0.0,"{""S4_HEADER_FAILURE"":3}",C2,3,0,coco-000000170099-000000214205,0.0,156510890.66666666,0.39672602986148586,,,,,1.9784235743336467,1.0,0.0
0.0,1.0,1.0,clean,45.000025119199364,0.9888299321622457,0.0,1.0,"{""S0_COMPLETE"":1}",C3,1,0,coco-000000170099-000000214205,1.0,157741056.0,0.0001169275049469329,1.0,1.0,,1.0,2.684507471998586,0.0,1.0
,0.0,0.0,gaussian:10,45.000025119199364,0.9888299321622457,,0.0,"{""S4_HEADER_FAILURE"":3}",C3,3,0,coco-000000170099-000000214205,0.0,156299264.0,0.32233015530371173,,,,,2.663491066333639,1.0,0.0
,0.0,0.0,gaussian:15,45.000025119199364,0.9888299321622457,,0.0,"{""S4_HEADER_FAILURE"":3}",C3,3,0,coco-000000170099-000000214205,0.0,154927104.0,0.3537716615698267,,,,,3.1098879749994617,1.0,0.0
,0.0,0.0,gaussian:5,45.000025119199364,0.9888299321622457,,0.0,"{""S4_HEADER_FAILURE"":3}",C3,3,0,coco-000000170099-000000214205,0.0,157231786.66666666,0.2584097859327217,,,,,3.230461335667011,1.0,0.0
,0.0,0.0,jpeg:50,45.000025119199364,0.9888299321622457,,0.0,"{""S4_HEADER_FAILURE"":1}",C3,1,0,coco-000000170099-000000214205,0.0,155734016.0,0.46794387479762545,,,,,3.824162697999782,1.0,0.0
,0.0,0.0,jpeg:70,45.000025119199364,0.9888299321622457,,0.0,"{""S4_HEADER_FAILURE"":1}",C3,1,0,coco-000000170099-000000214205,0.0,154439680.0,0.4434610541464292,,,,,3.5627537119999033,1.0,0.0
,0.0,0.0,jpeg:90,45.000025119199364,0.9888299321622457,,0.0,"{""S4_HEADER_FAILURE"":1}",C3,1,0,coco-000000170099-000000214205,0.0,157753344.0,0.3403264975715057,,,,,2.778758854001353,1.0,0.0
,0.0,0.0,salt_pepper:0.01,45.000025119199364,0.9888299321622457,,0.0,"{""S4_HEADER_FAILURE"":3}",C3,3,0,coco-000000170099-000000214205,0.0,156357973.33333334,0.15879504707081607,,,,,2.644379860332871,1.0,0.0
,0.0,0.0,salt_pepper:0.03,45.000025119199364,0.9888299321622457,,0.0,"{""S4_HEADER_FAILURE"":3}",C3,3,0,coco-000000170099-000000214205,0.0,157122560.0,0.32308718594471425,,,,,2.4034725150001273,1.0,0.0
,0.0,0.0,salt_pepper:0.05,45.000025119199364,0.9888299321622457,,0.0,"{""S4_HEADER_FAILURE"":3}",C3,3,0,coco-000000170099-000000214205,0.0,156490410.66666666,0.39697187743598966,,,,,2.349808873666916,1.0,0.0
0.0,1.0,1.0,clean,45.000009005482426,0.9888142719170991,0.0,1.0,"{""S0_COMPLETE"":1}",C3_NP,1,0,coco-000000170099-000000214205,1.0,158416896.0,9.893865803202014e-05,1.0,1.0,,1.0,3.081523508000828,0.0,1.0
,0.0,0.0,gaussian:10,45.00000900548243,0.9888142719170991,,0.0,"{""S4_HEADER_FAILURE"":3}",C3_NP,3,0,coco-000000170099-000000214205,0.0,155516928.0,0.32196887929483725,,,,,1.9864374319998508,1.0,0.0
,0.0,0.0,gaussian:15,45.00000900548243,0.9888142719170991,,0.0,"{""S4_HEADER_FAILURE"":3}",C3_NP,3,0,coco-000000170099-000000214205,0.0,157559466.66666666,0.35273580380164304,,,,,2.5933890950000205,1.0,0.0
,0.0,0.0,gaussian:5,45.00000900548243,0.9888142719170991,,0.0,"{""S4_HEADER_FAILURE"":3}",C3_NP,3,0,coco-000000170099-000000214205,0.0,156942336.0,0.25781765305510584,,,,,2.0353143479993983,1.0,0.0
,0.0,0.0,jpeg:50,45.000009005482426,0.9888142719170991,,0.0,"{""S4_HEADER_FAILURE"":1}",C3_NP,1,0,coco-000000170099-000000214205,0.0,154931200.0,0.46693200215866165,,,,,1.821772791998228,1.0,0.0
,0.0,0.0,jpeg:70,45.000009005482426,0.9888142719170991,,0.0,"{""S4_HEADER_FAILURE"":1}",C3_NP,1,0,coco-000000170099-000000214205,0.0,157741056.0,0.44279546681057746,,,,,1.9407593979995,1.0,0.0
,0.0,0.0,jpeg:90,45.000009005482426,0.9888142719170991,,0.0,"{""S4_HEADER_FAILURE"":1}",C3_NP,1,0,coco-000000170099-000000214205,0.0,156487680.0,0.33859507105594533,,,,,2.42785856699993,1.0,0.0
,0.0,0.0,salt_pepper:0.01,45.00000900548243,0.9888142719170991,,0.0,"{""S4_HEADER_FAILURE"":3}",C3_NP,3,0,coco-000000170099-000000214205,0.0,155516928.0,0.1595985488996822,,,,,2.6454765856663776,1.0,0.0
,0.0,0.0,salt_pepper:0.03,45.00000900548243,0.9888142719170991,,0.0,"{""S4_HEADER_FAILURE"":3}",C3_NP,3,0,coco-000000170099-000000214205,0.0,155181056.0,0.3239386580320202,,,,,2.4352413050006967,1.0,0.0
,0.0,0.0,salt_pepper:0.05,45.00000900548243,0.9888142719170991,,0.0,"{""S4_HEADER_FAILURE"":3}",C3_NP,3,0,coco-000000170099-000000214205,0.0,156674730.66666666,0.3970498291059543,,,,,2.8389803703333505,1.0,0.0
,,1.0,clean,45.576727635280065,0.9924644188112208,,,"{""S0_COMPLETE"":1}",B1,1,0,coco-000000170116-000000127494,1.0,155897856.0,0.0,1.0,1.0,,1.0,0.0018175830009568017,0.0,
,,0.0,gaussian:10,45.576727635280065,0.9924644188112208,,,"{""S2_HEADER_VALID_PARTIAL"":3}",B1,3,0,coco-000000170116-000000127494,0.5058441162109375,157364224.0,0.4941558837890625,0.5058441162109375,0.6656676636499141,7.2525788236836455,0.009276263703687247,0.010869178999807142,0.0,
,,0.0,gaussian:15,45.576727635280065,0.9924644188112208,,,"{""S2_HEADER_VALID_PARTIAL"":3}",B1,3,0,coco-000000170116-000000127494,0.5010325113932291,156808533.33333334,0.4989674886067708,0.5010325113932291,0.6574845629262117,7.136504460929295,0.006155614429430204,0.009630750999349402,0.0,
,,0.0,gaussian:5,45.576727635280065,0.9924644188112208,,,"{""S2_HEADER_VALID_PARTIAL"":3}",B1,3,0,coco-000000170116-000000127494,0.5310719807942709,157777920.0,0.4689280192057292,0.5310719807942709,0.6721253452084941,7.435754034680094,0.01713264751170382,0.012225401000250713,0.0,
,,0.0,jpeg:50,45.576727635280065,0.9924644188112208,,,"{""S2_HEADER_VALID_PARTIAL"":1}",B1,1,0,coco-000000170116-000000127494,0.502716064453125,155897856.0,0.497283935546875,0.502716064453125,0.6620754333511124,7.2101330696443044,0.010196310481437465,0.007886483999755,0.0,
,,0.0,jpeg:70,45.576727635280065,0.9924644188112208,,,"{""S2_HEADER_VALID_PARTIAL"":1}",B1,1,0,coco-000000170116-000000127494,0.49973297119140625,156495872.0,0.5002670288085938,0.49973297119140625,0.6566762653088157,7.158258290395356,0.007554893545173166,0.005483688999447622,0.0,
,,0.0,jpeg:90,45.576727635280065,0.9924644188112208,,,"{""S2_HEADER_VALID_PARTIAL"":1}",B1,1,0,coco-000000170116-000000127494,0.512176513671875,156786688.0,0.487823486328125,0.512176513671875,0.6663962519133745,7.334702209788732,0.009260429173034702,0.006039160000000265,0.0,
,,0.0,salt_pepper:0.01,45.576727635280065,0.9924644188112208,,,"{""S2_HEADER_VALID_PARTIAL"":3}",B1,3,0,coco-000000170116-000000127494,0.9948908487955729,156154538.66666666,0.005109151204427083,0.9948908487955729,0.992743037290027,25.704964870974084,0.8695539231007432,0.006828768333434709,0.0,
,,0.0,salt_pepper:0.03,45.576727635280065,0.9924644188112208,,,"{""S2_HEADER_VALID_PARTIAL"":3}",B1,3,0,coco-000000170116-000000127494,0.9849217732747396,157163520.0,0.015078226725260416,0.9849217732747396,0.9791945316814031,21.054123842575205,0.6850679183440453,0.006288537999959469,0.0,
,,0.0,salt_pepper:0.05,45.576727635280065,0.9924644188112208,,,"{""S2_HEADER_VALID_PARTIAL"":3}",B1,3,0,coco-000000170116-000000127494,0.9745279947916666,156711594.66666666,0.025472005208333332,0.9745279947916666,0.9669567637197632,18.968853702734773,0.5721264639629836,0.006410007667000173,0.0,
,,1.0,clean,44.86938564973763,0.9872420365175701,,,"{""S0_COMPLETE"":1}",B2,1,0,coco-000000170116-000000127494,1.0,155176960.0,0.0,1.0,1.0,,1.0,0.00818583500040404,0.0,
,,0.0,gaussian:10,44.86938564973763,0.9872420365175701,,,"{""S2_HEADER_VALID_PARTIAL"":3}",B2,3,0,coco-000000170116-000000127494,0.5112584431966146,155955200.0,0.48874155680338544,0.5112584431966146,0.6594021548086991,7.232571493888113,0.009091942484065552,0.012342231999961465,0.0,
,,0.0,gaussian:15,44.86938564973763,0.9872420365175701,,,"{""S2_HEADER_VALID_PARTIAL"":3}",B2,3,0,coco-000000170116-000000127494,0.501251220703125,156826282.66666666,0.498748779296875,0.501251220703125,0.6553938193757122,7.166613458282676,0.007546556850508785,0.015073903001393774,0.0,
,,0.0,gaussian:5,44.86938564973763,0.9872420365175701,,,"{""S2_HEADER_VALID_PARTIAL"":3}",B2,3,0,coco-000000170116-000000127494,0.5790990193684896,157330090.66666666,0.42090098063151044,0.5790990193684896,0.6996139384088421,8.016239998737825,0.03422181024560076,0.01527720633263622,0.0,
,,0.0,jpeg:50,44.86938564973763,0.9872420365175701,,,"{""S2_HEADER_VALID_PARTIAL"":1}",B2,1,0,coco-000000170116-000000127494,0.5332489013671875,158806016.0,0.4667510986328125,0.5332489013671875,0.333902696991693,7.3585224327941345,0.015284706017153083,0.014909486000760808,0.0,
,,0.0,jpeg:70,44.86938564973763,0.9872420365175701,,,"{""S2_HEADER_VALID_PARTIAL"":1}",B2,1,0,coco-000000170116-000000127494,0.5051956176757812,156786688.0,0.49480438232421875,0.5051956176757812,0.35411645923012414,6.884788920481187,-0.0006336190574436074,0.014774965999095002,0.0,
,,0.0,jpeg:90,44.86938564973763,0.9872420365175701,,,"{""S2_HEADER_VALID_PARTIAL"":1}",B2,1,0,coco-000000170116-000000127494,0.6558074951171875,156790784.0,0.3441925048828125,0.6558074951171875,0.895218909579024,13.87649325856522,0.3602237584881944,0.014780735999011085,0.0,
,,0.0,salt_pepper:0.01,44.86938564973763,0.9872420365175701,,,"{""S2_HEADER_VALID_PARTIAL"":3}",B2,3,0,coco-000000170116-000000127494,0.7652180989583334,157685077.33333334,0.23478190104166666,0.7652180989583334,0.8137357269799516,10.740360876173733,0.12655637228850267,0.011374703666054605,0.0,
,,0.0,salt_pepper:0.03,44.86938564973763,0.9872420365175701,,,"{""S2_HEADER_VALID_PARTIAL"":3}",B2,3,0,coco-000000170116-000000127494,0.5740152994791666,155955200.0,0.4259847005208333,0.5740152994791666,0.6954997617112877,7.949025680524624,0.033214965833544864,0.009770100666476841,0.0,
,,0.0,salt_pepper:0.05,44.86938564973763,0.9872420365175701,,,"{""S2_HEADER_VALID_PARTIAL"":3}",B2,3,0,coco-000000170116-000000127494,0.5225296020507812,157499392.0,0.47747039794921875,0.5225296020507812,0.6673493544870821,7.410181521444244,0.014432723842328557,0.013364490000943382,0.0,
0.0,1.0,1.0,clean,45.000009005482426,0.988124642572699,0.0,1.0,"{""S0_COMPLETE"":1}",C0,1,0,coco-000000170116-000000127494,1.0,157753344.0,6.296096420219464e-05,1.0,1.0,,1.0,2.376568719999341,0.0,1.0
,0.0,0.0,gaussian:10,45.00000900548243,0.988124642572699,,0.0,"{""S4_HEADER_FAILURE"":3}",C0,3,0,coco-000000170116-000000127494,0.0,156775765.33333334,0.32135276128800144,,,,,1.795677046999117,1.0,0.0
,0.0,0.0,gaussian:15,45.00000900548243,0.988124642572699,,0.0,"{""S4_HEADER_FAILURE"":3}",C0,3,0,coco-000000170116-000000127494,0.0,156696576.0,0.35156802782274993,,,,,1.9674381506665668,1.0,0.0
,0.0,0.0,gaussian:5,45.00000900548243,0.988124642572699,,0.0,"{""S4_HEADER_FAILURE"":3}",C0,3,0,coco-000000170116-000000127494,0.0,157253632.0,0.25858217904898967,,,,,1.7086422720003611,1.0,0.0
,0.0,0.0,jpeg:50,45.000009005482426,0.988124642572699,,0.0,"{""S4_HEADER_FAILURE"":1}",C0,1,0,coco-000000170116-000000127494,0.0,154931200.0,0.4745412844036697,,,,,1.9726341040004627,1.0,0.0
,0.0,0.0,jpeg:70,45.000009005482426,0.988124642572699,,0.0,"{""S4_HEADER_FAILURE"":1}",C0,1,0,coco-000000170116-000000127494,0.0,154914816.0,0.45313905378665226,,,,,2.314508952000324,1.0,0.0
,0.0,0.0,jpeg:90,45.000009005482426,0.988124642572699,,0.0,"{""S4_HEADER_FAILURE"":1}",C0,1,0,coco-000000170116-000000127494,0.0,157741056.0,0.35481201654973915,,,,,1.7263893830004235,1.0,0.0
,0.0,0.0,salt_pepper:0.01,45.00000900548243,0.988124642572699,,0.0,"{""S4_HEADER_FAILURE"":3}",C0,3,0,coco-000000170116-000000127494,0.0,155555157.33333334,0.16247226719433952,,,,,2.0558666016659117,1.0,0.0
,0.0,0.0,salt_pepper:0.03,45.00000900548243,0.988124642572699,,0.0,"{""S4_HEADER_FAILURE"":3}",C0,3,0,coco-000000170116-000000127494,0.0,156112213.33333334,0.32349643221202856,,,,,1.871023568332627,1.0,0.0
,0.0,0.0,salt_pepper:0.05,45.00000900548243,0.988124642572699,,0.0,"{""S4_HEADER_FAILURE"":3}",C0,3,0,coco-000000170116-000000127494,0.0,157001045.33333334,0.39424806619895664,,,,,1.9445463140000356,1.0,0.0
0.0,1.0,1.0,clean,45.000025119199364,0.9878555266151732,0.0,1.0,"{""S0_COMPLETE"":1}",C1,1,0,coco-000000170116-000000127494,1.0,158806016.0,6.296096420219464e-05,1.0,1.0,,1.0,2.0389345580006193,0.0,1.0
,0.0,0.0,gaussian:10,45.000025119199364,0.9878555266151731,,0.0,"{""S4_HEADER_FAILURE"":3}",C1,3,0,coco-000000170116-000000127494,0.0,155065002.66666666,0.32165857168555495,,,,,1.8376432863327257,1.0,0.0
,0.0,0.0,gaussian:15,45.000025119199364,0.9878555266151731,,0.0,"{""S4_HEADER_FAILURE"":3}",C1,3,0,coco-000000170116-000000127494,0.0,156497237.33333334,0.3523235593931762,,,,,1.7509673146663165,1.0,0.0
,0.0,0.0,gaussian:5,45.000025119199364,0.9878555266151731,,0.0,"{""S4_HEADER_FAILURE"":3}",C1,3,0,coco-000000170116-000000127494,0.0,156255573.33333334,0.25894945134016906,,,,,1.7639392836669383,1.0,0.0
,0.0,0.0,jpeg:50,45.000025119199364,0.9878555266151732,,0.0,"{""S4_HEADER_FAILURE"":1}",C1,1,0,coco-000000170116-000000127494,0.0,157753344.0,0.47194189602446485,,,,,1.6155717679994268,1.0,0.0
,0.0,0.0,jpeg:70,45.000025119199364,0.9878555266151732,,0.0,"{""S4_HEADER_FAILURE"":1}",C1,1,0,coco-000000170116-000000127494,0.0,156786688.0,0.44761647778377406,,,,,1.8462681620003423,1.0,0.0
,0.0,0.0,jpeg:90,45.000025119199364,0.9878555266151732,,0.0,"{""S4_HEADER_FAILURE"":1}",C1,1,0,coco-000000170116-000000127494,0.0,157741056.0,0.34718474545781614,,,,,1.662773288999233,1.0,0.0
,0.0,0.0,salt_pepper:0.01,45.000025119199364,0.9878555266151731,,0.0,"{""S4_HEADER_FAILURE"":3}",C1,3,0,coco-000000170116-000000127494,0.0,155770880.0,0.16064340109132338,,,,,1.7925077106671476,1.0,0.0
,0.0,0.0,salt_pepper:0.03,45.000025119199364,0.9878555266151731,,0.0,"{""S4_HEADER_FAILURE"":3}",C1,3,0,coco-000000170116-000000127494,0.0,155951104.0,0.32416651675960906,,,,,1.8527850826661354,1.0,0.0
,0.0,0.0,salt_pepper:0.05,45.000025119199364,0.9878555266151731,,0.0,"{""S4_HEADER_FAILURE"":3}",C1,3,0,coco-000000170116-000000127494,0.0,157163520.0,0.39677100197877313,,,,,1.975605167333318,1.0,0.0
0.0,1.0,1.0,clean,45.000025119199364,0.9881207789053654,0.0,1.0,"{""S0_COMPLETE"":1}",C2,1,0,coco-000000170116-000000127494,1.0,157741056.0,0.00012142471667566109,1.0,1.0,,1.0,2.1477418480008055,0.0,1.0
,0.0,0.0,gaussian:10,45.000025119199364,0.9881207789053654,,0.0,"{""S4_HEADER_FAILURE"":3}",C2,3,0,coco-000000170116-000000127494,0.0,155630250.66666666,0.3208670624212988,,,,,2.6625804386658274,1.0,0.0
,0.0,0.0,gaussian:15,45.000025119199364,0.9881207789053654,,0.0,"{""S4_HEADER_FAILURE"":3}",C2,3,0,coco-000000170116-000000127494,0.0,155675306.66666666,0.3526068837320861,,,,,2.226120658665726,1.0,0.0
,0.0,0.0,gaussian:5,45.000025119199364,0.9881207789053654,,0.0,"{""S4_HEADER_FAILURE"":3}",C2,3,0,coco-000000170116-000000127494,0.0,155847338.66666666,0.25890447922288184,,,,,1.8565383653331082,1.0,0.0
,0.0,0.0,jpeg:50,45.000025119199364,0.9881207789053654,,0.0,"{""S4_HEADER_FAILURE"":1}",C2,1,0,coco-000000170116-000000127494,0.0,157339648.0,0.47167656053246987,,,,,1.7770638399997551,1.0,0.0
,0.0,0.0,jpeg:70,45.000025119199364,0.9881207789053654,,0.0,"{""S4_HEADER_FAILURE"":1}",C2,1,0,coco-000000170116-000000127494,0.0,156495872.0,0.45137614678899085,,,,,1.8372838549985318,1.0,0.0
,0.0,0.0,jpeg:90,45.000025119199364,0.9881207789053654,,0.0,"{""S4_HEADER_FAILURE"":1}",C2,1,0,coco-000000170116-000000127494,0.0,159100928.0,0.3537326857348444,,,,,1.9150164399998175,1.0,0.0
,0.0,0.0,salt_pepper:0.01,45.000025119199364,0.9881207789053654,,0.0,"{""S4_HEADER_FAILURE"":3}",C2,3,0,coco-000000170116-000000127494,0.0,156521813.33333334,0.16155933321340768,,,,,2.199061264666549,1.0,0.0
,0.0,0.0,salt_pepper:0.03,45.000025119199364,0.9881207789053654,,0.0,"{""S4_HEADER_FAILURE"":3}",C2,3,0,coco-000000170116-000000127494,0.0,157159424.0,0.3249340408946453,,,,,3.6903874690002945,1.0,0.0
,0.0,0.0,salt_pepper:0.05,45.000025119199364,0.9881207789053654,,0.0,"{""S4_HEADER_FAILURE"":3}",C2,3,0,coco-000000170116-000000127494,0.0,156621482.66666666,0.39434700485698865,,,,,3.6024225783336683,1.0,0.0
0.0,1.0,1.0,clean,45.000049289886874,0.9878843880065835,0.0,1.0,"{""S0_COMPLETE"":1}",C3,1,0,coco-000000170116-000000127494,1.0,156487680.0,8.544702284583559e-05,1.0,1.0,,1.0,2.97510000299917,0.0,1.0
,0.0,0.0,gaussian:10,45.000049289886874,0.9878843880065835,,0.0,"{""S4_HEADER_FAILURE"":3}",C3,3,0,coco-000000170116-000000127494,0.0,156276053.33333334,0.3212178449361396,,,,,2.257971705333451,1.0,0.0
,0.0,0.0,gaussian:15,45.000049289886874,0.9878843880065835,,0.0,"{""S4_HEADER_FAILURE"":3}",C3,3,0,coco-000000170116-000000127494,0.0,155493717.33333334,0.35331594411464895,,,,,1.808245685999888,1.0,0.0
,0.0,0.0,gaussian:5,45.000049289886874,0.9878843880065835,,0.0,"{""S4_HEADER_FAILURE"":3}",C3,3,0,coco-000000170116-000000127494,0.0,157461162.66666666,0.25928674221982373,,,,,2.4134466409996094,1.0,0.0
,0.0,0.0,jpeg:50,45.000049289886874,0.9878843880065835,,0.0,"{""S4_HEADER_FAILURE"":1}",C3,1,0,coco-000000170116-000000127494,0.0,156495872.0,0.47159561072135275,,,,,2.676917881999543,1.0,0.0
,0.0,0.0,jpeg:70,45.000049289886874,0.9878843880065835,,0.0,"{""S4_HEADER_FAILURE"":1}",C3,1,0,coco-000000170116-000000127494,0.0,154439680.0,0.44578161539845296,,,,,1.909341841001151,1.0,0.0
,0.0,0.0,jpeg:90,45.000049289886874,0.9878843880065835,,0.0,"{""S4_HEADER_FAILURE"":1}",C3,1,0,coco-000000170116-000000127494,0.0,157741056.0,0.3472387119985609,,,,,3.0065354279995518,1.0,0.0
,0.0,0.0,salt_pepper:0.01,45.000049289886874,0.9878843880065835,,0.0,"{""S4_HEADER_FAILURE"":3}",C3,3,0,coco-000000170116-000000127494,0.0,154935296.0,0.1607918090783714,,,,,1.7420427070004127,1.0,0.0
,0.0,0.0,salt_pepper:0.03,45.000049289886874,0.9878843880065835,,0.0,"{""S4_HEADER_FAILURE"":3}",C3,3,0,coco-000000170116-000000127494,0.0,158285824.0,0.3232430892846435,,,,,1.7778342513326304,1.0,0.0
,0.0,0.0,salt_pepper:0.05,45.000049289886874,0.9878843880065835,,0.0,"{""S4_HEADER_FAILURE"":3}",C3,3,0,coco-000000170116-000000127494,0.0,155738112.0,0.39532589794327516,,,,,1.6361019743332388,1.0,0.0
0.0,1.0,1.0,clean,45.00001706233342,0.9878477930625447,0.0,1.0,"{""S0_COMPLETE"":1}",C3_NP,1,0,coco-000000170116-000000127494,1.0,154914816.0,8.09498111171074e-05,1.0,1.0,,1.0,2.6540290630000527,0.0,1.0
,0.0,0.0,gaussian:10,45.00001706233342,0.9878477930625446,,0.0,"{""S4_HEADER_FAILURE"":3}",C3_NP,3,0,coco-000000170116-000000127494,0.0,155608405.33333334,0.3218609462133477,,,,,2.5051622519998396,1.0,0.0
,0.0,0.0,gaussian:15,45.00001706233342,0.9878477930625446,,0.0,"{""S4_HEADER_FAILURE"":3}",C3_NP,3,0,coco-000000170116-000000127494,0.0,156342954.66666666,0.35245247946273306,,,,,2.651168777665589,1.0,0.0
,0.0,0.0,gaussian:5,45.00001706233342,0.9878477930625446,,0.0,"{""S4_HEADER_FAILURE"":3}",C3_NP,3,0,coco-000000170116-000000127494,0.0,156478122.66666666,0.25849823109672004,,,,,2.538252360667684,1.0,0.0
,0.0,0.0,jpeg:50,45.00001706233342,0.9878477930625447,,0.0,"{""S4_HEADER_FAILURE"":1}",C3_NP,1,0,coco-000000170116-000000127494,0.0,156786688.0,0.47130778917071414,,,,,3.3206790589993034,1.0,0.0
,0.0,0.0,jpeg:70,45.00001706233342,0.9878477930625447,,0.0,"{""S4_HEADER_FAILURE"":1}",C3_NP,1,0,coco-000000170116-000000127494,0.0,159100928.0,0.4474051088325238,,,,,2.1230085429997416,1.0,0.0
,0.0,0.0,jpeg:90,45.00001706233342,0.9878477930625447,,0.0,"{""S4_HEADER_FAILURE"":1}",C3_NP,1,0,coco-000000170116-000000127494,0.0,157339648.0,0.3456736823169635,,,,,2.4452885470000183,1.0,0.0
,0.0,0.0,salt_pepper:0.01,45.00001706233342,0.9878477930625446,,0.0,"{""S4_HEADER_FAILURE"":3}",C3_NP,3,0,coco-000000170116-000000127494,0.0,155163306.66666666,0.16051897823349523,,,,,2.778212078666911,1.0,0.0
,0.0,0.0,salt_pepper:0.03,45.00001706233342,0.9878477930625446,,0.0,"{""S4_HEADER_FAILURE"":3}",C3_NP,3,0,coco-000000170116-000000127494,0.0,157118464.0,0.32403759669005217,,,,,2.293592244999066,1.0,0.0
,0.0,0.0,salt_pepper:0.05,45.00001706233342,0.9878477930625446,,0.0,"{""S4_HEADER_FAILURE"":3}",C3_NP,3,0,coco-000000170116-000000127494,0.0,156545024.0,0.39650116927504947,,,,,1.9907235453332153,1.0,0.0
,,1.0,clean,45.82787197402686,0.9876456202368862,,,"{""S0_COMPLETE"":1}",B1,1,0,coco-000000170955-000000338986,1.0,151633920.0,0.0,1.0,1.0,,1.0,0.00285030499981076,0.0,
,,0.0,gaussian:10,45.82787197402686,0.9876456202368861,,,"{""S2_HEADER_VALID_PARTIAL"":3}",B1,3,0,coco-000000170955-000000338986,0.5062459309895834,152360277.33333334,0.4937540690104167,0.5062459309895834,0.8091053237238565,9.099201350895274,0.012907160478126699,0.011422355000831885,0.0,
,,0.0,gaussian:15,45.82787197402686,0.9876456202368861,,,"{""S2_HEADER_VALID_PARTIAL"":3}",B1,3,0,coco-000000170955-000000338986,0.5017445882161459,152836778.66666666,0.4982554117838542,0.5017445882161459,0.8082661072646792,9.01303081656966,0.011520186931427118,0.01057588666662923,0.0,
,,0.0,gaussian:5,45.82787197402686,0.9876456202368861,,,"{""S2_HEADER_VALID_PARTIAL"":3}",B1,3,0,coco-000000170955-000000338986,0.5321782430013021,152163669.33333334,0.46782175699869794,0.5321782430013021,0.8129684262471333,9.359909305392016,0.018805663666694884,0.009776658333673064,0.0,
,,0.0,jpeg:50,45.82787197402686,0.9876456202368862,,,"{""S2_HEADER_VALID_PARTIAL"":1}",B1,1,0,coco-000000170955-000000338986,0.5092391967773438,153698304.0,0.49076080322265625,0.5092391967773438,0.8120730417954195,9.515482033117063,0.01819431400504446,0.007137152999348473,0.0,
,,0.0,jpeg:70,45.82787197402686,0.9876456202368862,,,"{""S2_HEADER_VALID_PARTIAL"":1}",B1,1,0,coco-000000170955-000000338986,0.5175552368164062,153477120.0,0.48244476318359375,0.5175552368164062,0.8166594191361524,9.36530922293044,0.012453187075241661,0.0051711489995796,0.0,
,,0.0,jpeg:90,45.82787197402686,0.9876456202368862,,,"{""S2_HEADER_VALID_PARTIAL"":1}",B1,1,0,coco-000000170955-000000338986,0.540252685546875,151969792.0,0.459747314453125,0.540252685546875,0.8170660498954446,9.673169691262654,0.024668187850944778,0.005357330999686383,0.0,
,,0.0,salt_pepper:0.01,45.82787197402686,0.9876456202368861,,,"{""S2_HEADER_VALID_PARTIAL"":3}",B1,3,0,coco-000000170955-000000338986,0.9948069254557291,152920064.0,0.005193074544270833,0.9948069254557291,0.9920773726330131,26.58600535986413,0.781037154551786,0.007058314000460086,0.0,
,,0.0,salt_pepper:0.03,45.82787197402686,0.9876456202368861,,,"{""S2_HEADER_VALID_PARTIAL"":3}",B1,3,0,coco-000000170955-000000338986,0.9851099650065104,152434005.33333334,0.014890034993489584,0.9851099650065104,0.9784834333221136,22.10367138469823,0.5654658741266664,0.006570779333439229,0.0,
,,0.0,salt_pepper:0.05,45.82787197402686,0.9876456202368861,,,"{""S2_HEADER_VALID_PARTIAL"":3}",B1,3,0,coco-000000170955-000000338986,0.9745661417643229,151613440.0,0.025433858235677082,0.9745661417643229,0.9636844860558197,19.68037981881542,0.4212230127826708,0.0061435353333460325,0.0,
,,1.0,clean,45.380753537301814,0.9801512872624838,,,"{""S0_COMPLETE"":1}",B2,1,0,coco-000000170955-000000338986,1.0,153477120.0,0.0,1.0,1.0,,1.0,0.010546210998654715,0.0,
,,0.0,gaussian:10,45.380753537301814,0.9801512872624838,,,"{""S2_HEADER_VALID_PARTIAL"":3}",B2,3,0,coco-000000170955-000000338986,0.5053482055664062,153296896.0,0.49465179443359375,0.5053482055664062,0.8071763158739259,9.057042379221503,0.010832466204650256,0.013213492666181992,0.0,
,,0.0,gaussian:15,45.380753537301814,0.9801512872624838,,,"{""S2_HEADER_VALID_PARTIAL"":3}",B2,3,0,coco-000000170955-000000338986,0.5009740193684896,152905045.33333334,0.49902598063151044,0.5009740193684896,0.8095021606232143,9.002993111878359,0.008174605147711839,0.014068503999927392,0.0,
,,0.0,gaussian:5,45.380753537301814,0.9801512872624838,,,"{""S2_HEADER_VALID_PARTIAL"":3}",B2,3,0,coco-000000170955-000000338986,0.5569229125976562,152195072.0,0.44307708740234375,0.5569229125976562,0.8102082916633607,9.343618549091667,0.0235261945715844,0.01241396999951879,0.0,
,,0.0,jpeg:50,45.380753537301814,0.9801512872624838,,,"{""S2_HEADER_VALID_PARTIAL"":1}",B2,1,0,coco-000000170955-000000338986,0.5349044799804688,153604096.0,0.46509552001953125,0.5349044799804688,0.33822198049767005,8.990950890195894,0.009547261242122898,0.013579096001194557,0.0,
,,0.0,jpeg:70,45.380753537301814,0.9801512872624838,,,"{""S2_HEADER_VALID_PARTIAL"":1}",B2,1,0,coco-000000170955-000000338986,0.5124969482421875,151633920.0,0.4875030517578125,0.5124969482421875,0.4246538913700328,9.030464916285775,0.0073678361565813625,0.008253046000390896,0.0,
,,0.0,jpeg:90,45.380753537301814,0.9801512872624838,,,"{""S2_HEADER_VALID_PARTIAL"":1}",B2,1,0,coco-000000170955-000000338986,0.6731033325195312,151969792.0,0.32689666748046875,0.6731033325195312,0.8274948424058006,13.602418613584135,0.2677720014187849,0.014692659000502317,0.0,
,,0.0,salt_pepper:0.01,45.380753537301814,0.9801512872624838,,,"{""S2_HEADER_VALID_PARTIAL"":3}",B2,3,0,coco-000000170955-000000338986,0.7573877970377604,151710378.66666666,0.2426122029622396,0.7573877970377604,0.846185510565651,11.480423577336467,0.09067563568096094,0.010700649999610809,0.0,
,,0.0,salt_pepper:0.03,45.380753537301814,0.9801512872624838,,,"{""S2_HEADER_VALID_PARTIAL"":3}",B2,3,0,coco-000000170955-000000338986,0.5730438232421875,153137152.0,0.4269561767578125,0.5730438232421875,0.8095308378386177,9.498620302604314,0.024864377866541835,0.012741037333398708,0.0,
,,0.0,salt_pepper:0.05,45.380753537301814,0.9801512872624838,,,"{""S2_HEADER_VALID_PARTIAL"":3}",B2,3,0,coco-000000170955-000000338986,0.5220616658528646,152978773.33333334,0.47793833414713544,0.5220616658528646,0.8077205672373093,9.147081734353042,0.013672377308133948,0.014257223666694093,0.0,
0.0,1.0,1.0,clean,45.000009005482426,0.9784265498501774,0.0,1.0,"{""S0_COMPLETE"":1}",C0,1,0,coco-000000170955-000000338986,1.0,152903680.0,0.00020687173952149668,1.0,1.0,,1.0,2.4137293100011448,0.0,1.0
,0.0,0.0,gaussian:10,45.00000900548243,0.9784265498501773,,0.0,"{""S4_HEADER_FAILURE"":3}",C0,3,0,coco-000000170955-000000338986,0.0,153079808.0,0.32158511722731903,,,,,1.878095447667268,1.0,0.0
,0.0,0.0,gaussian:15,45.00000900548243,0.9784265498501773,,0.0,"{""S4_HEADER_FAILURE"":3}",C0,3,0,coco-000000170955-000000338986,0.0,152629248.0,0.3527882712718115,,,,,2.0311101289995954,1.0,0.0
,0.0,0.0,gaussian:5,45.00000900548243,0.9784265498501773,,0.0,"{""S4_HEADER_FAILURE"":3}",C0,3,0,coco-000000170955-000000338986,0.0,153313280.0,0.25778017629069977,,,,,2.002592257666644,1.0,0.0
,0.0,0.0,jpeg:50,45.000009005482426,0.9784265498501774,,0.0,"{""S4_HEADER_FAILURE"":1}",C0,1,0,coco-000000170955-000000338986,0.0,152965120.0,0.4771856449001619,,,,,1.6280454250008916,1.0,0.0
,0.0,0.0,jpeg:70,45.000009005482426,0.9784265498501774,,0.0,"{""S4_HEADER_FAILURE"":1}",C0,1,0,coco-000000170955-000000338986,0.0,153493504.0,0.45056664867781976,,,,,1.668598172998827,1.0,0.0
,0.0,0.0,jpeg:90,45.000009005482426,0.9784265498501774,,0.0,"{""S4_HEADER_FAILURE"":1}",C0,1,0,coco-000000170955-000000338986,0.0,153698304.0,0.35179438747976255,,,,,2.0389142200001515,1.0,0.0
,0.0,0.0,salt_pepper:0.01,45.00000900548243,0.9784265498501773,,0.0,"{""S4_HEADER_FAILURE"":3}",C0,3,0,coco-000000170955-000000338986,0.0,152507733.33333334,0.16186214546980873,,,,,2.0072342090006714,1.0,0.0
,0.0,0.0,salt_pepper:0.03,45.00000900548243,0.9784265498501773,,0.0,"{""S4_HEADER_FAILURE"":3}",C0,3,0,coco-000000170955-000000338986,0.0,153657344.0,0.31878785153205014,,,,,1.9578776483340334,1.0,0.0
,0.0,0.0,salt_pepper:0.05,45.00000900548243,0.9784265498501773,,0.0,"{""S4_HEADER_FAILURE"":3}",C0,3,0,coco-000000170955-000000338986,0.0,152804010.66666666,0.39351052347544524,,,,,1.7254602659995726,1.0,0.0
0.0,1.0,1.0,clean,45.000009005482426,0.9784159105944923,0.0,1.0,"{""S0_COMPLETE"":1}",C1,1,0,coco-000000170955-000000338986,1.0,153841664.0,0.0001169275049469329,1.0,1.0,,1.0,2.219717612999375,0.0,1.0
,0.0,0.0,gaussian:10,45.00000900548243,0.9784159105944923,,0.0,"{""S4_HEADER_FAILURE"":3}",C1,3,0,coco-000000170955-000000338986,0.0,153291434.66666666,0.32144420459315226,,,,,1.7284227180001228,1.0,0.0
,0.0,0.0,gaussian:15,45.00000900548243,0.9784159105944923,,0.0,"{""S4_HEADER_FAILURE"":3}",C1,3,0,coco-000000170955-000000338986,0.0,151924736.0,0.3532125082448882,,,,,1.6409957566659916,1.0,0.0
,0.0,0.0,gaussian:5,45.00000900548243,0.9784159105944923,,0.0,"{""S4_HEADER_FAILURE"":3}",C1,3,0,coco-000000170955-000000338986,0.0,153922218.66666666,0.259529591653175,,,,,1.6972198516662804,1.0,0.0
,0.0,0.0,jpeg:50,45.000009005482426,0.9784159105944923,,0.0,"{""S4_HEADER_FAILURE"":1}",C1,1,0,coco-000000170955-000000338986,0.0,151678976.0,0.4734979312826048,,,,,1.5257279569996172,1.0,0.0
,0.0,0.0,jpeg:70,45.000009005482426,0.9784159105944923,,0.0,"{""S4_HEADER_FAILURE"":1}",C1,1,0,coco-000000170955-000000338986,0.0,152903680.0,0.44507105594531393,,,,,1.455981924000298,1.0,0.0
,0.0,0.0,jpeg:90,45.000009005482426,0.9784159105944923,,0.0,"{""S4_HEADER_FAILURE"":1}",C1,1,0,coco-000000170955-000000338986,0.0,151633920.0,0.34427954668105776,,,,,1.691108302999055,1.0,0.0
,0.0,0.0,salt_pepper:0.01,45.00000900548243,0.9784159105944923,,0.0,"{""S4_HEADER_FAILURE"":3}",C1,3,0,coco-000000170955-000000338986,0.0,153695573.33333334,0.16206601906817772,,,,,1.7195084369996039,1.0,0.0
,0.0,0.0,salt_pepper:0.03,45.00000900548243,0.9784159105944923,,0.0,"{""S4_HEADER_FAILURE"":3}",C1,3,0,coco-000000170955-000000338986,0.0,153017002.66666666,0.32023745277927684,,,,,1.643143997000152,1.0,0.0
,0.0,0.0,salt_pepper:0.05,45.00000900548243,0.9784159105944923,,0.0,"{""S4_HEADER_FAILURE"":3}",C1,3,0,coco-000000170955-000000338986,0.0,152515925.33333334,0.39476674461833666,,,,,1.9608510193332525,1.0,0.0
0.0,1.0,1.0,clean,45.000009005482426,0.9784040915444965,0.0,1.0,"{""S0_COMPLETE"":1}",C2,1,0,coco-000000170955-000000338986,1.0,153477120.0,0.00020687173952149668,1.0,1.0,,1.0,2.642081447000237,0.0,1.0
,0.0,0.0,gaussian:10,45.00000900548243,0.9784040915444964,,0.0,"{""S4_HEADER_FAILURE"":3}",C2,3,0,coco-000000170955-000000338986,0.0,152798549.33333334,0.3215551358157942,,,,,1.9679433119999885,1.0,0.0
,0.0,0.0,gaussian:15,45.00000900548243,0.9784040915444964,,0.0,"{""S4_HEADER_FAILURE"":3}",C2,3,0,coco-000000170955-000000338986,0.0,152773973.33333334,0.35214516999460327,,,,,2.082934888333815,1.0,0.0
,0.0,0.0,gaussian:5,45.00000900548243,0.9784040915444964,,0.0,"{""S4_HEADER_FAILURE"":3}",C2,3,0,coco-000000170955-000000338986,0.0,153900373.33333334,0.2582478863104875,,,,,1.9291154256667749,1.0,0.0
,0.0,0.0,jpeg:50,45.000009005482426,0.9784040915444965,,0.0,"{""S4_HEADER_FAILURE"":1}",C2,1,0,coco-000000170955-000000338986,0.0,151633920.0,0.47720813095880554,,,,,1.7255674469997757,1.0,0.0
,0.0,0.0,jpeg:70,45.000009005482426,0.9784040915444965,,0.0,"{""S4_HEADER_FAILURE"":1}",C2,1,0,coco-000000170955-000000338986,0.0,151871488.0,0.4512097499550279,,,,,2.1170761739995214,1.0,0.0
,0.0,0.0,jpeg:90,45.000009005482426,0.9784040915444965,,0.0,"{""S4_HEADER_FAILURE"":1}",C2,1,0,coco-000000170955-000000338986,0.0,153841664.0,0.354285842777478,,,,,1.9770045969999046,1.0,0.0
,0.0,0.0,salt_pepper:0.01,45.00000900548243,0.9784040915444964,,0.0,"{""S4_HEADER_FAILURE"":3}",C2,3,0,coco-000000170955-000000338986,0.0,153430698.66666666,0.1622474066079031,,,,,2.6861336030002954,1.0,0.0
,0.0,0.0,salt_pepper:0.03,45.00000900548243,0.9784040915444964,,0.0,"{""S4_HEADER_FAILURE"":3}",C2,3,0,coco-000000170955-000000338986,0.0,152697514.66666666,0.31942795466810575,,,,,2.4422899756670327,1.0,0.0
,0.0,0.0,salt_pepper:0.05,45.00000900548243,0.9784040915444964,,0.0,"{""S4_HEADER_FAILURE"":3}",C2,3,0,coco-000000170955-000000338986,0.0,153094826.66666666,0.3945388858907477,,,,,2.621298593666021,1.0,0.0
0.0,1.0,1.0,clean,45.00001706233342,0.9784275699930529,0.0,1.0,"{""S0_COMPLETE"":1}",C3,1,0,coco-000000170955-000000338986,1.0,153698304.0,0.00012592192840438929,1.0,1.0,,1.0,2.561574184001074,0.0,1.0
,0.0,0.0,gaussian:10,45.00001706233342,0.978427569993053,,0.0,"{""S4_HEADER_FAILURE"":3}",C3,3,0,coco-000000170955-000000338986,0.0,153017002.66666666,0.3224785632907597,,,,,1.8260603253335528,1.0,0.0
,0.0,0.0,gaussian:15,45.00001706233342,0.978427569993053,,0.0,"{""S4_HEADER_FAILURE"":3}",C3,3,0,coco-000000170955-000000338986,0.0,152439466.66666666,0.35296666067038435,,,,,1.8527870193332394,1.0,0.0
,0.0,0.0,gaussian:5,45.00001706233342,0.978427569993053,,0.0,"{""S4_HEADER_FAILURE"":3}",C3,3,0,coco-000000170955-000000338986,0.0,152746666.66666666,0.2584907357438388,,,,,1.8272292009999849,1.0,0.0
,0.0,0.0,jpeg:50,45.00001706233342,0.9784275699930529,,0.0,"{""S4_HEADER_FAILURE"":1}",C3,1,0,coco-000000170955-000000338986,0.0,153718784.0,0.47481111710739343,,,,,1.9035405700014962,1.0,0.0
,0.0,0.0,jpeg:70,45.00001706233342,0.9784275699930529,,0.0,"{""S4_HEADER_FAILURE"":1}",C3,1,0,coco-000000170955-000000338986,0.0,152903680.0,0.4452149667206332,,,,,1.8778125000008004,1.0,0.0
,0.0,0.0,jpeg:90,45.00001706233342,0.9784275699930529,,0.0,"{""S4_HEADER_FAILURE"":1}",C3,1,0,coco-000000170955-000000338986,0.0,151633920.0,0.3414597949271452,,,,,1.9606163589996868,1.0,0.0
,0.0,0.0,salt_pepper:0.01,45.00001706233342,0.978427569993053,,0.0,"{""S4_HEADER_FAILURE"":3}",C3,3,0,coco-000000170955-000000338986,0.0,153444352.0,0.1604755051867842,,,,,1.7624669993335071,1.0,0.0
,0.0,0.0,salt_pepper:0.03,45.00001706233342,0.978427569993053,,0.0,"{""S4_HEADER_FAILURE"":3}",C3,3,0,coco-000000170955-000000338986,0.0,153503061.33333334,0.3212013551598009,,,,,1.6432661949996448,1.0,0.0
,0.0,0.0,salt_pepper:0.05,45.00001706233342,0.978427569993053,,0.0,"{""S4_HEADER_FAILURE"":3}",C3,3,0,coco-000000170955-000000338986,0.0,153635498.66666666,0.3961443904779037,,,,,1.7619627113332779,1.0,0.0
0.0,1.0,1.0,clean,45.000009005482426,0.9784061810241886,0.0,1.0,"{""S0_COMPLETE"":1}",C3_NP,1,0,coco-000000170955-000000338986,1.0,152903680.0,0.00010793308148947653,1.0,1.0,,1.0,3.437983781001094,0.0,1.0
,0.0,0.0,gaussian:10,45.00000900548243,0.9784061810241886,,0.0,"{""S4_HEADER_FAILURE"":3}",C3_NP,3,0,coco-000000170955-000000338986,0.0,153421141.33333334,0.3227289080769922,,,,,2.5857216349995724,1.0,0.0
,0.0,0.0,gaussian:15,45.00000900548243,0.9784061810241886,,0.0,"{""S4_HEADER_FAILURE"":3}",C3_NP,3,0,coco-000000170955-000000338986,0.0,152260608.0,0.3522830844876177,,,,,2.334163797667012,1.0,0.0
,0.0,0.0,gaussian:5,45.00000900548243,0.9784061810241886,,0.0,"{""S4_HEADER_FAILURE"":3}",C3_NP,3,0,coco-000000170955-000000338986,0.0,153744725.33333334,0.25839929243868803,,,,,2.6020378103336648,1.0,0.0
,0.0,0.0,jpeg:50,45.000009005482426,0.9784061810241886,,0.0,"{""S4_HEADER_FAILURE"":1}",C3_NP,1,0,coco-000000170955-000000338986,0.0,151871488.0,0.4743344126641482,,,,,1.8331248389986285,1.0,0.0
,0.0,0.0,jpeg:70,45.000009005482426,0.9784061810241886,,0.0,"{""S4_HEADER_FAILURE"":1}",C3_NP,1,0,coco-000000170955-000000338986,0.0,153698304.0,0.4449271451699946,,,,,2.8333237370006827,1.0,0.0
,0.0,0.0,jpeg:90,45.000009005482426,0.9784061810241886,,0.0,"{""S4_HEADER_FAILURE"":1}",C3_NP,1,0,coco-000000170955-000000338986,0.0,153477120.0,0.343712898003238,,,,,2.395279522999772,1.0,0.0
,0.0,0.0,salt_pepper:0.01,45.00000900548243,0.9784061810241886,,0.0,"{""S4_HEADER_FAILURE"":3}",C3_NP,3,0,coco-000000170955-000000338986,0.0,152776704.0,0.16049799124542782,,,,,1.9405400053340902,1.0,0.0
,0.0,0.0,salt_pepper:0.03,45.00000900548243,0.9784061810241886,,0.0,"{""S4_HEADER_FAILURE"":3}",C3_NP,3,0,coco-000000170955-000000338986,0.0,153524906.66666666,0.32024494813215804,,,,,2.3574751263331564,1.0,0.0
,0.0,0.0,salt_pepper:0.05,45.00000900548243,0.9784061810241886,,0.0,"{""S4_HEADER_FAILURE"":3}",C3_NP,3,0,coco-000000170955-000000338986,0.0,153490773.33333334,0.3946663068897284,,,,,2.207960001000174,1.0,0.0
,,1.0,clean,45.921517235098044,0.9898333681766036,,,"{""S0_COMPLETE"":1}",B1,1,0,coco-000000188465-000000167128,1.0,154238976.0,0.0,1.0,1.0000000000000002,,1.0,0.0018801039987010881,0.0,
,,0.0,gaussian:10,45.921517235098044,0.9898333681766035,,,"{""S2_HEADER_VALID_PARTIAL"":3}",B1,3,0,coco-000000188465-000000167128,0.5184656778971354,153276416.0,0.48153432210286456,0.5184656778971354,0.8148278371412482,9.601953370144285,0.01574928242380585,0.009104340333578875,0.0,
,,0.0,gaussian:15,45.921517235098044,0.9898333681766035,,,"{""S2_HEADER_VALID_PARTIAL"":3}",B1,3,0,coco-000000188465-000000167128,0.5136947631835938,152769877.33333334,0.48630523681640625,0.5136947631835938,0.8103262800231859,9.523714634269767,0.013992799932788047,0.007988271999541515,0.0,
,,0.0,gaussian:5,45.921517235098044,0.9898333681766035,,,"{""S2_HEADER_VALID_PARTIAL"":3}",B1,3,0,coco-000000188465-000000167128,0.5442225138346354,153518080.0,0.45577748616536456,0.5442225138346354,0.8272808112181474,9.883272126527343,0.02072932843772007,0.009460771000400806,0.0,
,,0.0,jpeg:50,45.921517235098044,0.9898333681766036,,,"{""S2_HEADER_VALID_PARTIAL"":1}",B1,1,0,coco-000000188465-000000167128,0.5065841674804688,151871488.0,0.49341583251953125,0.5065841674804688,0.8174168872822802,9.604030411561043,0.010974125922854659,0.007183193998571369,0.0,
,,0.0,jpeg:70,45.921517235098044,0.9898333681766036,,,"{""S2_HEADER_VALID_PARTIAL"":1}",B1,1,0,coco-000000188465-000000167128,0.5129547119140625,152596480.0,0.4870452880859375,0.5129547119140625,0.8226166058345582,9.709694726253463,0.010260595314915008,0.004860119999648305,0.0,
,,0.0,jpeg:90,45.921517235098044,0.9898333681766036,,,"{""S2_HEADER_VALID_PARTIAL"":1}",B1,1,0,coco-000000188465-000000167128,0.5363388061523438,154238976.0,0.46366119384765625,0.5363388061523438,0.8365572111846701,10.066316328867082,0.021621360545814768,0.006871221999972477,0.0,
,,0.0,salt_pepper:0.01,45.921517235098044,0.9898333681766035,,,"{""S2_HEADER_VALID_PARTIAL"":3}",B1,3,0,coco-000000188465-000000167128,0.9947484334309896,153329664.0,0.005251566569010417,0.9947484334309896,0.9960333566841749,26.63618576507058,0.8272846824250354,0.005546880999948674,0.0,
,,0.0,salt_pepper:0.03,45.921517235098044,0.9898333681766035,,,"{""S2_HEADER_VALID_PARTIAL"":3}",B1,3,0,coco-000000188465-000000167128,0.9849522908528646,152838144.0,0.015047709147135416,0.9849522908528646,0.9886852893461752,22.05077365909204,0.6186714405349555,0.004666515666637376,0.0,
,,0.0,salt_pepper:0.05,45.921517235098044,0.9898333681766035,,,"{""S2_HEADER_VALID_PARTIAL"":3}",B1,3,0,coco-000000188465-000000167128,0.9750239054361979,152787626.66666666,0.024976094563802082,0.9750239054361979,0.9821053666473821,20.022190765743165,0.490283027867173,0.005934421333222417,0.0,
,,0.0,clean,,,,,"{""S5_EXTRACTION_TRANSFORM_FAILURE"":1}",B2,1,0,coco-000000188465-000000167128,,152969216.0,,,,,,,,
,,0.0,gaussian:10,,,,,"{""S5_EXTRACTION_TRANSFORM_FAILURE"":3}",B2,3,0,coco-000000188465-000000167128,,152331605.33333334,,,,,,,,
,,0.0,gaussian:15,,,,,"{""S5_EXTRACTION_TRANSFORM_FAILURE"":3}",B2,3,0,coco-000000188465-000000167128,,153276416.0,,,,,,,,
,,0.0,gaussian:5,,,,,"{""S5_EXTRACTION_TRANSFORM_FAILURE"":3}",B2,3,0,coco-000000188465-000000167128,,153321472.0,,,,,,,,
,,0.0,jpeg:50,,,,,"{""S5_EXTRACTION_TRANSFORM_FAILURE"":1}",B2,1,0,coco-000000188465-000000167128,,151871488.0,,,,,,,,
,,0.0,jpeg:70,,,,,"{""S5_EXTRACTION_TRANSFORM_FAILURE"":1}",B2,1,0,coco-000000188465-000000167128,,154238976.0,,,,,,,,
,,0.0,jpeg:90,,,,,"{""S5_EXTRACTION_TRANSFORM_FAILURE"":1}",B2,1,0,coco-000000188465-000000167128,,153718784.0,,,,,,,,
,,0.0,salt_pepper:0.01,,,,,"{""S5_EXTRACTION_TRANSFORM_FAILURE"":3}",B2,3,0,coco-000000188465-000000167128,,153113941.33333334,,,,,,,,
,,0.0,salt_pepper:0.03,,,,,"{""S5_EXTRACTION_TRANSFORM_FAILURE"":3}",B2,3,0,coco-000000188465-000000167128,,153688746.66666666,,,,,,,,
,,0.0,salt_pepper:0.05,,,,,"{""S5_EXTRACTION_TRANSFORM_FAILURE"":3}",B2,3,0,coco-000000188465-000000167128,,152338432.0,,,,,,,,
0.0,1.0,1.0,clean,45.000000948646374,0.9892825123757587,0.0,1.0,"{""S0_COMPLETE"":1}",C0,1,0,coco-000000188465-000000167128,1.0,153493504.0,0.001906817772980752,1.0,1.0000000000000002,,1.0,2.6293589850010903,0.0,1.0
,0.0,0.0,gaussian:10,45.000000948646374,0.9892825123757586,,0.0,"{""S4_HEADER_FAILURE"":3}",C0,3,0,coco-000000188465-000000167128,0.0,151724032.0,0.32407657252503447,,,,,1.882934494333919,1.0,0.0
,0.0,0.0,gaussian:15,45.000000948646374,0.9892825123757586,,0.0,"{""S4_HEADER_FAILURE"":3}",C0,3,0,coco-000000188465-000000167128,0.0,152804010.66666666,0.3540190082149068,,,,,1.9591294993333577,1.0,0.0
,0.0,0.0,gaussian:5,45.000000948646374,0.9892825123757586,,0.0,"{""S4_HEADER_FAILURE"":3}",C0,3,0,coco-000000188465-000000167128,0.0,153246378.66666666,0.2593961743718894,,,,,1.8326859526659973,1.0,0.0
,0.0,0.0,jpeg:50,45.000000948646374,0.9892825123757587,,0.0,"{""S4_HEADER_FAILURE"":1}",C0,1,0,coco-000000188465-000000167128,0.0,151871488.0,0.46965281525454217,,,,,1.9957520440002554,1.0,0.0
,0.0,0.0,jpeg:70,45.000000948646374,0.9892825123757587,,0.0,"{""S4_HEADER_FAILURE"":1}",C0,1,0,coco-000000188465-000000167128,0.0,153698304.0,0.44874078071595613,,,,,1.727866125998844,1.0,0.0
,0.0,0.0,jpeg:90,45.000000948646374,0.9892825123757587,,0.0,"{""S4_HEADER_FAILURE"":1}",C0,1,0,coco-000000188465-000000167128,0.0,153604096.0,0.3525589134736463,,,,,1.8054358549998142,1.0,0.0
,0.0,0.0,salt_pepper:0.01,45.000000948646374,0.9892825123757586,,0.0,"{""S4_HEADER_FAILURE"":3}",C0,3,0,coco-000000188465-000000167128,0.0,154236245.33333334,0.1613344726269713,,,,,1.7780044450003818,1.0,0.0
,0.0,0.0,salt_pepper:0.03,45.000000948646374,0.9892825123757586,,0.0,"{""S4_HEADER_FAILURE"":3}",C0,3,0,coco-000000188465-000000167128,0.0,153427968.0,0.3170159501109312,,,,,1.576626265999342,1.0,0.0
,0.0,0.0,salt_pepper:0.05,45.000000948646374,0.9892825123757586,,0.0,"{""S4_HEADER_FAILURE"":3}",C0,3,0,coco-000000188465-000000167128,0.0,152978773.33333334,0.3893416082029142,,,,,1.6599402336675364,1.0,0.0
0.0,1.0,1.0,clean,45.00004123297609,0.9890549492559171,0.0,1.0,"{""S0_COMPLETE"":1}",C1,1,0,coco-000000188465-000000167128,1.0,154238976.0,0.0016954488217305272,1.0,1.0000000000000002,,1.0,2.445146353000382,0.0,1.0
,0.0,0.0,gaussian:10,45.00004123297609,0.9890549492559172,,0.0,"{""S4_HEADER_FAILURE"":3}",C1,3,0,coco-000000188465-000000167128,0.0,153975466.66666666,0.3236058643640943,,,,,1.9672856050001428,1.0,0.0
,0.0,0.0,gaussian:15,45.00004123297609,0.9890549492559172,,0.0,"{""S4_HEADER_FAILURE"":3}",C1,3,0,coco-000000188465-000000167128,0.0,152679765.33333334,0.3531705342687534,,,,,2.0759271469996747,1.0,0.0
,0.0,0.0,gaussian:5,45.00004123297609,0.9890549492559172,,0.0,"{""S4_HEADER_FAILURE"":3}",C1,3,0,coco-000000188465-000000167128,0.0,151833258.66666666,0.26080679978413385,,,,,1.7526709616662022,1.0,0.0
,0.0,0.0,jpeg:50,45.00004123297609,0.9890549492559171,,0.0,"{""S4_HEADER_FAILURE"":1}",C1,1,0,coco-000000188465-000000167128,0.0,151953408.0,0.46612250404749056,,,,,1.6932372989995201,1.0,0.0
,0.0,0.0,jpeg:70,45.00004123297609,0.9890549492559171,,0.0,"{""S4_HEADER_FAILURE"":1}",C1,1,0,coco-000000188465-000000167128,0.0,152969216.0,0.44325867961863646,,,,,1.6664350279988867,1.0,0.0
,0.0,0.0,jpeg:90,45.00004123297609,0.9890549492559171,,0.0,"{""S4_HEADER_FAILURE"":1}",C1,1,0,coco-000000188465-000000167128,0.0,152903680.0,0.3425661090124123,,,,,1.5968764259996533,1.0,0.0
,0.0,0.0,salt_pepper:0.01,45.00004123297609,0.9890549492559172,,0.0,"{""S4_HEADER_FAILURE"":3}",C1,3,0,coco-000000188465-000000167128,0.0,153387008.0,0.15914433051508065,,,,,2.0248641866674006,1.0,0.0
,0.0,0.0,salt_pepper:0.03,45.00004123297609,0.9890549492559172,,0.0,"{""S4_HEADER_FAILURE"":3}",C1,3,0,coco-000000188465-000000167128,0.0,152978773.33333334,0.3179828506326078,,,,,1.5650369790000696,1.0,0.0
,0.0,0.0,salt_pepper:0.05,45.00004123297609,0.9890549492559172,,0.0,"{""S4_HEADER_FAILURE"":3}",C1,3,0,coco-000000188465-000000167128,0.0,152395776.0,0.38980182286982074,,,,,2.2595298626662648,1.0,0.0
0.0,1.0,1.0,clean,45.000009005482426,0.9892977634968608,0.0,1.0,"{""S0_COMPLETE"":1}",C2,1,0,coco-000000188465-000000167128,1.0,152969216.0,0.00186184565569347,1.0,1.0000000000000002,,1.0,2.7744773640006315,0.0,1.0
,0.0,0.0,gaussian:10,45.00000900548243,0.9892977634968608,,0.0,"{""S4_HEADER_FAILURE"":3}",C2,3,0,coco-000000188465-000000167128,0.0,152876373.33333334,0.3236583318342628,,,,,2.9189374033333784,1.0,0.0
,0.0,0.0,gaussian:15,45.00000900548243,0.9892977634968608,,0.0,"{""S4_HEADER_FAILURE"":3}",C2,3,0,coco-000000188465-000000167128,0.0,152828586.66666666,0.35376866342867425,,,,,3.046968125334388,1.0,0.0
,0.0,0.0,gaussian:5,45.00000900548243,0.9892977634968608,,0.0,"{""S4_HEADER_FAILURE"":3}",C2,3,0,coco-000000188465-000000167128,0.0,153247744.0,0.259943335132218,,,,,2.7717092640007954,1.0,0.0
,0.0,0.0,jpeg:50,45.000009005482426,0.9892977634968608,,0.0,"{""S4_HEADER_FAILURE"":1}",C2,1,0,coco-000000188465-000000167128,0.0,154591232.0,0.4697067817952869,,,,,2.2288536819996807,1.0,0.0
,0.0,0.0,jpeg:70,45.000009005482426,0.9892977634968608,,0.0,"{""S4_HEADER_FAILURE"":1}",C2,1,0,coco-000000188465-000000167128,0.0,153604096.0,0.44745907537326857,,,,,2.824504349000563,1.0,0.0
,0.0,0.0,jpeg:90,45.000009005482426,0.9892977634968608,,0.0,"{""S4_HEADER_FAILURE"":1}",C2,1,0,coco-000000188465-000000167128,0.0,151953408.0,0.3513221802482461,,,,,2.9046340309996594,1.0,0.0
,0.0,0.0,salt_pepper:0.01,45.00000900548243,0.9892977634968608,,0.0,"{""S4_HEADER_FAILURE"":3}",C2,3,0,coco-000000188465-000000167128,0.0,153653248.0,0.16060742339749356,,,,,3.6813429456663775,1.0,0.0
,0.0,0.0,salt_pepper:0.03,45.00000900548243,0.9892977634968608,,0.0,"{""S4_HEADER_FAILURE"":3}",C2,3,0,coco-000000188465-000000167128,0.0,152739840.0,0.3156472986748216,,,,,2.4688628599997173,1.0,0.0
,0.0,0.0,salt_pepper:0.05,45.00000900548243,0.9892977634968608,,0.0,"{""S4_HEADER_FAILURE"":3}",C2,3,0,coco-000000188465-000000167128,0.0,153933141.33333334,0.38865953109072376,,,,,2.885288232334157,1.0,0.0
0.0,1.0,1.0,clean,45.000049289886874,0.9890703362130353,0.0,1.0,"{""S0_COMPLETE"":1}",C3,1,0,coco-000000188465-000000167128,1.0,152596480.0,0.0017494153624752653,1.0,1.0000000000000002,,1.0,3.070814914000948,0.0,1.0
,0.0,0.0,gaussian:10,45.000049289886874,0.9890703362130354,,0.0,"{""S4_HEADER_FAILURE"":3}",C3,3,0,coco-000000188465-000000167128,0.0,153979562.66666666,0.32400611620795106,,,,,1.7812556926667942,1.0,0.0
,0.0,0.0,gaussian:15,45.000049289886874,0.9890703362130354,,0.0,"{""S4_HEADER_FAILURE"":3}",C3,3,0,coco-000000188465-000000167128,0.0,152496810.66666666,0.35398153145050065,,,,,1.4622308330005278,1.0,0.0
,0.0,0.0,gaussian:5,45.000049289886874,0.9890703362130354,,0.0,"{""S4_HEADER_FAILURE"":3}",C3,3,0,coco-000000188465-000000167128,0.0,152423082.66666666,0.26071685554955926,,,,,1.9688034546658553,1.0,0.0
,0.0,0.0,jpeg:50,45.000049289886874,0.9890703362130353,,0.0,"{""S4_HEADER_FAILURE"":1}",C3,1,0,coco-000000188465-000000167128,0.0,152965120.0,0.46682406907717217,,,,,2.1263234500002,1.0,0.0
,0.0,0.0,jpeg:70,45.000049289886874,0.9890703362130353,,0.0,"{""S4_HEADER_FAILURE"":1}",C3,1,0,coco-000000188465-000000167128,0.0,151633920.0,0.4443964741860047,,,,,2.0148784989996784,1.0,0.0
,0.0,0.0,jpeg:90,45.000049289886874,0.9890703362130353,,0.0,"{""S4_HEADER_FAILURE"":1}",C3,1,0,coco-000000188465-000000167128,0.0,154238976.0,0.3446213347724411,,,,,2.429507292999915,1.0,0.0
,0.0,0.0,salt_pepper:0.01,45.000049289886874,0.9890703362130354,,0.0,"{""S4_HEADER_FAILURE"":3}",C3,3,0,coco-000000188465-000000167128,0.0,153083904.0,0.15916831564430053,,,,,1.6806409853337148,1.0,0.0
,0.0,0.0,salt_pepper:0.03,45.000049289886874,0.9890703362130354,,0.0,"{""S4_HEADER_FAILURE"":3}",C3,3,0,coco-000000188465-000000167128,0.0,152397141.33333334,0.31653025124422857,,,,,1.5793300473336178,1.0,0.0
,0.0,0.0,salt_pepper:0.05,45.000049289886874,0.9890703362130354,,0.0,"{""S4_HEADER_FAILURE"":3}",C3,3,0,coco-000000188465-000000167128,0.0,153683285.33333334,0.38892186844156623,,,,,1.5455276860005445,1.0,0.0
0.0,1.0,1.0,clean,45.00003317608025,0.9890378022184361,0.0,1.0,"{""S0_COMPLETE"":1}",C3_NP,1,0,coco-000000188465-000000167128,1.0,153493504.0,0.0018303651735923727,1.0,1.0000000000000002,,1.0,3.137488645999838,0.0,1.0
,0.0,0.0,gaussian:10,45.00003317608025,0.989037802218436,,0.0,"{""S4_HEADER_FAILURE"":3}",C3_NP,3,0,coco-000000188465-000000167128,0.0,152993792.0,0.323505426635486,,,,,2.964219226000447,1.0,0.0
,0.0,0.0,gaussian:15,45.00003317608025,0.989037802218436,,0.0,"{""S4_HEADER_FAILURE"":3}",C3_NP,3,0,coco-000000188465-000000167128,0.0,153164458.66666666,0.35405198776758406,,,,,2.509746850333613,1.0,0.0
,0.0,0.0,gaussian:5,45.00003317608025,0.989037802218436,,0.0,"{""S4_HEADER_FAILURE"":3}",C3_NP,3,0,coco-000000188465-000000167128,0.0,152369834.66666666,0.26046651076332666,,,,,2.8760744739993243,1.0,0.0
,0.0,0.0,jpeg:50,45.00003317608025,0.9890378022184361,,0.0,"{""S4_HEADER_FAILURE"":1}",C3_NP,1,0,coco-000000188465-000000167128,0.0,151953408.0,0.4667161359956827,,,,,2.003273120999438,1.0,0.0
,0.0,0.0,jpeg:70,45.00003317608025,0.9890378022184361,,0.0,"{""S4_HEADER_FAILURE"":1}",C3_NP,1,0,coco-000000188465-000000167128,0.0,152596480.0,0.44474275948911673,,,,,2.9061883880003734,1.0,0.0
,0.0,0.0,jpeg:90,45.00003317608025,0.9890378022184361,,0.0,"{""S4_HEADER_FAILURE"":1}",C3_NP,1,0,coco-000000188465-000000167128,0.0,152965120.0,0.3445808598668825,,,,,3.343173155000841,1.0,0.0
,0.0,0.0,salt_pepper:0.01,45.00003317608025,0.989037802218436,,0.0,"{""S4_HEADER_FAILURE"":3}",C3_NP,3,0,coco-000000188465-000000167128,0.0,153672362.66666666,0.16008874497811357,,,,,2.4657733326663824,1.0,0.0
,0.0,0.0,salt_pepper:0.03,45.00003317608025,0.989037802218436,,0.0,"{""S4_HEADER_FAILURE"":3}",C3_NP,3,0,coco-000000188465-000000167128,0.0,152180053.33333334,0.31638783953948546,,,,,2.4659143463334963,1.0,0.0
,0.0,0.0,salt_pepper:0.05,45.00003317608025,0.989037802218436,,0.0,"{""S4_HEADER_FAILURE"":3}",C3_NP,3,0,coco-000000188465-000000167128,0.0,153896277.33333334,0.3901930802902201,,,,,2.1978178346665422,1.0,0.0
,,1.0,clean,45.897497373432586,0.9890564062559082,,,"{""S0_COMPLETE"":1}",B1,1,0,coco-000000192191-000000338219,1.0,156495872.0,0.0,1.0,1.0,,1.0,0.0027745669995056232,0.0,
,,0.0,gaussian:10,45.89749737343258,0.9890564062559082,,,"{""S2_HEADER_VALID_PARTIAL"":3}",B1,3,0,coco-000000192191-000000338219,0.5080540974934896,155435008.0,0.49194590250651044,0.5080540974934896,0.7511607279751781,8.41736585250427,0.01305202488898159,0.015498168666454148,0.0,
,,0.0,gaussian:15,45.89749737343258,0.9890564062559082,,,"{""S2_HEADER_VALID_PARTIAL"":3}",B1,3,0,coco-000000192191-000000338219,0.5025227864583334,156374357.33333334,0.4974772135416667,0.5025227864583334,0.7468317772656524,8.341600104195235,0.009467818563118876,0.0313967096669027,0.0,
,,0.0,gaussian:5,45.89749737343258,0.9890564062559082,,,"{""S2_HEADER_VALID_PARTIAL"":3}",B1,3,0,coco-000000192191-000000338219,0.5320841471354166,155837781.33333334,0.4679158528645833,0.5320841471354166,0.7608213846607706,8.65983892394082,0.02191417180663798,0.010603422000106852,0.0,
,,0.0,jpeg:50,45.897497373432586,0.9890564062559082,,,"{""S2_HEADER_VALID_PARTIAL"":1}",B1,1,0,coco-000000192191-000000338219,0.4998321533203125,154034176.0,0.5001678466796875,0.4998321533203125,0.7469408596231603,8.417214555842426,0.012276861737229715,0.005915635001656483,0.0,
,,0.0,jpeg:70,45.897497373432586,0.9890564062559082,,,"{""S2_HEADER_VALID_PARTIAL"":1}",B1,1,0,coco-000000192191-000000338219,0.5053329467773438,154931200.0,0.49466705322265625,0.5053329467773438,0.7493337273638818,8.385822536506133,0.010056621258959824,0.006537732999277068,0.0,
,,0.0,jpeg:90,45.897497373432586,0.9890564062559082,,,"{""S2_HEADER_VALID_PARTIAL"":1}",B1,1,0,coco-000000192191-000000338219,0.5172576904296875,157339648.0,0.4827423095703125,0.5172576904296875,0.7587649797838182,8.565768634228622,0.013467316924762844,0.008492175000355928,0.0,
,,0.0,salt_pepper:0.01,45.89749737343258,0.9890564062559082,,,"{""S2_HEADER_VALID_PARTIAL"":3}",B1,3,0,coco-000000192191-000000338219,0.9951578776041666,156435797.33333334,0.004842122395833333,0.9951578776041666,0.9949700603610542,26.82024149843278,0.8656547549966721,0.015560295666242988,0.0,
,,0.0,salt_pepper:0.03,45.89749737343258,0.9890564062559082,,,"{""S2_HEADER_VALID_PARTIAL"":3}",B1,3,0,coco-000000192191-000000338219,0.9852167765299479,155738112.0,0.014783223470052084,0.9852167765299479,0.984994758843121,22.03300832806282,0.6680549946687329,0.012931509333308592,0.0,
,,0.0,salt_pepper:0.05,45.89749737343258,0.9890564062559082,,,"{""S2_HEADER_VALID_PARTIAL"":3}",B1,3,0,coco-000000192191-000000338219,0.9750010172526041,155632981.33333334,0.024998982747395832,0.9750010172526041,0.9742184421606112,19.57552563075334,0.5315594394415752,0.007584715332995984,0.0,
,,1.0,clean,44.866337650938036,0.9849613390537111,,,"{""S0_COMPLETE"":1}",B2,1,0,coco-000000192191-000000338219,1.0,154034176.0,0.0,1.0,1.0,,1.0,0.016569141000218224,0.0,
,,0.0,gaussian:10,44.86633765093804,0.9849613390537111,,,"{""S2_HEADER_VALID_PARTIAL"":3}",B2,3,0,coco-000000192191-000000338219,0.5125808715820312,156374357.33333334,0.48741912841796875,0.5125808715820312,0.75108801468678,8.404684791857273,0.011174108488271264,0.04194996466685552,0.0,
,,0.0,gaussian:15,44.86633765093804,0.9849613390537111,,,"{""S2_HEADER_VALID_PARTIAL"":3}",B2,3,0,coco-000000192191-000000338219,0.5021082560221354,156824917.33333334,0.49789174397786456,0.5021082560221354,0.7492616546844378,8.351639745648642,0.009700931369944954,0.02584592566684781,0.0,
,,0.0,gaussian:5,44.86633765093804,0.9849613390537111,,,"{""S2_HEADER_VALID_PARTIAL"":3}",B2,3,0,coco-000000192191-000000338219,0.5799077351888021,155632981.33333334,0.42009226481119794,0.5799077351888021,0.771196433245476,8.92861395656385,0.029642229960905177,0.016071790000448043,0.0,
,,0.0,jpeg:50,44.866337650938036,0.9849613390537111,,,"{""S2_HEADER_VALID_PARTIAL"":1}",B2,1,0,coco-000000192191-000000338219,0.5123748779296875,154914816.0,0.4876251220703125,0.5123748779296875,0.49924502525047576,7.9453108892531645,0.02183297028678288,0.01233641799990437,0.0,
,,0.0,jpeg:70,44.866337650938036,0.9849613390537111,,,"{""S2_HEADER_VALID_PARTIAL"":1}",B2,1,0,coco-000000192191-000000338219,0.497314453125,159100928.0,0.502685546875,0.497314453125,0.5433245683557839,8.089440758660418,0.003085133619364269,0.010511267000765656,0.0,
,,0.0,jpeg:90,44.866337650938036,0.9849613390537111,,,"{""S2_HEADER_VALID_PARTIAL"":1}",B2,1,0,coco-000000192191-000000338219,0.6621322631835938,157339648.0,0.33786773681640625,0.6621322631835938,0.9193042122785935,14.467025651918057,0.3140556245293771,0.009169462000500062,0.0,
,,0.0,salt_pepper:0.01,44.86633765093804,0.9849613390537111,,,"{""S2_HEADER_VALID_PARTIAL"":3}",B2,3,0,coco-000000192191-000000338219,0.7733968098958334,155545600.0,0.22660319010416666,0.7733968098958334,0.8555150443989498,11.42653394358022,0.10914484871236861,0.017564226666460552,0.0,
,,0.0,salt_pepper:0.03,44.86633765093804,0.9849613390537111,,,"{""S2_HEADER_VALID_PARTIAL"":3}",B2,3,0,coco-000000192191-000000338219,0.5820058186848959,155332608.0,0.4179941813151042,0.5820058186848959,0.7749851375928873,9.008231774026777,0.03236147715258388,0.014591782666078265,0.0,
,,0.0,salt_pepper:0.05,44.86633765093804,0.9849613390537111,,,"{""S2_HEADER_VALID_PARTIAL"":3}",B2,3,0,coco-000000192191-000000338219,0.5260136922200521,157244074.66666666,0.47398630777994794,0.5260136922200521,0.7548841386308575,8.492062866956758,0.014820565155133011,0.01871876533247511,0.0,
0.0,1.0,1.0,clean,45.00003317608025,0.9854156987839133,0.0,1.0,"{""S0_COMPLETE"":1}",C0,1,0,coco-000000192191-000000338219,1.0,154931200.0,0.00028782155063860406,1.0,1.0,,1.0,2.985556435000035,0.0,1.0
,0.0,0.0,gaussian:10,45.00003317608025,0.9854156987839134,,0.0,"{""S4_HEADER_FAILURE"":3}",C0,3,0,coco-000000192191-000000338219,0.0,156540928.0,0.321139893266175,,,,,3.745714382999722,1.0,0.0
,0.0,0.0,gaussian:15,45.00003317608025,0.9854156987839134,,0.0,"{""S4_HEADER_FAILURE"":3}",C0,3,0,coco-000000192191-000000338219,0.0,156805802.66666666,0.3537012052527433,,,,,3.3506042400009997,1.0,0.0
,0.0,0.0,gaussian:5,45.00003317608025,0.9854156987839134,,0.0,"{""S4_HEADER_FAILURE"":3}",C0,3,0,coco-000000192191-000000338219,0.0,155544234.66666666,0.25732445883552196,,,,,4.169349549666852,1.0,0.0
,0.0,0.0,jpeg:50,45.00003317608025,0.9854156987839133,,0.0,"{""S4_HEADER_FAILURE"":1}",C0,1,0,coco-000000192191-000000338219,0.0,155951104.0,0.4757510343586976,,,,,2.4965740330007975,1.0,0.0
,0.0,0.0,jpeg:70,45.00003317608025,0.9854156987839133,,0.0,"{""S4_HEADER_FAILURE"":1}",C0,1,0,coco-000000192191-000000338219,0.0,155897856.0,0.4523925166396834,,,,,3.419627766999838,1.0,0.0
,0.0,0.0,jpeg:90,45.00003317608025,0.9854156987839133,,0.0,"{""S4_HEADER_FAILURE"":1}",C0,1,0,coco-000000192191-000000338219,0.0,157753344.0,0.3522351142291779,,,,,2.7351285889999417,1.0,0.0
,0.0,0.0,salt_pepper:0.01,45.00003317608025,0.9854156987839134,,0.0,"{""S4_HEADER_FAILURE"":3}",C0,3,0,coco-000000192191-000000338219,0.0,157777920.0,0.15429783534208788,,,,,3.003488482667308,1.0,0.0
,0.0,0.0,salt_pepper:0.03,45.00003317608025,0.9854156987839134,,0.0,"{""S4_HEADER_FAILURE"":3}",C0,3,0,coco-000000192191-000000338219,0.0,156450816.0,0.3120090543862805,,,,,3.115798144333894,1.0,0.0
,0.0,0.0,salt_pepper:0.05,45.00003317608025,0.9854156987839134,,0.0,"{""S4_HEADER_FAILURE"":3}",C0,3,0,coco-000000192191-000000338219,0.0,155265706.66666666,0.3874782634766445,,,,,3.4073093156663767,1.0,0.0
0.0,1.0,1.0,clean,45.000000948646374,0.9855181264054197,0.0,1.0,"{""S0_COMPLETE"":1}",C1,1,0,coco-000000192191-000000338219,1.0,157753344.0,0.00025634106853750677,1.0,1.0,,1.0,3.396491056000741,0.0,1.0
,0.0,0.0,gaussian:10,45.000000948646374,0.9855181264054197,,0.0,"{""S4_HEADER_FAILURE"":3}",C1,3,0,coco-000000192191-000000338219,0.0,156154538.66666666,0.3231996162379325,,,,,3.3756764166670714,1.0,0.0
,0.0,0.0,gaussian:15,45.000000948646374,0.9855181264054197,,0.0,"{""S4_HEADER_FAILURE"":3}",C1,3,0,coco-000000192191-000000338219,0.0,154920277.33333334,0.35296366252923184,,,,,2.8117705513335145,1.0,0.0
,0.0,0.0,gaussian:5,45.000000948646374,0.9855181264054197,,0.0,"{""S4_HEADER_FAILURE"":3}",C1,3,0,coco-000000192191-000000338219,0.0,156708864.0,0.2584652515440427,,,,,2.7976865356667986,1.0,0.0
,0.0,0.0,jpeg:50,45.000000948646374,0.9855181264054197,,0.0,"{""S4_HEADER_FAILURE"":1}",C1,1,0,coco-000000192191-000000338219,0.0,156786688.0,0.4753957546321281,,,,,2.1884670590006863,1.0,0.0
,0.0,0.0,jpeg:70,45.000000948646374,0.9855181264054197,,0.0,"{""S4_HEADER_FAILURE"":1}",C1,1,0,coco-000000192191-000000338219,0.0,157339648.0,0.4504946932901601,,,,,2.9382848889999877,1.0,0.0
,0.0,0.0,jpeg:90,45.000000948646374,0.9855181264054197,,0.0,"{""S4_HEADER_FAILURE"":1}",C1,1,0,coco-000000192191-000000338219,0.0,158806016.0,0.3452599388379205,,,,,3.4799732490009774,1.0,0.0
,0.0,0.0,salt_pepper:0.01,45.000000948646374,0.9855181264054197,,0.0,"{""S4_HEADER_FAILURE"":3}",C1,3,0,coco-000000192191-000000338219,0.0,157711018.66666666,0.15380014391077534,,,,,2.8934145103333626,1.0,0.0
,0.0,0.0,salt_pepper:0.03,45.000000948646374,0.9855181264054197,,0.0,"{""S4_HEADER_FAILURE"":3}",C1,3,0,coco-000000192191-000000338219,0.0,155847338.66666666,0.3127945673682317,,,,,2.399745114666075,1.0,0.0
,0.0,0.0,salt_pepper:0.05,45.000000948646374,0.9855181264054197,,0.0,"{""S4_HEADER_FAILURE"":3}",C1,3,0,coco-000000192191-000000338219,0.0,157148501.33333334,0.3900596630089345,,,,,2.5801287593343054,1.0,0.0
0.0,1.0,1.0,clean,45.00004123297609,0.9854269240678459,0.0,1.0,"{""S0_COMPLETE"":1}",C2,1,0,coco-000000192191-000000338219,1.0,156487680.0,0.00024284943335132217,1.0,1.0,,1.0,2.884331758999906,0.0,1.0
,0.0,0.0,gaussian:10,45.00004123297609,0.985426924067846,,0.0,"{""S4_HEADER_FAILURE"":3}",C2,3,0,coco-000000192191-000000338219,0.0,154860202.66666666,0.3212912993943755,,,,,2.1859247039998686,1.0,0.0
,0.0,0.0,gaussian:15,45.00004123297609,0.985426924067846,,0.0,"{""S4_HEADER_FAILURE"":3}",C2,3,0,coco-000000192191-000000338219,0.0,155923797.33333334,0.3528197517539126,,,,,1.8541405923333514,1.0,0.0
,0.0,0.0,gaussian:5,45.00004123297609,0.985426924067846,,0.0,"{""S4_HEADER_FAILURE"":3}",C2,3,0,coco-000000192191-000000338219,0.0,155856896.0,0.25759129339809317,,,,,2.2149953919997643,1.0,0.0
,0.0,0.0,jpeg:50,45.00004123297609,0.9854269240678459,,0.0,"{""S4_HEADER_FAILURE"":1}",C2,1,0,coco-000000192191-000000338219,0.0,158806016.0,0.4755891347364634,,,,,2.2321312460007903,1.0,0.0
,0.0,0.0,jpeg:70,45.00004123297609,0.9854269240678459,,0.0,"{""S4_HEADER_FAILURE"":1}",C2,1,0,coco-000000192191-000000338219,0.0,156286976.0,0.453656233135456,,,,,2.344530095000664,1.0,0.0
,0.0,0.0,jpeg:90,45.00004123297609,0.9854269240678459,,0.0,"{""S4_HEADER_FAILURE"":1}",C2,1,0,coco-000000192191-000000338219,0.0,157339648.0,0.351753912574204,,,,,2.5720894149999367,1.0,0.0
,0.0,0.0,salt_pepper:0.01,45.00004123297609,0.985426924067846,,0.0,"{""S4_HEADER_FAILURE"":3}",C2,3,0,coco-000000192191-000000338219,0.0,157244074.66666666,0.15423637344846197,,,,,1.5883451913329434,1.0,0.0
,0.0,0.0,salt_pepper:0.03,45.00004123297609,0.985426924067846,,0.0,"{""S4_HEADER_FAILURE"":3}",C2,3,0,coco-000000192191-000000338219,0.0,156826282.66666666,0.31263416681657374,,,,,1.878012031000253,1.0,0.0
,0.0,0.0,salt_pepper:0.05,45.00004123297609,0.985426924067846,,0.0,"{""S4_HEADER_FAILURE"":3}",C2,3,0,coco-000000192191-000000338219,0.0,156575061.33333334,0.38844216585716856,,,,,2.0235638013333905,1.0,0.0
0.0,1.0,1.0,clean,45.000000948646374,0.9854924871739255,0.0,1.0,"{""S0_COMPLETE"":1}",C3,1,0,coco-000000192191-000000338219,1.0,158806016.0,0.000238352221622594,1.0,1.0,,1.0,2.4779028839984676,0.0,1.0
,0.0,0.0,gaussian:10,45.000000948646374,0.9854924871739255,,0.0,"{""S4_HEADER_FAILURE"":3}",C3,3,0,coco-000000192191-000000338219,0.0,156472661.33333334,0.3223046711039156,,,,,1.9231422640004894,1.0,0.0
,0.0,0.0,gaussian:15,45.000000948646374,0.9854924871739255,,0.0,"{""S4_HEADER_FAILURE"":3}",C3,3,0,coco-000000192191-000000338219,0.0,157477546.66666666,0.3531795286922108,,,,,1.9653508123337815,1.0,0.0
,0.0,0.0,gaussian:5,45.000000948646374,0.9854924871739255,,0.0,"{""S4_HEADER_FAILURE"":3}",C3,3,0,coco-000000192191-000000338219,0.0,155235669.33333334,0.25866912514241175,,,,,2.0586501930004792,1.0,0.0
,0.0,0.0,jpeg:50,45.000000948646374,0.9854924871739255,,0.0,"{""S4_HEADER_FAILURE"":1}",C3,1,0,coco-000000192191-000000338219,0.0,154439680.0,0.4719149127540925,,,,,2.015293799000574,1.0,0.0
,0.0,0.0,jpeg:70,45.000000948646374,0.9854924871739255,,0.0,"{""S4_HEADER_FAILURE"":1}",C3,1,0,coco-000000192191-000000338219,0.0,155951104.0,0.4486058643640943,,,,,2.1734200169994438,1.0,0.0
,0.0,0.0,jpeg:90,45.000000948646374,0.9854924871739255,,0.0,"{""S4_HEADER_FAILURE"":1}",C3,1,0,coco-000000192191-000000338219,0.0,155897856.0,0.3429528692210829,,,,,2.186984971000129,1.0,0.0
,0.0,0.0,salt_pepper:0.01,45.000000948646374,0.9854924871739255,,0.0,"{""S4_HEADER_FAILURE"":3}",C3,3,0,coco-000000192191-000000338219,0.0,157036544.0,0.15371769502908197,,,,,2.4069510219990966,1.0,0.0
,0.0,0.0,salt_pepper:0.03,45.000000948646374,0.9854924871739255,,0.0,"{""S4_HEADER_FAILURE"":3}",C3,3,0,coco-000000192191-000000338219,0.0,155738112.0,0.3134301732925586,,,,,2.856325109666917,1.0,0.0
,0.0,0.0,salt_pepper:0.05,45.000000948646374,0.9854924871739255,,0.0,"{""S4_HEADER_FAILURE"":3}",C3,3,0,coco-000000192191-000000338219,0.0,156884992.0,0.38908076992264795,,,,,2.4818431243335604,1.0,0.0
0.0,1.0,1.0,clean,45.00001706233342,0.985513463015994,0.0,1.0,"{""S0_COMPLETE"":1}",C3_NP,1,0,coco-000000192191-000000338219,1.0,156495872.0,0.00020687173952149668,1.0,1.0,,1.0,2.556542733000242,0.0,1.0
,0.0,0.0,gaussian:10,45.00001706233342,0.985513463015994,,0.0,"{""S4_HEADER_FAILURE"":3}",C3_NP,3,0,coco-000000192191-000000338219,0.0,156175018.66666666,0.32248905678479345,,,,,2.1162083630000175,1.0,0.0
,0.0,0.0,gaussian:15,45.00001706233342,0.985513463015994,,0.0,"{""S4_HEADER_FAILURE"":3}",C3_NP,3,0,coco-000000192191-000000338219,0.0,157244074.66666666,0.35277328056604906,,,,,1.7470911670000835,1.0,0.0
,0.0,0.0,gaussian:5,45.00001706233342,0.985513463015994,,0.0,"{""S4_HEADER_FAILURE"":3}",C3_NP,3,0,coco-000000192191-000000338219,0.0,156286976.0,0.2572704922947772,,,,,1.9415010203332106,1.0,0.0
,0.0,0.0,jpeg:50,45.00001706233342,0.985513463015994,,0.0,"{""S4_HEADER_FAILURE"":1}",C3_NP,1,0,coco-000000192191-000000338219,0.0,154034176.0,0.4700440726749415,,,,,2.1489780949996202,1.0,0.0
,0.0,0.0,jpeg:70,45.00001706233342,0.985513463015994,,0.0,"{""S4_HEADER_FAILURE"":1}",C3_NP,1,0,coco-000000192191-000000338219,0.0,157753344.0,0.4484214786832164,,,,,1.9275272380000388,1.0,0.0
,0.0,0.0,jpeg:90,45.00001706233342,0.985513463015994,,0.0,"{""S4_HEADER_FAILURE"":1}",C3_NP,1,0,coco-000000192191-000000338219,0.0,156286976.0,0.34509354200395753,,,,,1.8596454069993342,1.0,0.0
,0.0,0.0,salt_pepper:0.01,45.00001706233342,0.985513463015994,,0.0,"{""S4_HEADER_FAILURE"":3}",C3_NP,3,0,coco-000000192191-000000338219,0.0,156480853.33333334,0.15427834742459676,,,,,1.8092411493338052,1.0,0.0
,0.0,0.0,salt_pepper:0.03,45.00001706233342,0.985513463015994,,0.0,"{""S4_HEADER_FAILURE"":3}",C3_NP,3,0,coco-000000192191-000000338219,0.0,156551850.66666666,0.31289950230856867,,,,,2.1814179036658365,1.0,0.0
,0.0,0.0,salt_pepper:0.05,45.00001706233342,0.985513463015994,,0.0,"{""S4_HEADER_FAILURE"":3}",C3_NP,3,0,coco-000000192191-000000338219,0.0,156252842.66666666,0.38967290280026384,,,,,2.0848917686659356,1.0,0.0
,,1.0,clean,45.80040887739878,0.9920293480931074,,,"{""S0_COMPLETE"":1}",B1,1,0,coco-000000209757-000000186938,1.0,153559040.0,0.0,1.0,1.0,,1.0,0.0028818949995184084,0.0,
,,0.0,gaussian:10,45.80040887739878,0.9920293480931074,,,"{""S2_HEADER_VALID_PARTIAL"":3}",B1,3,0,coco-000000209757-000000186938,0.5081380208333334,152948736.0,0.4918619791666667,0.5081380208333334,0.8162038190186599,9.58901169471644,0.013321359760674384,0.011358437666179574,0.0,
,,0.0,gaussian:15,45.80040887739878,0.9920293480931074,,,"{""S2_HEADER_VALID_PARTIAL"":3}",B1,3,0,coco-000000209757-000000186938,0.5039774576822916,154787840.0,0.4960225423177083,0.5039774576822916,0.8150293029933257,9.530498527893723,0.012294831054988445,0.009709861333855466,0.0,
,,0.0,gaussian:5,45.80040887739878,0.9920293480931074,,,"{""S2_HEADER_VALID_PARTIAL"":3}",B1,3,0,coco-000000209757-000000186938,0.5319646199544271,154595328.0,0.46803538004557294,0.5319646199544271,0.8248077588971753,9.83123468520021,0.019228889931871072,0.0178617970001748,0.0,
,,0.0,jpeg:50,45.80040887739878,0.9920293480931074,,,"{""S2_HEADER_VALID_PARTIAL"":1}",B1,1,0,coco-000000209757-000000186938,0.5025405883789062,153288704.0,0.49745941162109375,0.5025405883789062,0.8133209334248088,9.585444565523154,0.009043683851578378,0.005876061999515514,0.0,
,,0.0,jpeg:70,45.80040887739878,0.9920293480931074,,,"{""S2_HEADER_VALID_PARTIAL"":1}",B1,1,0,coco-000000209757-000000186938,0.5060958862304688,153604096.0,0.49390411376953125,0.5060958862304688,0.8168523160651582,9.585379944814365,0.011347005989391708,0.005464200999995228,0.0,
,,0.0,jpeg:90,45.80040887739878,0.9920293480931074,,,"{""S2_HEADER_VALID_PARTIAL"":1}",B1,1,0,coco-000000209757-000000186938,0.5205612182617188,154611712.0,0.47943878173828125,0.5205612182617188,0.826524779227479,9.806402944579105,0.015204809660597653,0.005922340000324766,0.0,
,,0.0,salt_pepper:0.01,45.80040887739878,0.9920293480931074,,,"{""S2_HEADER_VALID_PARTIAL"":3}",B1,3,0,coco-000000209757-000000186938,0.9951019287109375,153834837.33333334,0.0048980712890625,0.9951019287109375,0.9948919363271677,26.98555946432951,0.8454946364791938,0.009493471665943313,0.0,
,,0.0,salt_pepper:0.03,45.80040887739878,0.9920293480931074,,,"{""S2_HEADER_VALID_PARTIAL"":3}",B1,3,0,coco-000000209757-000000186938,0.9850997924804688,152805376.0,0.01490020751953125,0.9850997924804688,0.9851197711705137,22.249320867135946,0.6341730419171903,0.0075337870002840646,0.0,
,,0.0,salt_pepper:0.05,45.80040887739878,0.9920293480931074,,,"{""S2_HEADER_VALID_PARTIAL"":3}",B1,3,0,coco-000000209757-000000186938,0.9746932983398438,154211669.33333334,0.02530670166015625,0.9746932983398438,0.9748117297446397,19.863087129304876,0.4936572255977964,0.018238485000135068,0.0,
,,0.0,clean,,,,,"{""S5_EXTRACTION_TRANSFORM_FAILURE"":1}",B2,1,0,coco-000000209757-000000186938,,152903680.0,,,,,,,,
,,0.0,gaussian:10,,,,,"{""S5_EXTRACTION_TRANSFORM_FAILURE"":3}",B2,3,0,coco-000000209757-000000186938,,154120192.0,,,,,,,,
,,0.0,gaussian:15,,,,,"{""S5_EXTRACTION_TRANSFORM_FAILURE"":3}",B2,3,0,coco-000000209757-000000186938,,152933717.33333334,,,,,,,,
,,0.0,gaussian:5,,,,,"{""S5_EXTRACTION_TRANSFORM_FAILURE"":3}",B2,3,0,coco-000000209757-000000186938,,154363221.33333334,,,,,,,,
,,0.0,jpeg:50,,,,,"{""S5_EXTRACTION_TRANSFORM_FAILURE"":1}",B2,1,0,coco-000000209757-000000186938,,151953408.0,,,,,,,,
,,0.0,jpeg:70,,,,,"{""S5_EXTRACTION_TRANSFORM_FAILURE"":1}",B2,1,0,coco-000000209757-000000186938,,153559040.0,,,,,,,,
,,0.0,jpeg:90,,,,,"{""S5_EXTRACTION_TRANSFORM_FAILURE"":1}",B2,1,0,coco-000000209757-000000186938,,155615232.0,,,,,,,,
,,0.0,salt_pepper:0.01,,,,,"{""S5_EXTRACTION_TRANSFORM_FAILURE"":3}",B2,3,0,coco-000000209757-000000186938,,154234880.0,,,,,,,,
,,0.0,salt_pepper:0.03,,,,,"{""S5_EXTRACTION_TRANSFORM_FAILURE"":3}",B2,3,0,coco-000000209757-000000186938,,154353664.0,,,,,,,,
,,0.0,salt_pepper:0.05,,,,,"{""S5_EXTRACTION_TRANSFORM_FAILURE"":3}",B2,3,0,coco-000000209757-000000186938,,152933717.33333334,,,,,,,,
0.0,1.0,1.0,clean,45.000000948646374,0.9887781679828709,0.0,1.0,"{""S0_COMPLETE"":1}",C0,1,0,coco-000000209757-000000186938,1.0,153493504.0,0.002356538945853571,1.0,1.0,,1.0,2.617934543000956,0.0,1.0
,0.0,0.0,gaussian:10,45.000000948646374,0.9887781679828708,,0.0,"{""S4_HEADER_FAILURE"":3}",C0,3,0,coco-000000209757-000000186938,0.0,153107114.66666666,0.3230272231216646,,,,,1.8032764609997685,1.0,0.0
,0.0,0.0,gaussian:15,45.000000948646374,0.9887781679828708,,0.0,"{""S4_HEADER_FAILURE"":3}",C0,3,0,coco-000000209757-000000186938,0.0,153164458.66666666,0.3531390537866523,,,,,1.758617420666269,1.0,0.0
,0.0,0.0,gaussian:5,45.000000948646374,0.9887781679828708,,0.0,"{""S4_HEADER_FAILURE"":3}",C0,3,0,coco-000000209757-000000186938,0.0,153819818.66666666,0.2597184745457816,,,,,1.8121332413338678,1.0,0.0
,0.0,0.0,jpeg:50,45.000000948646374,0.9887781679828709,,0.0,"{""S4_HEADER_FAILURE"":1}",C0,1,0,coco-000000209757-000000186938,0.0,155615232.0,0.47239611440906637,,,,,1.9222410339989437,1.0,0.0
,0.0,0.0,jpeg:70,45.000000948646374,0.9887781679828709,,0.0,"{""S4_HEADER_FAILURE"":1}",C0,1,0,coco-000000209757-000000186938,0.0,153477120.0,0.4486913113869401,,,,,2.1757415020001645,1.0,0.0
,0.0,0.0,jpeg:90,45.000000948646374,0.9887781679828709,,0.0,"{""S4_HEADER_FAILURE"":1}",C0,1,0,coco-000000209757-000000186938,0.0,154238976.0,0.3446753013131858,,,,,1.6234168230002979,1.0,0.0
,0.0,0.0,salt_pepper:0.01,45.000000948646374,0.9887781679828708,,0.0,"{""S4_HEADER_FAILURE"":3}",C0,3,0,coco-000000209757-000000186938,0.0,152457216.0,0.16871889428554296,,,,,1.6598605813336083,1.0,0.0
,0.0,0.0,salt_pepper:0.03,45.000000948646374,0.9887781679828708,,0.0,"{""S4_HEADER_FAILURE"":3}",C0,3,0,coco-000000209757-000000186938,0.0,152973312.0,0.32838340229057983,,,,,1.735787256666299,1.0,0.0
,0.0,0.0,salt_pepper:0.05,45.000000948646374,0.9887781679828708,,0.0,"{""S4_HEADER_FAILURE"":3}",C0,3,0,coco-000000209757-000000186938,0.0,154565290.66666666,0.3994018708400791,,,,,1.8968509419998252,1.0,0.0
0.0,1.0,1.0,clean,45.000009005482426,0.9886220611984017,0.0,1.0,"{""S0_COMPLETE"":1}",C1,1,0,coco-000000209757-000000186938,1.0,154599424.0,0.002244108652635366,1.0,1.0,,1.0,2.43211360100031,0.0,1.0
,0.0,0.0,gaussian:10,45.00000900548243,0.9886220611984017,,0.0,"{""S4_HEADER_FAILURE"":3}",C1,3,0,coco-000000209757-000000186938,0.0,152993792.0,0.3236493374108053,,,,,1.9380743556666857,1.0,0.0
,0.0,0.0,gaussian:15,45.00000900548243,0.9886220611984017,,0.0,"{""S4_HEADER_FAILURE"":3}",C1,3,0,coco-000000209757-000000186938,0.0,152581461.33333334,0.35397253702704323,,,,,1.9306346113335167,1.0,0.0
,0.0,0.0,gaussian:5,45.00000900548243,0.9886220611984017,,0.0,"{""S4_HEADER_FAILURE"":3}",C1,3,0,coco-000000209757-000000186938,0.0,153356970.66666666,0.26122354140432935,,,,,1.8999174236669205,1.0,0.0
,0.0,0.0,jpeg:50,45.000009005482426,0.9886220611984017,,0.0,"{""S4_HEADER_FAILURE"":1}",C1,1,0,coco-000000209757-000000186938,0.0,152268800.0,0.46877136175571144,,,,,1.9776229170001898,1.0,0.0
,0.0,0.0,jpeg:70,45.000009005482426,0.9886220611984017,,0.0,"{""S4_HEADER_FAILURE"":1}",C1,1,0,coco-000000209757-000000186938,0.0,154591232.0,0.44626281705342685,,,,,1.9438149339985102,1.0,0.0
,0.0,0.0,jpeg:90,45.000009005482426,0.9886220611984017,,0.0,"{""S4_HEADER_FAILURE"":1}",C1,1,0,coco-000000209757-000000186938,0.0,153763840.0,0.34206691851052345,,,,,1.726657974999398,1.0,0.0
,0.0,0.0,salt_pepper:0.01,45.00000900548243,0.9886220611984017,,0.0,"{""S4_HEADER_FAILURE"":3}",C1,3,0,coco-000000209757-000000186938,0.0,152637440.0,0.16741470288421179,,,,,2.227139201000076,1.0,0.0
,0.0,0.0,salt_pepper:0.03,45.00000900548243,0.9886220611984017,,0.0,"{""S4_HEADER_FAILURE"":3}",C1,3,0,coco-000000209757-000000186938,0.0,153894912.0,0.32940127121184865,,,,,2.3257718793338427,1.0,0.0
,0.0,0.0,salt_pepper:0.05,45.00000900548243,0.9886220611984017,,0.0,"{""S4_HEADER_FAILURE"":3}",C1,3,0,coco-000000209757-000000186938,0.0,154251264.0,0.40158002038735985,,,,,2.2946573400004127,1.0,0.0
0.0,1.0,1.0,clean,45.00001706233342,0.9887876765642255,0.0,1.0,"{""S0_COMPLETE"":1}",C2,1,0,coco-000000209757-000000186938,1.0,152784896.0,0.002455477603885591,1.0,1.0,,1.0,3.8261898749988177,0.0,1.0
,0.0,0.0,gaussian:10,45.00001706233342,0.9887876765642255,,0.0,"{""S4_HEADER_FAILURE"":3}",C2,3,0,coco-000000209757-000000186938,0.0,152831317.33333334,0.322480062361336,,,,,3.129810960333392,1.0,0.0
,0.0,0.0,gaussian:15,45.00001706233342,0.9887876765642255,,0.0,"{""S4_HEADER_FAILURE"":3}",C2,3,0,coco-000000209757-000000186938,0.0,153589077.33333334,0.3527058223901181,,,,,2.297052946666857,1.0,0.0
,0.0,0.0,gaussian:5,45.00001706233342,0.9887876765642255,,0.0,"{""S4_HEADER_FAILURE"":3}",C2,3,0,coco-000000209757-000000186938,0.0,154451968.0,0.2600332793667926,,,,,3.0908293436665795,1.0,0.0
,0.0,0.0,jpeg:50,45.00001706233342,0.9887876765642255,,0.0,"{""S4_HEADER_FAILURE"":1}",C2,1,0,coco-000000209757-000000186938,0.0,155615232.0,0.4701789890268034,,,,,2.8331658799997967,1.0,0.0
,0.0,0.0,jpeg:70,45.00001706233342,0.9887876765642255,,0.0,"{""S4_HEADER_FAILURE"":1}",C2,1,0,coco-000000209757-000000186938,0.0,151953408.0,0.44817413203813633,,,,,2.6454345080001076,1.0,0.0
,0.0,0.0,jpeg:90,45.00001706233342,0.9887876765642255,,0.0,"{""S4_HEADER_FAILURE"":1}",C2,1,0,coco-000000209757-000000186938,0.0,152879104.0,0.347832343946753,,,,,1.9457814149991464,1.0,0.0
,0.0,0.0,salt_pepper:0.01,45.00001706233342,0.9887876765642255,,0.0,"{""S4_HEADER_FAILURE"":3}",C2,3,0,coco-000000209757-000000186938,0.0,153363797.33333334,0.1682781675361276,,,,,2.8082797916667914,1.0,0.0
,0.0,0.0,salt_pepper:0.03,45.00001706233342,0.9887876765642255,,0.0,"{""S4_HEADER_FAILURE"":3}",C2,3,0,coco-000000209757-000000186938,0.0,154071040.0,0.32885860766324876,,,,,2.428481514333422,1.0,0.0
,0.0,0.0,salt_pepper:0.05,45.00001706233342,0.9887876765642255,,0.0,"{""S4_HEADER_FAILURE"":3}",C2,3,0,coco-000000209757-000000186938,0.0,153944064.0,0.40038226299694185,,,,,2.216633871000037,1.0,0.0
0.0,1.0,1.0,clean,45.000009005482426,0.9886631172432283,0.0,1.0,"{""S0_COMPLETE"":1}",C3,1,0,coco-000000209757-000000186938,1.0,151953408.0,0.002365533369311027,1.0,1.0,,1.0,2.244140368000444,0.0,1.0
,0.0,0.0,gaussian:10,45.00000900548243,0.9886631172432283,,0.0,"{""S4_HEADER_FAILURE"":3}",C3,3,0,coco-000000209757-000000186938,0.0,154106538.66666666,0.3238846914912754,,,,,1.6492767886666115,1.0,0.0
,0.0,0.0,gaussian:15,45.00000900548243,0.9886631172432283,,0.0,"{""S4_HEADER_FAILURE"":3}",C3,3,0,coco-000000209757-000000186938,0.0,154304512.0,0.35206272111291,,,,,1.9612874660003097,1.0,0.0
,0.0,0.0,gaussian:5,45.00000900548243,0.9886631172432283,,0.0,"{""S4_HEADER_FAILURE"":3}",C3,3,0,coco-000000209757-000000186938,0.0,154312704.0,0.2610286622294178,,,,,1.5080154373335972,1.0,0.0
,0.0,0.0,jpeg:50,45.000009005482426,0.9886631172432283,,0.0,"{""S4_HEADER_FAILURE"":1}",C3,1,0,coco-000000209757-000000186938,0.0,153559040.0,0.4686004677100198,,,,,1.6864690329985024,1.0,0.0
,0.0,0.0,jpeg:70,45.000009005482426,0.9886631172432283,,0.0,"{""S4_HEADER_FAILURE"":1}",C3,1,0,coco-000000209757-000000186938,0.0,154611712.0,0.44506206152185646,,,,,1.6778646069997194,1.0,0.0
,0.0,0.0,jpeg:90,45.000009005482426,0.9886631172432283,,0.0,"{""S4_HEADER_FAILURE"":1}",C3,1,0,coco-000000209757-000000186938,0.0,154689536.0,0.34124842597589494,,,,,1.4476322440004878,1.0,0.0
,0.0,0.0,salt_pepper:0.01,45.00000900548243,0.9886631172432283,,0.0,"{""S4_HEADER_FAILURE"":3}",C3,3,0,coco-000000209757-000000186938,0.0,153590442.66666666,0.16741470288421179,,,,,1.9455911736671017,1.0,0.0
,0.0,0.0,salt_pepper:0.03,45.00000900548243,0.9886631172432283,,0.0,"{""S4_HEADER_FAILURE"":3}",C3,3,0,coco-000000209757-000000186938,0.0,153001984.0,0.3296905918330635,,,,,1.9045018426671352,1.0,0.0
,0.0,0.0,salt_pepper:0.05,45.00000900548243,0.9886631172432283,,0.0,"{""S4_HEADER_FAILURE"":3}",C3,3,0,coco-000000209757-000000186938,0.0,153426602.66666666,0.4008244888169335,,,,,1.7283700163340352,1.0,0.0
0.0,1.0,1.0,clean,45.000025119199364,0.9886655285870121,0.0,1.0,"{""S0_COMPLETE"":1}",C3_NP,1,0,coco-000000209757-000000186938,1.0,151953408.0,0.002338550098938658,1.0,1.0,,1.0,3.175586209999892,0.0,1.0
,0.0,0.0,gaussian:10,45.000025119199364,0.9886655285870121,,0.0,"{""S4_HEADER_FAILURE"":3}",C3_NP,3,0,coco-000000209757-000000186938,0.0,154012330.66666666,0.32489356598908675,,,,,2.2310248423333783,1.0,0.0
,0.0,0.0,gaussian:15,45.000025119199364,0.9886655285870121,,0.0,"{""S4_HEADER_FAILURE"":3}",C3_NP,3,0,coco-000000209757-000000186938,0.0,154012330.66666666,0.3535542963362715,,,,,2.073686062666335,1.0,0.0
,0.0,0.0,gaussian:5,45.000025119199364,0.9886655285870121,,0.0,"{""S4_HEADER_FAILURE"":3}",C3_NP,3,0,coco-000000209757-000000186938,0.0,154300416.0,0.26098369011213046,,,,,2.324025971000083,1.0,0.0
,0.0,0.0,jpeg:50,45.000025119199364,0.9886655285870121,,0.0,"{""S4_HEADER_FAILURE"":1}",C3_NP,1,0,coco-000000209757-000000186938,0.0,151871488.0,0.46924806619895665,,,,,2.4779002890008996,1.0,0.0
,0.0,0.0,jpeg:70,45.000025119199364,0.9886655285870121,,0.0,"{""S4_HEADER_FAILURE"":1}",C3_NP,1,0,coco-000000209757-000000186938,0.0,153718784.0,0.4439827307069617,,,,,2.907973416000459,1.0,0.0
,0.0,0.0,jpeg:90,45.000025119199364,0.9886655285870121,,0.0,"{""S4_HEADER_FAILURE"":1}",C3_NP,1,0,coco-000000209757-000000186938,0.0,154611712.0,0.3415812196438208,,,,,3.1869823609995365,1.0,0.0
,0.0,0.0,salt_pepper:0.01,45.000025119199364,0.9886655285870121,,0.0,"{""S4_HEADER_FAILURE"":3}",C3_NP,3,0,coco-000000209757-000000186938,0.0,154240341.33333334,0.16720633207411406,,,,,2.1923359626665238,1.0,0.0
,0.0,0.0,salt_pepper:0.03,45.000025119199364,0.9886655285870121,,0.0,"{""S4_HEADER_FAILURE"":3}",C3_NP,3,0,coco-000000209757-000000186938,0.0,153006080.0,0.32944324518798346,,,,,2.2055860863335206,1.0,0.0
,0.0,0.0,salt_pepper:0.05,45.000025119199364,0.9886655285870121,,0.0,"{""S4_HEADER_FAILURE"":3}",C3_NP,3,0,coco-000000209757-000000186938,0.0,152743936.0,0.400049469329016,,,,,1.8397233290003594,1.0,0.0
,,1.0,clean,45.84838306758144,0.990376871839392,,,"{""S0_COMPLETE"":1}",B1,1,0,coco-000000210299-000000511599,1.0,155176960.0,0.0,1.0,1.0000000000000002,,1.0,0.0031918759996187873,0.0,
,,0.0,gaussian:10,45.84838306758144,0.990376871839392,,,"{""S2_HEADER_VALID_PARTIAL"":3}",B1,3,0,coco-000000210299-000000511599,0.5058466593424479,155871914.66666666,0.49415334065755206,0.5058466593424479,0.787245291536569,8.705164489886544,0.014141176600579728,0.01021418866669895,0.0,
,,0.0,gaussian:15,45.84838306758144,0.990376871839392,,,"{""S2_HEADER_VALID_PARTIAL"":3}",B1,3,0,coco-000000210299-000000511599,0.5028839111328125,155871914.66666666,0.4971160888671875,0.5028839111328125,0.7861299662919894,8.666208541427585,0.011817684237402723,0.009605910999501551,0.0,
,,0.0,gaussian:5,45.84838306758144,0.990376871839392,,,"{""S2_HEADER_VALID_PARTIAL"":3}",B1,3,0,coco-000000210299-000000511599,0.5297012329101562,155871914.66666666,0.47029876708984375,0.5297012329101562,0.7991695220693975,8.957886255794579,0.01895468064904775,0.010499997334288006,0.0,
,,0.0,jpeg:50,45.84838306758144,0.990376871839392,,,"{""S2_HEADER_VALID_PARTIAL"":1}",B1,1,0,coco-000000210299-000000511599,0.49860382080078125,155176960.0,0.5013961791992188,0.49860382080078125,0.7795589337297834,8.53729523870549,0.006766821302485289,0.007503167000322719,0.0,
,,0.0,jpeg:70,45.84838306758144,0.990376871839392,,,"{""S2_HEADER_VALID_PARTIAL"":1}",B1,1,0,coco-000000210299-000000511599,0.49976348876953125,156487680.0,0.5002365112304688,0.49976348876953125,0.7834658094744881,8.618190614981827,0.008122358728787653,0.007473117999325041,0.0,
,,0.0,jpeg:90,45.84838306758144,0.990376871839392,,,"{""S2_HEADER_VALID_PARTIAL"":1}",B1,1,0,coco-000000210299-000000511599,0.50982666015625,155951104.0,0.49017333984375,0.50982666015625,0.7891255860308595,8.775225743374236,0.012323466152550627,0.008240653000029852,0.0,
,,0.0,salt_pepper:0.01,45.84838306758144,0.990376871839392,,,"{""S2_HEADER_VALID_PARTIAL"":3}",B1,3,0,coco-000000210299-000000511599,0.9950917561848959,155912874.66666666,0.004908243815104167,0.9950917561848959,0.996504517187736,26.83818293961993,0.8383439246686654,0.006463408333123273,0.0,
,,0.0,salt_pepper:0.03,45.84838306758144,0.990376871839392,,,"{""S2_HEADER_VALID_PARTIAL"":3}",B1,3,0,coco-000000210299-000000511599,0.9849319458007812,156921856.0,0.01506805419921875,0.9849319458007812,0.9890103805889311,21.833365961719227,0.6120865132420991,0.006547188000088984,0.0,
,,0.0,salt_pepper:0.05,45.84838306758144,0.990376871839392,,,"{""S2_HEADER_VALID_PARTIAL"":3}",B1,3,0,coco-000000210299-000000511599,0.9745585123697916,155435008.0,0.025441487630208332,0.9745585123697916,0.9819049296423937,19.639113995200475,0.48972916266779576,0.005361746333922686,0.0,
,,1.0,clean,45.481499687449734,0.9907707182793187,,,"{""S0_COMPLETE"":1}",B2,1,0,coco-000000210299-000000511599,1.0,157753344.0,0.0,1.0,1.0000000000000002,,1.0,0.010324924000087776,0.0,
,,0.0,gaussian:10,45.481499687449734,0.9907707182793187,,,"{""S2_HEADER_VALID_PARTIAL"":3}",B2,3,0,coco-000000210299-000000511599,0.5065638224283854,156352512.0,0.49343617757161456,0.5065638224283854,0.7879790394529435,8.724420559727124,0.014686796280558216,0.014307567667250018,0.0,
,,0.0,gaussian:15,45.481499687449734,0.9907707182793187,,,"{""S2_HEADER_VALID_PARTIAL"":3}",B2,3,0,coco-000000210299-000000511599,0.4992777506510417,156534101.33333334,0.5007222493489584,0.4992777506510417,0.7835670364565143,8.628057245079937,0.008954791804945133,0.0166269673336501,0.0,
,,0.0,gaussian:5,45.481499687449734,0.9907707182793187,,,"{""S2_HEADER_VALID_PARTIAL"":3}",B2,3,0,coco-000000210299-000000511599,0.5578740437825521,156540928.0,0.44212595621744794,0.5578740437825521,0.8040277435092337,9.058021621264515,0.0245401092666401,0.012850224000430899,0.0,
,,0.0,jpeg:50,45.481499687449734,0.9907707182793187,,,"{""S2_HEADER_VALID_PARTIAL"":1}",B2,1,0,coco-000000210299-000000511599,0.49520111083984375,155615232.0,0.5047988891601562,0.49520111083984375,0.5253994998776215,6.609629340212945,0.012071449672786921,0.00843736299975717,0.0,
,,0.0,jpeg:70,45.481499687449734,0.9907707182793187,,,"{""S2_HEADER_VALID_PARTIAL"":1}",B2,1,0,coco-000000210299-000000511599,0.45478057861328125,155176960.0,0.5452194213867188,0.45478057861328125,0.5101483354172478,6.188605625274727,-0.010209631805410128,0.013816889999361592,0.0,
,,0.0,jpeg:90,45.481499687449734,0.9907707182793187,,,"{""S2_HEADER_VALID_PARTIAL"":1}",B2,1,0,coco-000000210299-000000511599,0.61981201171875,155951104.0,0.38018798828125,0.61981201171875,0.8666317266101432,11.316585363494216,0.213869840270011,0.011870018000990967,0.0,
,,0.0,salt_pepper:0.01,45.481499687449734,0.9907707182793187,,,"{""S2_HEADER_VALID_PARTIAL"":3}",B2,3,0,coco-000000210299-000000511599,0.7648239135742188,155759957.33333334,0.23517608642578125,0.7648239135742188,0.8859942235512817,11.50371343721726,0.1037725362798431,0.012083214000085718,0.0,
,,0.0,salt_pepper:0.03,45.481499687449734,0.9907707182793187,,,"{""S2_HEADER_VALID_PARTIAL"":3}",B2,3,0,coco-000000210299-000000511599,0.5706659952799479,156641962.66666666,0.42933400472005206,0.5706659952799479,0.8072766627277698,9.16242799092785,0.027665104992341535,0.01179016166679503,0.0,
,,0.0,salt_pepper:0.05,45.481499687449734,0.9907707182793187,,,"{""S2_HEADER_VALID_PARTIAL"":3}",B2,3,0,coco-000000210299-000000511599,0.5194015502929688,157644117.33333334,0.48059844970703125,0.5194015502929688,0.788576235874329,8.72843889216229,0.013182458834669277,0.012774123665925194,0.0,
0.0,1.0,1.0,clean,45.000000948646374,0.9895740203827366,0.0,1.0,"{""S0_COMPLETE"":1}",C0,1,0,coco-000000210299-000000511599,1.0,155615232.0,0.00037776578521316783,1.0,1.0000000000000002,,1.0,2.709052136000537,0.0,1.0
,0.0,0.0,gaussian:10,45.000000948646374,0.9895740203827366,,0.0,"{""S4_HEADER_FAILURE"":3}",C0,3,0,coco-000000210299-000000511599,0.0,156026197.33333334,0.32193440067158363,,,,,2.4341291609998734,1.0,0.0
,0.0,0.0,gaussian:15,45.000000948646374,0.9895740203827366,,0.0,"{""S4_HEADER_FAILURE"":3}",C0,3,0,coco-000000210299-000000511599,0.0,155807744.0,0.35239401571025963,,,,,2.7615539626664636,1.0,0.0
,0.0,0.0,gaussian:5,45.000000948646374,0.9895740203827366,,0.0,"{""S4_HEADER_FAILURE"":3}",C0,3,0,coco-000000210299-000000511599,0.0,156939605.33333334,0.25864963722492057,,,,,3.6634211369995078,1.0,0.0
,0.0,0.0,jpeg:50,45.000000948646374,0.9895740203827366,,0.0,"{""S4_HEADER_FAILURE"":1}",C0,1,0,coco-000000210299-000000511599,0.0,158806016.0,0.47030041374347903,,,,,3.9257993859991984,1.0,0.0
,0.0,0.0,jpeg:70,45.000000948646374,0.9895740203827366,,0.0,"{""S4_HEADER_FAILURE"":1}",C0,1,0,coco-000000210299-000000511599,0.0,154034176.0,0.4511153085087246,,,,,3.2297366090006108,1.0,0.0
,0.0,0.0,jpeg:90,45.000000948646374,0.9895740203827366,,0.0,"{""S4_HEADER_FAILURE"":1}",C0,1,0,coco-000000210299-000000511599,0.0,155176960.0,0.34893416082029144,,,,,2.8625214280000364,1.0,0.0
,0.0,0.0,salt_pepper:0.01,45.000000948646374,0.9895740203827366,,0.0,"{""S4_HEADER_FAILURE"":3}",C0,3,0,coco-000000210299-000000511599,0.0,156482218.66666666,0.1623418480542064,,,,,3.3913599550002496,1.0,0.0
,0.0,0.0,salt_pepper:0.03,45.000000948646374,0.9895740203827366,,0.0,"{""S4_HEADER_FAILURE"":3}",C0,3,0,coco-000000210299-000000511599,0.0,157836629.33333334,0.3262202434490616,,,,,3.046315498666445,1.0,0.0
,0.0,0.0,salt_pepper:0.05,45.000000948646374,0.9895740203827366,,0.0,"{""S4_HEADER_FAILURE"":3}",C0,3,0,coco-000000210299-000000511599,0.0,156323840.0,0.4002908196917911,,,,,2.456267172665927,1.0,0.0
0.0,1.0,1.0,clean,45.000000948646374,0.9895504855941033,0.0,1.0,"{""S0_COMPLETE"":1}",C1,1,0,coco-000000210299-000000511599,1.0,155897856.0,0.0004272351142291779,1.0,1.0000000000000002,,1.0,3.518547129999206,0.0,1.0
,0.0,0.0,gaussian:10,45.000000948646374,0.9895504855941034,,0.0,"{""S4_HEADER_FAILURE"":3}",C1,3,0,coco-000000210299-000000511599,0.0,155310762.66666666,0.32214277148168136,,,,,2.9088836993335767,1.0,0.0
,0.0,0.0,gaussian:15,45.000000948646374,0.9895504855941034,,0.0,"{""S4_HEADER_FAILURE"":3}",C1,3,0,coco-000000210299-000000511599,0.0,155409066.66666666,0.35224260958205916,,,,,3.286317201333683,1.0,0.0
,0.0,0.0,gaussian:5,45.000000948646374,0.9895504855941034,,0.0,"{""S4_HEADER_FAILURE"":3}",C1,3,0,coco-000000210299-000000511599,0.0,157133482.66666666,0.2586196558133957,,,,,2.9588020559998163,1.0,0.0
,0.0,0.0,jpeg:50,45.000000948646374,0.9895504855941033,,0.0,"{""S4_HEADER_FAILURE"":1}",C1,1,0,coco-000000210299-000000511599,0.0,155951104.0,0.46542993344126643,,,,,3.219726407998678,1.0,0.0
,0.0,0.0,jpeg:70,45.000000948646374,0.9895504855941033,,0.0,"{""S4_HEADER_FAILURE"":1}",C1,1,0,coco-000000210299-000000511599,0.0,156790784.0,0.44547580500089945,,,,,2.512440163000065,1.0,0.0
,0.0,0.0,jpeg:90,45.000000948646374,0.9895504855941033,,0.0,"{""S4_HEADER_FAILURE"":1}",C1,1,0,coco-000000210299-000000511599,0.0,155615232.0,0.3419634826407627,,,,,2.500660974001221,1.0,0.0
,0.0,0.0,salt_pepper:0.01,45.000000948646374,0.9895504855941034,,0.0,"{""S4_HEADER_FAILURE"":3}",C1,3,0,coco-000000210299-000000511599,0.0,157123925.33333334,0.16115158601666968,,,,,3.336321068666924,1.0,0.0
,0.0,0.0,salt_pepper:0.03,45.000000948646374,0.9895504855941034,,0.0,"{""S4_HEADER_FAILURE"":3}",C1,3,0,coco-000000210299-000000511599,0.0,157777920.0,0.32910745337890507,,,,,2.6633593366671753,1.0,0.0
,0.0,0.0,salt_pepper:0.05,45.000000948646374,0.9895504855941034,,0.0,"{""S4_HEADER_FAILURE"":3}",C1,3,0,coco-000000210299-000000511599,0.0,156132693.33333334,0.40120375367272293,,,,,2.616354619000049,1.0,0.0
0.0,1.0,1.0,clean,45.00001706233342,0.989573099222379,0.0,1.0,"{""S0_COMPLETE"":1}",C2,1,0,coco-000000210299-000000511599,1.0,156790784.0,0.00040474905558553697,1.0,1.0000000000000002,,1.0,2.9514382380002644,0.0,1.0
,0.0,0.0,gaussian:10,45.00001706233342,0.9895730992223791,,0.0,"{""S4_HEADER_FAILURE"":3}",C2,3,0,coco-000000210299-000000511599,0.0,154550272.0,0.32153864603945553,,,,,2.251965228999931,1.0,0.0
,0.0,0.0,gaussian:15,45.00001706233342,0.9895730992223791,,0.0,"{""S4_HEADER_FAILURE"":3}",C2,3,0,coco-000000210299-000000511599,0.0,157261824.0,0.3525049469329016,,,,,2.0664877936657526,1.0,0.0
,0.0,0.0,gaussian:5,45.00001706233342,0.9895730992223791,,0.0,"{""S4_HEADER_FAILURE"":3}",C2,3,0,coco-000000210299-000000511599,0.0,156093098.66666666,0.2583603166037057,,,,,2.451061507000001,1.0,0.0
,0.0,0.0,jpeg:50,45.00001706233342,0.989573099222379,,0.0,"{""S4_HEADER_FAILURE"":1}",C2,1,0,coco-000000210299-000000511599,0.0,155897856.0,0.4684115848174132,,,,,1.8827498270002252,1.0,0.0
,0.0,0.0,jpeg:70,45.00001706233342,0.989573099222379,,0.0,"{""S4_HEADER_FAILURE"":1}",C2,1,0,coco-000000210299-000000511599,0.0,158416896.0,0.4504587155963303,,,,,2.6876785329986888,1.0,0.0
,0.0,0.0,jpeg:90,45.00001706233342,0.989573099222379,,0.0,"{""S4_HEADER_FAILURE"":1}",C2,1,0,coco-000000210299-000000511599,0.0,154914816.0,0.3488397193739881,,,,,2.5398399909990985,1.0,0.0
,0.0,0.0,salt_pepper:0.01,45.00001706233342,0.9895730992223791,,0.0,"{""S4_HEADER_FAILURE"":3}",C2,3,0,coco-000000210299-000000511599,0.0,157289130.66666666,0.16271211848653835,,,,,1.7775996966671908,1.0,0.0
,0.0,0.0,salt_pepper:0.03,45.00001706233342,0.9895730992223791,,0.0,"{""S4_HEADER_FAILURE"":3}",C2,3,0,coco-000000210299-000000511599,0.0,156902741.33333334,0.3264046291299394,,,,,1.781294924667236,1.0,0.0
,0.0,0.0,salt_pepper:0.05,45.00001706233342,0.9895730992223791,,0.0,"{""S4_HEADER_FAILURE"":3}",C2,3,0,coco-000000210299-000000511599,0.0,156176384.0,0.40076002878215505,,,,,1.820583418000145,1.0,0.0
0.0,1.0,1.0,clean,45.00001706233342,0.9895708390398129,0.0,1.0,"{""S0_COMPLETE"":1}",C3,1,0,coco-000000210299-000000511599,1.0,154914816.0,0.0004227379025004497,1.0,1.0000000000000002,,1.0,2.4414229040012287,0.0,1.0
,0.0,0.0,gaussian:10,45.00001706233342,0.9895708390398129,,0.0,"{""S4_HEADER_FAILURE"":3}",C3,3,0,coco-000000210299-000000511599,0.0,156549120.0,0.3219898662829046,,,,,2.0551306213334706,1.0,0.0
,0.0,0.0,gaussian:15,45.00001706233342,0.9895708390398129,,0.0,"{""S4_HEADER_FAILURE"":3}",C3,3,0,coco-000000210299-000000511599,0.0,156674730.66666666,0.35242549619236074,,,,,1.950338056999802,1.0,0.0
,0.0,0.0,gaussian:5,45.00001706233342,0.9895708390398129,,0.0,"{""S4_HEADER_FAILURE"":3}",C3,3,0,coco-000000210299-000000511599,0.0,155912874.66666666,0.25920729147928284,,,,,1.890697996332771,1.0,0.0
,0.0,0.0,jpeg:50,45.00001706233342,0.9895708390398129,,0.0,"{""S4_HEADER_FAILURE"":1}",C3,1,0,coco-000000210299-000000511599,0.0,156487680.0,0.4692525634106854,,,,,1.748777089000214,1.0,0.0
,0.0,0.0,jpeg:70,45.00001706233342,0.9895708390398129,,0.0,"{""S4_HEADER_FAILURE"":1}",C3,1,0,coco-000000210299-000000511599,0.0,155176960.0,0.4472881813275769,,,,,1.8866478050003934,1.0,0.0
,0.0,0.0,jpeg:90,45.00001706233342,0.9895708390398129,,0.0,"{""S4_HEADER_FAILURE"":1}",C3,1,0,coco-000000210299-000000511599,0.0,154439680.0,0.34115398452959167,,,,,1.650158881000607,1.0,0.0
,0.0,0.0,salt_pepper:0.01,45.00001706233342,0.9895708390398129,,0.0,"{""S4_HEADER_FAILURE"":3}",C3,3,0,coco-000000210299-000000511599,0.0,156939605.33333334,0.16108262877016252,,,,,1.987806240333157,1.0,0.0
,0.0,0.0,salt_pepper:0.03,45.00001706233342,0.9895708390398129,,0.0,"{""S4_HEADER_FAILURE"":3}",C3,3,0,coco-000000210299-000000511599,0.0,156362069.33333334,0.3265470408346825,,,,,1.8758822959995693,1.0,0.0
,0.0,0.0,salt_pepper:0.05,45.00001706233342,0.9895708390398129,,0.0,"{""S4_HEADER_FAILURE"":3}",C3,3,0,coco-000000210299-000000511599,0.0,156609194.66666666,0.40169844696288304,,,,,2.000809050334283,1.0,0.0
0.0,1.0,1.0,clean,45.00003317608025,0.9895520801481567,0.0,1.0,"{""S0_COMPLETE"":1}",C3_NP,1,0,coco-000000210299-000000511599,1.0,154914816.0,0.0003687713617557115,1.0,1.0000000000000002,,1.0,2.294176593000884,0.0,1.0
,0.0,0.0,gaussian:10,45.00003317608025,0.9895520801481567,,0.0,"{""S4_HEADER_FAILURE"":3}",C3_NP,3,0,coco-000000210299-000000511599,0.0,156390741.33333334,0.32189692390717756,,,,,1.970424503333561,1.0,0.0
,0.0,0.0,gaussian:15,45.00003317608025,0.9895520801481567,,0.0,"{""S4_HEADER_FAILURE"":3}",C3_NP,3,0,coco-000000210299-000000511599,0.0,157351936.0,0.35269832703723686,,,,,1.8425681623333123,1.0,0.0
,0.0,0.0,gaussian:5,45.00003317608025,0.9895520801481567,,0.0,"{""S4_HEADER_FAILURE"":3}",C3_NP,3,0,coco-000000210299-000000511599,0.0,154808320.0,0.25926725430233255,,,,,1.9159361363332816,1.0,0.0
,0.0,0.0,jpeg:50,45.00003317608025,0.9895520801481567,,0.0,"{""S4_HEADER_FAILURE"":1}",C3_NP,1,0,coco-000000210299-000000511599,0.0,155176960.0,0.4682361935599928,,,,,2.0198335730001418,1.0,0.0
,0.0,0.0,jpeg:70,45.00003317608025,0.9895520801481567,,0.0,"{""S4_HEADER_FAILURE"":1}",C3_NP,1,0,coco-000000210299-000000511599,0.0,158416896.0,0.4465056664867782,,,,,1.7657804989994474,1.0,0.0
,0.0,0.0,jpeg:90,45.00003317608025,0.9895520801481567,,0.0,"{""S4_HEADER_FAILURE"":1}",C3_NP,1,0,coco-000000210299-000000511599,0.0,156495872.0,0.34131138694009716,,,,,1.7208196589999716,1.0,0.0
,0.0,0.0,salt_pepper:0.01,45.00003317608025,0.9895520801481567,,0.0,"{""S4_HEADER_FAILURE"":3}",C3_NP,3,0,coco-000000210299-000000511599,0.0,156938240.0,0.16128800143910774,,,,,1.9617801679996774,1.0,0.0
,0.0,0.0,salt_pepper:0.03,45.00003317608025,0.9895520801481567,,0.0,"{""S4_HEADER_FAILURE"":3}",C3_NP,3,0,coco-000000210299-000000511599,0.0,156848128.0,0.3267853930563051,,,,,2.0214565363336683,1.0,0.0
,0.0,0.0,salt_pepper:0.05,45.00003317608025,0.9895520801481567,,0.0,"{""S4_HEADER_FAILURE"":3}",C3_NP,3,0,coco-000000210299-000000511599,0.0,157234517.33333334,0.4026578521316784,,,,,1.7667294389999977,1.0,0.0
,,1.0,clean,46.28884404046868,0.9871752620330914,,,"{""S0_COMPLETE"":1}",B1,1,0,coco-000000229753-000000434297,1.0,155840512.0,0.0,1.0,1.0,,1.0,0.0018782440001814393,0.0,
,,0.0,gaussian:10,46.28884404046868,0.9871752620330914,,,"{""S2_HEADER_VALID_PARTIAL"":3}",B1,3,0,coco-000000229753-000000434297,0.5252863566080729,156973738.66666666,0.47471364339192706,0.5252863566080729,0.8079268239841381,8.869663799124687,0.01959322744160721,0.029305355334145133,0.0,
,,0.0,gaussian:15,46.28884404046868,0.9871752620330914,,,"{""S2_HEADER_VALID_PARTIAL"":3}",B1,3,0,coco-000000229753-000000434297,0.5187530517578125,157241344.0,0.4812469482421875,0.5187530517578125,0.8084852250094622,8.773347941782808,0.014878468617039883,0.016525012333052775,0.0,
,,0.0,gaussian:5,46.28884404046868,0.9871752620330914,,,"{""S2_HEADER_VALID_PARTIAL"":3}",B1,3,0,coco-000000229753-000000434297,0.5504124959309896,156140885.33333334,0.44958750406901044,0.5504124959309896,0.8118569472160155,9.174398717323555,0.024949780847943328,0.012998840000363998,0.0,
,,0.0,jpeg:50,46.28884404046868,0.9871752620330914,,,"{""S2_HEADER_VALID_PARTIAL"":1}",B1,1,0,coco-000000229753-000000434297,0.5130691528320312,155840512.0,0.48693084716796875,0.5130691528320312,0.7956331552667745,9.77506061399624,0.021581044847835594,0.007974244999786606,0.0,
,,0.0,jpeg:70,46.28884404046868,0.9871752620330914,,,"{""S2_HEADER_VALID_PARTIAL"":1}",B1,1,0,coco-000000229753-000000434297,0.522857666015625,155840512.0,0.477142333984375,0.522857666015625,0.8087117469905525,9.605283420358496,0.017664827355828312,0.0070387529995059595,0.0,
,,0.0,jpeg:90,46.28884404046868,0.9871752620330914,,,"{""S2_HEADER_VALID_PARTIAL"":1}",B1,1,0,coco-000000229753-000000434297,0.552581787109375,155840512.0,0.447418212890625,0.552581787109375,0.8160453670330038,9.66739661591953,0.02046587880911448,0.015366438001365168,0.0,
,,0.0,salt_pepper:0.01,46.28884404046868,0.9871752620330914,,,"{""S2_HEADER_VALID_PARTIAL"":3}",B1,3,0,coco-000000229753-000000434297,0.9950434366861979,156861781.33333334,0.004956563313802083,0.9950434366861979,0.9956427330634773,26.774452008948174,0.8455267442679878,0.014236398333499286,0.0,
,,0.0,salt_pepper:0.03,46.28884404046868,0.9871752620330914,,,"{""S2_HEADER_VALID_PARTIAL"":3}",B1,3,0,coco-000000229753-000000434297,0.9851277669270834,156789418.66666666,0.014872233072916666,0.9851277669270834,0.9867232458222875,21.87149420633176,0.6257253726585722,0.02107708700047321,0.0,
,,0.0,salt_pepper:0.05,46.28884404046868,0.9871752620330914,,,"{""S2_HEADER_VALID_PARTIAL"":3}",B1,3,0,coco-000000229753-000000434297,0.9757334391276041,156977834.66666666,0.024266560872395832,0.9757334391276041,0.9787740804492632,19.802091596877258,0.5088944038702934,0.014009444999828702,0.0,
,,0.0,clean,,,,,"{""S5_EXTRACTION_TRANSFORM_FAILURE"":1}",B2,1,0,coco-000000229753-000000434297,,158806016.0,,,,,,,,
,,0.0,gaussian:10,,,,,"{""S5_EXTRACTION_TRANSFORM_FAILURE"":3}",B2,3,0,coco-000000229753-000000434297,,156752554.66666666,,,,,,,,
,,0.0,gaussian:15,,,,,"{""S5_EXTRACTION_TRANSFORM_FAILURE"":3}",B2,3,0,coco-000000229753-000000434297,,155708074.66666666,,,,,,,,
,,0.0,gaussian:5,,,,,"{""S5_EXTRACTION_TRANSFORM_FAILURE"":3}",B2,3,0,coco-000000229753-000000434297,,156861781.33333334,,,,,,,,
,,0.0,jpeg:50,,,,,"{""S5_EXTRACTION_TRANSFORM_FAILURE"":1}",B2,1,0,coco-000000229753-000000434297,,157741056.0,,,,,,,,
,,0.0,jpeg:70,,,,,"{""S5_EXTRACTION_TRANSFORM_FAILURE"":1}",B2,1,0,coco-000000229753-000000434297,,155176960.0,,,,,,,,
,,0.0,jpeg:90,,,,,"{""S5_EXTRACTION_TRANSFORM_FAILURE"":1}",B2,1,0,coco-000000229753-000000434297,,158806016.0,,,,,,,,
,,0.0,salt_pepper:0.01,,,,,"{""S5_EXTRACTION_TRANSFORM_FAILURE"":3}",B2,3,0,coco-000000229753-000000434297,,157962240.0,,,,,,,,
,,0.0,salt_pepper:0.03,,,,,"{""S5_EXTRACTION_TRANSFORM_FAILURE"":3}",B2,3,0,coco-000000229753-000000434297,,157241344.0,,,,,,,,
,,0.0,salt_pepper:0.05,,,,,"{""S5_EXTRACTION_TRANSFORM_FAILURE"":3}",B2,3,0,coco-000000229753-000000434297,,156188672.0,,,,,,,,
0.0,1.0,1.0,clean,45.000025119199364,0.9810371291207597,0.0,1.0,"{""S0_COMPLETE"":1}",C0,1,0,coco-000000229753-000000434297,1.0,154914816.0,0.0006565929123943155,1.0,1.0,,1.0,4.180148792998807,0.0,1.0
,0.0,0.0,gaussian:10,45.000025119199364,0.9810371291207597,,0.0,"{""S4_HEADER_FAILURE"":3}",C0,3,0,coco-000000229753-000000434297,0.0,157783381.33333334,0.32330904838999824,,,,,2.921113634333475,1.0,0.0
,0.0,0.0,gaussian:15,45.000025119199364,0.9810371291207597,,0.0,"{""S4_HEADER_FAILURE"":3}",C0,3,0,coco-000000229753-000000434297,0.0,156848128.0,0.3540175091443305,,,,,2.676330514333434,1.0,0.0
,0.0,0.0,gaussian:5,45.000025119199364,0.9810371291207597,,0.0,"{""S4_HEADER_FAILURE"":3}",C0,3,0,coco-000000229753-000000434297,0.0,154987178.66666666,0.2595745637704623,,,,,3.000471227000162,1.0,0.0
,0.0,0.0,jpeg:50,45.000025119199364,0.9810371291207597,,0.0,"{""S4_HEADER_FAILURE"":1}",C0,1,0,coco-000000229753-000000434297,0.0,155897856.0,0.47923187623673325,,,,,2.8602491909987293,1.0,0.0
,0.0,0.0,jpeg:70,45.000025119199364,0.9810371291207597,,0.0,"{""S4_HEADER_FAILURE"":1}",C0,1,0,coco-000000229753-000000434297,0.0,156786688.0,0.4575418240690772,,,,,3.427879249000398,1.0,0.0
,0.0,0.0,jpeg:90,45.000025119199364,0.9810371291207597,,0.0,"{""S4_HEADER_FAILURE"":1}",C0,1,0,coco-000000229753-000000434297,0.0,154931200.0,0.34879474725670084,,,,,2.502296392000062,1.0,0.0
,0.0,0.0,salt_pepper:0.01,45.000025119199364,0.9810371291207597,,0.0,"{""S4_HEADER_FAILURE"":3}",C0,3,0,coco-000000229753-000000434297,0.0,156729344.0,0.14476074833603167,,,,,2.6611430009998003,1.0,0.0
,0.0,0.0,salt_pepper:0.03,45.000025119199364,0.9810371291207597,,0.0,"{""S4_HEADER_FAILURE"":3}",C0,3,0,coco-000000229753-000000434297,0.0,156631040.0,0.2999715176590514,,,,,2.265545594999518,1.0,0.0
,0.0,0.0,salt_pepper:0.05,45.000025119199364,0.9810371291207597,,0.0,"{""S4_HEADER_FAILURE"":3}",C0,3,0,coco-000000229753-000000434297,0.0,156252842.66666666,0.3758919469928644,,,,,2.295992073999514,1.0,0.0
0.0,1.0,1.0,clean,45.00001706233342,0.9814079050464029,0.0,1.0,"{""S0_COMPLETE"":1}",C1,1,0,coco-000000229753-000000434297,1.0,157753344.0,0.0007510343586976075,1.0,1.0,,1.0,2.7076286709998385,0.0,1.0
,0.0,0.0,gaussian:10,45.00001706233342,0.9814079050464027,,0.0,"{""S4_HEADER_FAILURE"":3}",C1,3,0,coco-000000229753-000000434297,0.0,156286976.0,0.3229792528632248,,,,,1.7277501549997396,1.0,0.0
,0.0,0.0,gaussian:15,45.00001706233342,0.9814079050464027,,0.0,"{""S4_HEADER_FAILURE"":3}",C1,3,0,coco-000000229753-000000434297,0.0,156480853.33333334,0.35454068477543926,,,,,1.8386794929998966,1.0,0.0
,0.0,0.0,gaussian:5,45.00001706233342,0.9814079050464027,,0.0,"{""S4_HEADER_FAILURE"":3}",C1,3,0,coco-000000229753-000000434297,0.0,157164885.33333334,0.26108412784073876,,,,,1.8048405103333305,1.0,0.0
,0.0,0.0,jpeg:50,45.00001706233342,0.9814079050464029,,0.0,"{""S4_HEADER_FAILURE"":1}",C1,1,0,coco-000000229753-000000434297,0.0,154034176.0,0.47534178809138333,,,,,1.820398521000243,1.0,0.0
,0.0,0.0,jpeg:70,45.00001706233342,0.9814079050464029,,0.0,"{""S4_HEADER_FAILURE"":1}",C1,1,0,coco-000000229753-000000434297,0.0,155840512.0,0.45184835402050727,,,,,1.7989025229999243,1.0,0.0
,0.0,0.0,jpeg:90,45.00001706233342,0.9814079050464029,,0.0,"{""S4_HEADER_FAILURE"":1}",C1,1,0,coco-000000229753-000000434297,0.0,155897856.0,0.34035348084187805,,,,,1.7232984299989766,1.0,0.0
,0.0,0.0,salt_pepper:0.01,45.00001706233342,0.9814079050464027,,0.0,"{""S4_HEADER_FAILURE"":3}",C1,3,0,coco-000000229753-000000434297,0.0,155874645.33333334,0.1433651136295497,,,,,1.815873729667146,1.0,0.0
,0.0,0.0,salt_pepper:0.03,45.00001706233342,0.9814079050464027,,0.0,"{""S4_HEADER_FAILURE"":3}",C1,3,0,coco-000000229753-000000434297,0.0,157123925.33333334,0.2999910055765425,,,,,1.6626325263332546,1.0,0.0
,0.0,0.0,salt_pepper:0.05,45.00001706233342,0.9814079050464027,,0.0,"{""S4_HEADER_FAILURE"":3}",C1,3,0,coco-000000229753-000000434297,0.0,155608405.33333334,0.3780655993284164,,,,,1.9589996336665838,1.0,0.0
0.0,1.0,1.0,clean,45.000009005482426,0.9810332543947466,0.0,1.0,"{""S0_COMPLETE"":1}",C2,1,0,coco-000000229753-000000434297,1.0,157753344.0,0.0005936319481921209,1.0,1.0,,1.0,2.341152125000008,0.0,1.0
,0.0,0.0,gaussian:10,45.00000900548243,0.9810332543947466,,0.0,"{""S4_HEADER_FAILURE"":3}",C2,3,0,coco-000000229753-000000434297,0.0,156939605.33333334,0.3237182946573125,,,,,1.768689672333494,1.0,0.0
,0.0,0.0,gaussian:15,45.00000900548243,0.9810332543947466,,0.0,"{""S4_HEADER_FAILURE"":3}",C2,3,0,coco-000000229753-000000434297,0.0,155787264.0,0.3542963362715117,,,,,1.6494638333333569,1.0,0.0
,0.0,0.0,gaussian:5,45.00000900548243,0.9810332543947466,,0.0,"{""S4_HEADER_FAILURE"":3}",C2,3,0,coco-000000229753-000000434297,0.0,157462528.0,0.26061791689152725,,,,,2.0567165823334412,1.0,0.0
,0.0,0.0,jpeg:50,45.000009005482426,0.9810332543947466,,0.0,"{""S4_HEADER_FAILURE"":1}",C2,1,0,coco-000000229753-000000434297,0.0,154034176.0,0.4785527972656953,,,,,1.8954010119996383,1.0,0.0
,0.0,0.0,jpeg:70,45.000009005482426,0.9810332543947466,,0.0,"{""S4_HEADER_FAILURE"":1}",C2,1,0,coco-000000229753-000000434297,0.0,156286976.0,0.45659291239431554,,,,,1.9656725240001833,1.0,0.0
,0.0,0.0,jpeg:90,45.000009005482426,0.9810332543947466,,0.0,"{""S4_HEADER_FAILURE"":1}",C2,1,0,coco-000000229753-000000434297,0.0,156790784.0,0.3480077352041734,,,,,1.766808995998872,1.0,0.0
,0.0,0.0,salt_pepper:0.01,45.00000900548243,0.9810332543947466,,0.0,"{""S4_HEADER_FAILURE"":3}",C2,3,0,coco-000000229753-000000434297,0.0,157205845.33333334,0.1444879174911555,,,,,1.727484589332865,1.0,0.0
,0.0,0.0,salt_pepper:0.03,45.00000900548243,0.9810332543947466,,0.0,"{""S4_HEADER_FAILURE"":3}",C2,3,0,coco-000000229753-000000434297,0.0,155873280.0,0.2987227918690412,,,,,1.879317049666497,1.0,0.0
,0.0,0.0,salt_pepper:0.05,45.00000900548243,0.9810332543947466,,0.0,"{""S4_HEADER_FAILURE"":3}",C2,3,0,coco-000000229753-000000434297,0.0,154987178.66666666,0.37623673322540024,,,,,2.1375669203334837,1.0,0.0
0.0,1.0,1.0,clean,45.00003317608025,0.9813929958184858,0.0,1.0,"{""S0_COMPLETE"":1}",C3,1,0,coco-000000229753-000000434297,1.0,158416896.0,0.0007825148407987049,1.0,1.0,,1.0,4.375088876000518,0.0,1.0
,0.0,0.0,gaussian:10,45.00003317608025,0.9813929958184858,,0.0,"{""S4_HEADER_FAILURE"":3}",C3,3,0,coco-000000229753-000000434297,0.0,156875434.66666666,0.3238097379624633,,,,,2.3448752959993726,1.0,0.0
,0.0,0.0,gaussian:15,45.00003317608025,0.9813929958184858,,0.0,"{""S4_HEADER_FAILURE"":3}",C3,3,0,coco-000000229753-000000434297,0.0,156725248.0,0.35391407327456975,,,,,2.748975752666714,1.0,0.0
,0.0,0.0,gaussian:5,45.00003317608025,0.9813929958184858,,0.0,"{""S4_HEADER_FAILURE"":3}",C3,3,0,coco-000000229753-000000434297,0.0,156938240.0,0.26050098938658034,,,,,3.686428522666271,1.0,0.0
,0.0,0.0,jpeg:50,45.00003317608025,0.9813929958184858,,0.0,"{""S4_HEADER_FAILURE"":1}",C3,1,0,coco-000000229753-000000434297,0.0,155840512.0,0.47552167656053246,,,,,2.750758112000767,1.0,0.0
,0.0,0.0,jpeg:70,45.00003317608025,0.9813929958184858,,0.0,"{""S4_HEADER_FAILURE"":1}",C3,1,0,coco-000000229753-000000434297,0.0,154914816.0,0.45220363374707684,,,,,2.562614341999506,1.0,0.0
,0.0,0.0,jpeg:90,45.00003317608025,0.9813929958184858,,0.0,"{""S4_HEADER_FAILURE"":1}",C3,1,0,coco-000000229753-000000434297,0.0,154439680.0,0.33992624572764885,,,,,3.6418706490003387,1.0,0.0
,0.0,0.0,salt_pepper:0.01,45.00003317608025,0.9813929958184858,,0.0,"{""S4_HEADER_FAILURE"":3}",C3,3,0,coco-000000229753-000000434297,0.0,156730709.33333334,0.14332164058283867,,,,,3.203017676333426,1.0,0.0
,0.0,0.0,salt_pepper:0.03,45.00003317608025,0.9813929958184858,,0.0,"{""S4_HEADER_FAILURE"":3}",C3,3,0,coco-000000229753-000000434297,0.0,154860202.66666666,0.3004647118786352,,,,,2.4684679019998534,1.0,0.0
,0.0,0.0,salt_pepper:0.05,45.00003317608025,0.9813929958184858,,0.0,"{""S4_HEADER_FAILURE"":3}",C3,3,0,coco-000000229753-000000434297,0.0,156067157.33333334,0.37743898782754687,,,,,3.0272328373333344,1.0,0.0
0.0,1.0,1.0,clean,45.000009005482426,0.9813877864754212,0.0,1.0,"{""S0_COMPLETE"":1}",C3_NP,1,0,coco-000000229753-000000434297,1.0,156286976.0,0.0007330455117826948,1.0,1.0,,1.0,2.7097189530013566,0.0,1.0
,0.0,0.0,gaussian:10,45.00000900548243,0.9813877864754211,,0.0,"{""S4_HEADER_FAILURE"":3}",C3_NP,3,0,coco-000000229753-000000434297,0.0,156826282.66666666,0.323252083708101,,,,,1.8246951096662087,1.0,0.0
,0.0,0.0,gaussian:15,45.00000900548243,0.9813877864754211,,0.0,"{""S4_HEADER_FAILURE"":3}",C3_NP,3,0,coco-000000229753-000000434297,0.0,156337493.33333334,0.3545601726929304,,,,,1.954609484999916,1.0,0.0
,0.0,0.0,gaussian:5,45.00000900548243,0.9813877864754211,,0.0,"{""S4_HEADER_FAILURE"":3}",C3_NP,3,0,coco-000000229753-000000434297,0.0,156315648.0,0.2621499670204473,,,,,2.0191451016659507,1.0,0.0
,0.0,0.0,jpeg:50,45.000009005482426,0.9813877864754212,,0.0,"{""S4_HEADER_FAILURE"":1}",C3_NP,1,0,coco-000000229753-000000434297,0.0,158806016.0,0.4750449721172873,,,,,1.8674752520000766,1.0,0.0
,0.0,0.0,jpeg:70,45.000009005482426,0.9813877864754212,,0.0,"{""S4_HEADER_FAILURE"":1}",C3_NP,1,0,coco-000000229753-000000434297,0.0,155840512.0,0.4524554776038856,,,,,2.130371715000365,1.0,0.0
,0.0,0.0,jpeg:90,45.000009005482426,0.9813877864754212,,0.0,"{""S4_HEADER_FAILURE"":1}",C3_NP,1,0,coco-000000229753-000000434297,0.0,157753344.0,0.34152275589134734,,,,,1.8677797930013185,1.0,0.0
,0.0,0.0,salt_pepper:0.01,45.00000900548243,0.9813877864754211,,0.0,"{""S4_HEADER_FAILURE"":3}",C3_NP,3,0,coco-000000229753-000000434297,0.0,156643328.0,0.1432286982071116,,,,,2.353566805665347,1.0,0.0
,0.0,0.0,salt_pepper:0.03,45.00000900548243,0.9813877864754211,,0.0,"{""S4_HEADER_FAILURE"":3}",C3_NP,3,0,coco-000000229753-000000434297,0.0,156969642.66666666,0.29927295077052224,,,,,2.9386897430000922,1.0,0.0
,0.0,0.0,salt_pepper:0.05,45.00000900548243,0.9813877864754211,,0.0,"{""S4_HEADER_FAILURE"":3}",C3_NP,3,0,coco-000000229753-000000434297,0.0,155912874.66666666,0.37871169874677696,,,,,2.340538195333162,1.0,0.0
,,1.0,clean,45.66931308239332,0.9848205004107949,,,"{""S0_COMPLETE"":1}",B1,1,0,coco-000000236784-000000397133,1.0,155840512.0,0.0,1.0,1.0000000000000002,,1.0,0.0026757340001495322,0.0,
,,0.0,gaussian:10,45.66931308239332,0.9848205004107949,,,"{""S2_HEADER_VALID_PARTIAL"":3}",B1,3,0,coco-000000236784-000000397133,0.5067036946614584,156037120.0,0.4932963053385417,0.5067036946614584,0.7119332773747118,7.667303412532655,0.013504961752684841,0.01520078366714491,0.0,
,,0.0,gaussian:15,45.66931308239332,0.9848205004107949,,,"{""S2_HEADER_VALID_PARTIAL"":3}",B1,3,0,coco-000000236784-000000397133,0.5022430419921875,154935296.0,0.4977569580078125,0.5022430419921875,0.7109287278327768,7.575874321647024,0.009333735133448812,0.02093317099994844,0.0,
,,0.0,gaussian:5,45.66931308239332,0.9848205004107949,,,"{""S2_HEADER_VALID_PARTIAL"":3}",B1,3,0,coco-000000236784-000000397133,0.5312449137369791,155923797.33333334,0.4687550862630208,0.5312449137369791,0.7148411098872395,7.860788448968003,0.018816101356446357,0.013983662000706923,0.0,
,,0.0,jpeg:50,45.66931308239332,0.9848205004107949,,,"{""S2_HEADER_VALID_PARTIAL"":1}",B1,1,0,coco-000000236784-000000397133,0.5004806518554688,155840512.0,0.49951934814453125,0.5004806518554688,0.7053445334978563,7.582781153446071,0.004636950294505046,0.01656462000028114,0.0,
,,0.0,jpeg:70,45.66931308239332,0.9848205004107949,,,"{""S2_HEADER_VALID_PARTIAL"":1}",B1,1,0,coco-000000236784-000000397133,0.5022354125976562,154034176.0,0.49776458740234375,0.5022354125976562,0.7066652158976906,7.644003871146959,0.004001519682562388,0.04477127900099731,0.0,
,,0.0,jpeg:90,45.66931308239332,0.9848205004107949,,,"{""S2_HEADER_VALID_PARTIAL"":1}",B1,1,0,coco-000000236784-000000397133,0.5167312622070312,154931200.0,0.48326873779296875,0.5167312622070312,0.7111446322622037,7.840959681518262,0.013254403673677187,0.025330906000817777,0.0,
,,0.0,salt_pepper:0.01,45.66931308239332,0.9848205004107949,,,"{""S2_HEADER_VALID_PARTIAL"":3}",B1,3,0,coco-000000236784-000000397133,0.9947992960611979,156520448.0,0.005200703938802083,0.9947992960611979,0.9883637215573527,25.722611357405544,0.87423895993481,0.016507725999569327,0.0,
,,0.0,salt_pepper:0.03,45.66931308239332,0.9848205004107949,,,"{""S2_HEADER_VALID_PARTIAL"":3}",B1,3,0,coco-000000236784-000000397133,0.9852956136067709,156543658.66666666,0.014704386393229166,0.9852956136067709,0.9704008364397088,21.513638115601292,0.7141813483643489,0.010533568666384477,0.0,
,,0.0,salt_pepper:0.05,45.66931308239332,0.9848205004107949,,,"{""S2_HEADER_VALID_PARTIAL"":3}",B1,3,0,coco-000000236784-000000397133,0.9750315348307291,155545600.0,0.024968465169270832,0.9750315348307291,0.9521765155388149,19.262711694900492,0.6037760052708396,0.013175633333351774,0.0,
,,1.0,clean,44.86193355598157,0.985136286244011,,,"{""S0_COMPLETE"":1}",B2,1,0,coco-000000236784-000000397133,1.0,154034176.0,0.0,1.0,1.0000000000000002,,1.0,0.010676849000446964,0.0,
,,0.0,gaussian:10,44.86193355598157,0.985136286244011,,,"{""S2_HEADER_VALID_PARTIAL"":3}",B2,3,0,coco-000000236784-000000397133,0.5111465454101562,156353877.33333334,0.48885345458984375,0.5111465454101562,0.7062411877593524,7.718376368083639,0.007515042993520317,0.014234348333654149,0.0,
,,0.0,gaussian:15,44.86193355598157,0.985136286244011,,,"{""S2_HEADER_VALID_PARTIAL"":3}",B2,3,0,coco-000000236784-000000397133,0.5003840128580729,155918336.0,0.49961598714192706,0.5003840128580729,0.7039154048852069,7.61516494415397,0.006204764557838392,0.015146027000203807,0.0,
,,0.0,gaussian:5,44.86193355598157,0.985136286244011,,,"{""S2_HEADER_VALID_PARTIAL"":3}",B2,3,0,coco-000000236784-000000397133,0.5797475179036459,155738112.0,0.4202524820963542,0.5797475179036459,0.7276506474403394,8.426053526875343,0.03942315754020915,0.014713419333929778,0.0,
,,0.0,jpeg:50,44.86193355598157,0.985136286244011,,,"{""S2_HEADER_VALID_PARTIAL"":1}",B2,1,0,coco-000000236784-000000397133,0.5500869750976562,158806016.0,0.44991302490234375,0.5500869750976562,0.43243626800325585,9.522071613417594,0.021925556883533058,0.015072276999489986,0.0,
,,0.0,jpeg:70,44.86193355598157,0.985136286244011,,,"{""S2_HEADER_VALID_PARTIAL"":1}",B2,1,0,coco-000000236784-000000397133,0.512176513671875,154914816.0,0.487823486328125,0.512176513671875,0.44855359128591776,8.29270857416586,-0.010882596816726374,0.025034144000528613,0.0,
,,0.0,jpeg:90,44.86193355598157,0.985136286244011,,,"{""S2_HEADER_VALID_PARTIAL"":1}",B2,1,0,coco-000000236784-000000397133,0.6434173583984375,154931200.0,0.3565826416015625,0.6434173583984375,0.8267331727840922,12.812935545508996,0.3490206335723084,0.012548751999929664,0.0,
,,0.0,salt_pepper:0.01,44.86193355598157,0.985136286244011,,,"{""S2_HEADER_VALID_PARTIAL"":3}",B2,3,0,coco-000000236784-000000397133,0.7643610636393229,156510890.66666666,0.2356389363606771,0.7643610636393229,0.7986808776884575,11.069287333988457,0.1399924065628329,0.01280656233272263,0.0,
,,0.0,salt_pepper:0.03,44.86193355598157,0.985136286244011,,,"{""S2_HEADER_VALID_PARTIAL"":3}",B2,3,0,coco-000000236784-000000397133,0.5707982381184896,156842666.66666666,0.42920176188151044,0.5707982381184896,0.7245918615491629,8.32328766769364,0.0322225788053405,0.01447455899991231,0.0,
,,0.0,salt_pepper:0.05,44.86193355598157,0.985136286244011,,,"{""S2_HEADER_VALID_PARTIAL"":3}",B2,3,0,coco-000000236784-000000397133,0.5227991739908854,154708650.66666666,0.47720082600911456,0.5227991739908854,0.710659094516657,7.869867212063063,0.015452242055371103,0.011422321000281954,0.0,
0.0,1.0,1.0,clean,45.000009005482426,0.9852288480243849,0.0,1.0,"{""S0_COMPLETE"":1}",C0,1,0,coco-000000236784-000000397133,1.0,155951104.0,3.148048210109732e-05,1.0,1.0000000000000002,,1.0,2.4572299819992622,0.0,1.0
,0.0,0.0,gaussian:10,45.00000900548243,0.9852288480243848,,0.0,"{""S4_HEADER_FAILURE"":3}",C0,3,0,coco-000000236784-000000397133,0.0,156874069.33333334,0.320559752953169,,,,,3.1284272973328675,1.0,0.0
,0.0,0.0,gaussian:15,45.00000900548243,0.9852288480243848,,0.0,"{""S4_HEADER_FAILURE"":3}",C0,3,0,coco-000000236784-000000397133,0.0,157261824.0,0.3528647238711999,,,,,2.9475304309999046,1.0,0.0
,0.0,0.0,gaussian:5,45.00000900548243,0.9852288480243848,,0.0,"{""S4_HEADER_FAILURE"":3}",C0,3,0,coco-000000236784-000000397133,0.0,156409856.0,0.2568132757690232,,,,,2.5976491523330574,1.0,0.0
,0.0,0.0,jpeg:50,45.000009005482426,0.9852288480243849,,0.0,"{""S4_HEADER_FAILURE"":1}",C0,1,0,coco-000000236784-000000397133,0.0,156487680.0,0.4695583738082389,,,,,2.5105347270000493,1.0,0.0
,0.0,0.0,jpeg:70,45.000009005482426,0.9852288480243849,,0.0,"{""S4_HEADER_FAILURE"":1}",C0,1,0,coco-000000236784-000000397133,0.0,155615232.0,0.4491005576542544,,,,,3.479964938998819,1.0,0.0
,0.0,0.0,jpeg:90,45.000009005482426,0.9852288480243849,,0.0,"{""S4_HEADER_FAILURE"":1}",C0,1,0,coco-000000236784-000000397133,0.0,158806016.0,0.35284673502428493,,,,,3.854924598999787,1.0,0.0
,0.0,0.0,salt_pepper:0.01,45.00000900548243,0.9852288480243848,,0.0,"{""S4_HEADER_FAILURE"":3}",C0,3,0,coco-000000236784-000000397133,0.0,155522389.33333334,0.16114558973436469,,,,,2.8247663213333,1.0,0.0
,0.0,0.0,salt_pepper:0.03,45.00000900548243,0.9852288480243848,,0.0,"{""S4_HEADER_FAILURE"":3}",C0,3,0,coco-000000236784-000000397133,0.0,155333973.33333334,0.32007105594531393,,,,,2.984316862333799,1.0,0.0
,0.0,0.0,salt_pepper:0.05,45.00000900548243,0.9852288480243848,,0.0,"{""S4_HEADER_FAILURE"":3}",C0,3,0,coco-000000236784-000000397133,0.0,156530005.33333334,0.3941671163878395,,,,,2.340153320665801,1.0,0.0
0.0,1.0,1.0,clean,45.000000948646374,0.9853359621094006,0.0,1.0,"{""S0_COMPLETE"":1}",C1,1,0,coco-000000236784-000000397133,1.0,158416896.0,6.296096420219464e-05,1.0,1.0000000000000002,,1.0,2.411131077000391,0.0,1.0
,0.0,0.0,gaussian:10,45.000000948646374,0.9853359621094006,,0.0,"{""S4_HEADER_FAILURE"":3}",C1,3,0,coco-000000236784-000000397133,0.0,157118464.0,0.3222432092102896,,,,,2.1581671316665356,1.0,0.0
,0.0,0.0,gaussian:15,45.000000948646374,0.9853359621094006,,0.0,"{""S4_HEADER_FAILURE"":3}",C1,3,0,coco-000000236784-000000397133,0.0,154989909.33333334,0.3530041374347905,,,,,2.083522442332954,1.0,0.0
,0.0,0.0,gaussian:5,45.000000948646374,0.9853359621094006,,0.0,"{""S4_HEADER_FAILURE"":3}",C1,3,0,coco-000000236784-000000397133,0.0,155611136.0,0.258355819391977,,,,,2.256099162999817,1.0,0.0
,0.0,0.0,jpeg:50,45.000000948646374,0.9853359621094006,,0.0,"{""S4_HEADER_FAILURE"":1}",C1,1,0,coco-000000236784-000000397133,0.0,157753344.0,0.4679168915272531,,,,,2.2673408610007755,1.0,0.0
,0.0,0.0,jpeg:70,45.000000948646374,0.9853359621094006,,0.0,"{""S4_HEADER_FAILURE"":1}",C1,1,0,coco-000000236784-000000397133,0.0,156487680.0,0.44420309408166936,,,,,2.6565113449996716,1.0,0.0
,0.0,0.0,jpeg:90,45.000000948646374,0.9853359621094006,,0.0,"{""S4_HEADER_FAILURE"":1}",C1,1,0,coco-000000236784-000000397133,0.0,156786688.0,0.343712898003238,,,,,2.7384750330002134,1.0,0.0
,0.0,0.0,salt_pepper:0.01,45.000000948646374,0.9853359621094006,,0.0,"{""S4_HEADER_FAILURE"":3}",C1,3,0,coco-000000236784-000000397133,0.0,157462528.0,0.16012921988367212,,,,,1.9951932733335223,1.0,0.0
,0.0,0.0,salt_pepper:0.03,45.000000948646374,0.9853359621094006,,0.0,"{""S4_HEADER_FAILURE"":3}",C1,3,0,coco-000000236784-000000397133,0.0,155972949.33333334,0.32239011812676144,,,,,1.773480827666693,1.0,0.0
,0.0,0.0,salt_pepper:0.05,45.000000948646374,0.9853359621094006,,0.0,"{""S4_HEADER_FAILURE"":3}",C1,3,0,coco-000000236784-000000397133,0.0,156867242.66666666,0.3953588774959525,,,,,1.7597298956661689,1.0,0.0
0.0,1.0,1.0,clean,45.00001706233342,0.9852171427048643,0.0,1.0,"{""S0_COMPLETE"":1}",C2,1,0,coco-000000236784-000000397133,1.0,156786688.0,3.148048210109732e-05,1.0,1.0000000000000002,,1.0,2.168843912999364,0.0,1.0
,0.0,0.0,gaussian:10,45.00001706233342,0.9852171427048643,,0.0,"{""S4_HEADER_FAILURE"":3}",C2,3,0,coco-000000236784-000000397133,0.0,155065002.66666666,0.3215131618396594,,,,,1.970354357999895,1.0,0.0
,0.0,0.0,gaussian:15,45.00001706233342,0.9852171427048643,,0.0,"{""S4_HEADER_FAILURE"":3}",C2,3,0,coco-000000236784-000000397133,0.0,157547178.66666666,0.353137554716076,,,,,2.068316299999424,1.0,0.0
,0.0,0.0,gaussian:5,45.00001706233342,0.9852171427048643,,0.0,"{""S4_HEADER_FAILURE"":3}",C2,3,0,coco-000000236784-000000397133,0.0,156099925.33333334,0.25730796905918335,,,,,2.0256112336664955,1.0,0.0
,0.0,0.0,jpeg:50,45.00001706233342,0.9852171427048643,,0.0,"{""S4_HEADER_FAILURE"":1}",C2,1,0,coco-000000236784-000000397133,0.0,154034176.0,0.470516279906458,,,,,2.2035317740010214,1.0,0.0
,0.0,0.0,jpeg:70,45.00001706233342,0.9852171427048643,,0.0,"{""S4_HEADER_FAILURE"":1}",C2,1,0,coco-000000236784-000000397133,0.0,159100928.0,0.4483225400251844,,,,,1.753859571999783,1.0,0.0
,0.0,0.0,jpeg:90,45.00001706233342,0.9852171427048643,,0.0,"{""S4_HEADER_FAILURE"":1}",C2,1,0,coco-000000236784-000000397133,0.0,156487680.0,0.35165047670444327,,,,,1.6879694550007116,1.0,0.0
,0.0,0.0,salt_pepper:0.01,45.00001706233342,0.9852171427048643,,0.0,"{""S4_HEADER_FAILURE"":3}",C2,3,0,coco-000000236784-000000397133,0.0,156827648.0,0.16069586856149187,,,,,2.0347143829991787,1.0,0.0
,0.0,0.0,salt_pepper:0.03,45.00001706233342,0.9852171427048643,,0.0,"{""S4_HEADER_FAILURE"":3}",C2,3,0,coco-000000236784-000000397133,0.0,156497237.33333334,0.3216615698267074,,,,,1.966164183332997,1.0,0.0
,0.0,0.0,salt_pepper:0.05,45.00001706233342,0.9852171427048643,,0.0,"{""S4_HEADER_FAILURE"":3}",C2,3,0,coco-000000236784-000000397133,0.0,156520448.0,0.39267853930563046,,,,,1.698595383000793,1.0,0.0
0.0,1.0,1.0,clean,45.000009005482426,0.9853392188251962,0.0,1.0,"{""S0_COMPLETE"":1}",C3,1,0,coco-000000236784-000000397133,1.0,155615232.0,3.148048210109732e-05,1.0,1.0000000000000002,,1.0,2.344085181999617,0.0,1.0
,0.0,0.0,gaussian:10,45.00000900548243,0.9853392188251963,,0.0,"{""S4_HEADER_FAILURE"":3}",C3,3,0,coco-000000236784-000000397133,0.0,157364224.0,0.3217799964022306,,,,,2.647139818666498,1.0,0.0
,0.0,0.0,gaussian:15,45.00000900548243,0.9853392188251963,,0.0,"{""S4_HEADER_FAILURE"":3}",C3,3,0,coco-000000236784-000000397133,0.0,157369685.33333334,0.3523670324398873,,,,,2.945519044333196,1.0,0.0
,0.0,0.0,gaussian:5,45.00000900548243,0.9853392188251963,,0.0,"{""S4_HEADER_FAILURE"":3}",C3,3,0,coco-000000236784-000000397133,0.0,155564714.66666666,0.25854020507285486,,,,,2.065310990667058,1.0,0.0
,0.0,0.0,jpeg:50,45.000009005482426,0.9853392188251962,,0.0,"{""S4_HEADER_FAILURE"":1}",C3,1,0,coco-000000236784-000000397133,0.0,155840512.0,0.4675166396833963,,,,,1.8292845340001804,1.0,0.0
,0.0,0.0,jpeg:70,45.000009005482426,0.9853392188251962,,0.0,"{""S4_HEADER_FAILURE"":1}",C3,1,0,coco-000000236784-000000397133,0.0,154034176.0,0.4447517539125742,,,,,1.5657967639999697,1.0,0.0
,0.0,0.0,jpeg:90,45.000009005482426,0.9853392188251962,,0.0,"{""S4_HEADER_FAILURE"":1}",C3,1,0,coco-000000236784-000000397133,0.0,154931200.0,0.34410415542363737,,,,,1.714799609999318,1.0,0.0
,0.0,0.0,salt_pepper:0.01,45.00000900548243,0.9853392188251963,,0.0,"{""S4_HEADER_FAILURE"":3}",C3,3,0,coco-000000236784-000000397133,0.0,155787264.0,0.1596989866282905,,,,,2.4440927566665778,1.0,0.0
,0.0,0.0,salt_pepper:0.03,45.00000900548243,0.9853392188251963,,0.0,"{""S4_HEADER_FAILURE"":3}",C3,3,0,coco-000000236784-000000397133,0.0,157880320.0,0.32189992204833,,,,,2.5587904039997134,1.0,0.0
,0.0,0.0,salt_pepper:0.05,45.00000900548243,0.9853392188251963,,0.0,"{""S4_HEADER_FAILURE"":3}",C3,3,0,coco-000000236784-000000397133,0.0,155514197.33333334,0.39460634406667866,,,,,2.9241741193333533,1.0,0.0
0.0,1.0,1.0,clean,45.000000948646374,0.9853260049196222,0.0,1.0,"{""S0_COMPLETE"":1}",C3_NP,1,0,coco-000000236784-000000397133,1.0,159100928.0,4.04749055585537e-05,1.0,1.0000000000000002,,1.0,2.1468855219991383,0.0,1.0
,0.0,0.0,gaussian:10,45.000000948646374,0.9853260049196222,,0.0,"{""S4_HEADER_FAILURE"":3}",C3_NP,3,0,coco-000000236784-000000397133,0.0,156861781.33333334,0.3222462073514421,,,,,1.6458725980003994,1.0,0.0
,0.0,0.0,gaussian:15,45.000000948646374,0.9853260049196222,,0.0,"{""S4_HEADER_FAILURE"":3}",C3_NP,3,0,coco-000000236784-000000397133,0.0,157009237.33333334,0.3523205612520237,,,,,1.8358215066661312,1.0,0.0
,0.0,0.0,gaussian:5,45.000000948646374,0.9853260049196222,,0.0,"{""S4_HEADER_FAILURE"":3}",C3_NP,3,0,coco-000000236784-000000397133,0.0,154935296.0,0.2584847394615339,,,,,1.6695918933334422,1.0,0.0
,0.0,0.0,jpeg:50,45.000000948646374,0.9853260049196222,,0.0,"{""S4_HEADER_FAILURE"":1}",C3_NP,1,0,coco-000000236784-000000397133,0.0,154914816.0,0.4687758589674402,,,,,1.9083643980011402,1.0,0.0
,0.0,0.0,jpeg:70,45.000000948646374,0.9853260049196222,,0.0,"{""S4_HEADER_FAILURE"":1}",C3_NP,1,0,coco-000000236784-000000397133,0.0,155615232.0,0.4439512502248606,,,,,1.8684767869999632,1.0,0.0
,0.0,0.0,jpeg:90,45.000000948646374,0.9853260049196222,,0.0,"{""S4_HEADER_FAILURE"":1}",C3_NP,1,0,coco-000000236784-000000397133,0.0,157753344.0,0.3438208310847275,,,,,1.6980777919998218,1.0,0.0
,0.0,0.0,salt_pepper:0.01,45.000000948646374,0.9853260049196222,,0.0,"{""S4_HEADER_FAILURE"":3}",C3_NP,3,0,coco-000000236784-000000397133,0.0,156514986.66666666,0.15973046711039157,,,,,1.9955504483338398,1.0,0.0
,0.0,0.0,salt_pepper:0.03,45.000000948646374,0.9853260049196222,,0.0,"{""S4_HEADER_FAILURE"":3}",C3_NP,3,0,coco-000000236784-000000397133,0.0,157095253.33333334,0.3220693170234455,,,,,1.9083005649996874,1.0,0.0
,0.0,0.0,salt_pepper:0.05,45.000000948646374,0.9853260049196222,,0.0,"{""S4_HEADER_FAILURE"":3}",C3_NP,3,0,coco-000000236784-000000397133,0.0,157009237.33333334,0.3947757390417941,,,,,1.9160033083329229,1.0,0.0
,,1.0,clean,45.09076847728926,0.9863140205926448,,,"{""S0_COMPLETE"":1}",B1,1,0,coco-000000244411-000000113051,1.0,157741056.0,0.0,1.0,1.0000000000000002,,1.0,0.0031080949993338436,0.0,
,,0.0,gaussian:10,45.09076847728926,0.9863140205926447,,,"{""S2_HEADER_VALID_PARTIAL"":3}",B1,3,0,coco-000000244411-000000113051,0.5045903523763021,156371626.66666666,0.49540964762369794,0.5045903523763021,0.5315634578412131,6.1849891413614815,0.005497973707989234,0.010387635333245271,0.0,
,,0.0,gaussian:15,45.09076847728926,0.9863140205926447,,,"{""S2_HEADER_VALID_PARTIAL"":3}",B1,3,0,coco-000000244411-000000113051,0.5013173421223959,156207786.66666666,0.4986826578776042,0.5013173421223959,0.5310189258908858,6.204060996731109,0.005829100376485684,0.011274826333343905,0.0,
,,0.0,gaussian:5,45.09076847728926,0.9863140205926447,,,"{""S2_HEADER_VALID_PARTIAL"":3}",B1,3,0,coco-000000244411-000000113051,0.5268020629882812,157422933.33333334,0.47319793701171875,0.5268020629882812,0.5347390795398904,6.388325573149447,0.00919893014608555,0.00831066166635234,0.0,
,,0.0,jpeg:50,45.09076847728926,0.9863140205926448,,,"{""S2_HEADER_VALID_PARTIAL"":1}",B1,1,0,coco-000000244411-000000113051,0.5095748901367188,156786688.0,0.49042510986328125,0.5095748901367188,0.5244126282971907,6.345042192859132,0.006982096216812418,0.007117973000276834,0.0,
,,0.0,jpeg:70,45.09076847728926,0.9863140205926448,,,"{""S2_HEADER_VALID_PARTIAL"":1}",B1,1,0,coco-000000244411-000000113051,0.509063720703125,157741056.0,0.490936279296875,0.509063720703125,0.5364138064715285,6.3045720300886945,0.00930666906521604,0.0072239329983858624,0.0,
,,0.0,jpeg:90,45.09076847728926,0.9863140205926448,,,"{""S2_HEADER_VALID_PARTIAL"":1}",B1,1,0,coco-000000244411-000000113051,0.524749755859375,157741056.0,0.475250244140625,0.524749755859375,0.541386933877956,6.461789253074758,0.01100771299477814,0.006325519998426898,0.0,
,,0.0,salt_pepper:0.01,45.09076847728926,0.9863140205926447,,,"{""S2_HEADER_VALID_PARTIAL"":3}",B1,3,0,coco-000000244411-000000113051,0.9949544270833334,156371626.66666666,0.005045572916666667,0.9949544270833334,0.986434783461212,25.51766968295512,0.7984459536739945,0.0063507843333354685,0.0,
,,0.0,salt_pepper:0.03,45.09076847728926,0.9863140205926447,,,"{""S2_HEADER_VALID_PARTIAL"":3}",B1,3,0,coco-000000244411-000000113051,0.9842173258463541,156661077.33333334,0.015782674153645832,0.9842173258463541,0.9593356189103828,20.567417872434817,0.5357393641232407,0.006359044999650602,0.0,
,,0.0,salt_pepper:0.05,45.09076847728926,0.9863140205926447,,,"{""S2_HEADER_VALID_PARTIAL"":3}",B1,3,0,coco-000000244411-000000113051,0.9744898478190104,156252842.66666666,0.025510152180989582,0.9744898478190104,0.9375299267391811,18.546444370255966,0.40097414278656096,0.006008437333245335,0.0,
,,1.0,clean,44.86560332489581,0.9893083928757682,,,"{""S0_COMPLETE"":1}",B2,1,0,coco-000000244411-000000113051,1.0,156786688.0,0.0,1.0,1.0000000000000002,,1.0,0.005758859999332344,0.0,
,,0.0,gaussian:10,44.86560332489581,0.9893083928757682,,,"{""S2_HEADER_VALID_PARTIAL"":3}",B2,3,0,coco-000000244411-000000113051,0.5094985961914062,156175018.66666666,0.49050140380859375,0.5094985961914062,0.5372744465244377,6.3189396005085925,0.0053805262465039016,0.014490631666679596,0.0,
,,0.0,gaussian:15,44.86560332489581,0.9893083928757682,,,"{""S2_HEADER_VALID_PARTIAL"":3}",B2,3,0,coco-000000244411-000000113051,0.5015335083007812,157257728.0,0.49846649169921875,0.5015335083007812,0.5308744327550365,6.212998436677591,0.0041616292952192544,0.015171313000488832,0.0,
,,0.0,gaussian:5,44.86560332489581,0.9893083928757682,,,"{""S2_HEADER_VALID_PARTIAL"":3}",B2,3,0,coco-000000244411-000000113051,0.5807088216145834,156289706.66666666,0.4192911783854167,0.5807088216145834,0.5793503272533543,7.233314827221154,0.020896898262339897,0.012282488665732672,0.0,
,,0.0,jpeg:50,44.86560332489581,0.9893083928757682,,,"{""S2_HEADER_VALID_PARTIAL"":1}",B2,1,0,coco-000000244411-000000113051,0.5565872192382812,159100928.0,0.44341278076171875,0.5565872192382812,0.41249782948223235,8.23781076587192,0.01680846313616084,0.009628798001358518,0.0,
,,0.0,jpeg:70,44.86560332489581,0.9893083928757682,,,"{""S2_HEADER_VALID_PARTIAL"":1}",B2,1,0,coco-000000244411-000000113051,0.5449981689453125,156487680.0,0.4550018310546875,0.5449981689453125,0.4667471950976073,8.037281625508133,0.014796167389055394,0.014517886000248836,0.0,
,,0.0,jpeg:90,44.86560332489581,0.9893083928757682,,,"{""S2_HEADER_VALID_PARTIAL"":1}",B2,1,0,coco-000000244411-000000113051,0.6444091796875,154931200.0,0.3555908203125,0.6444091796875,0.7739480360733758,11.905282714031284,0.2377930437807908,0.017034091000823537,0.0,
,,0.0,salt_pepper:0.01,44.86560332489581,0.9893083928757682,,,"{""S2_HEADER_VALID_PARTIAL"":3}",B2,3,0,coco-000000244411-000000113051,0.7583847045898438,156112213.33333334,0.24161529541015625,0.7583847045898438,0.7046543190559129,10.079650207676357,0.06837745239875272,0.00886709000102807,0.0,
,,0.0,salt_pepper:0.03,44.86560332489581,0.9893083928757682,,,"{""S2_HEADER_VALID_PARTIAL"":3}",B2,3,0,coco-000000244411-000000113051,0.5736846923828125,157021525.33333334,0.4263153076171875,0.5736846923828125,0.570498862003415,7.017498418223139,0.01817691257653214,0.013153237000248433,0.0,
,,0.0,salt_pepper:0.05,44.86560332489581,0.9893083928757682,,,"{""S2_HEADER_VALID_PARTIAL"":3}",B2,3,0,coco-000000244411-000000113051,0.5195795694986979,155574272.0,0.48042043050130206,0.5195795694986979,0.5385201051418868,6.390333121128584,0.008198233231176603,0.011618777666929722,0.0,
0.0,1.0,1.0,clean,45.000009005482426,0.9888128361353709,0.0,1.0,"{""S0_COMPLETE"":1}",C0,1,0,coco-000000244411-000000113051,1.0,154034176.0,0.00012592192840438929,1.0,1.0000000000000002,,1.0,2.450046410000141,0.0,1.0
,0.0,0.0,gaussian:10,45.00000900548243,0.9888128361353709,,0.0,"{""S4_HEADER_FAILURE"":3}",C0,3,0,coco-000000244411-000000113051,0.0,156157269.33333334,0.3219149127540925,,,,,2.104930429666638,1.0,0.0
,0.0,0.0,gaussian:15,45.00000900548243,0.9888128361353709,,0.0,"{""S4_HEADER_FAILURE"":3}",C0,3,0,coco-000000244411-000000113051,0.0,157063850.66666666,0.35194729267853936,,,,,1.9061037409998487,1.0,0.0
,0.0,0.0,gaussian:5,45.00000900548243,0.9888128361353709,,0.0,"{""S4_HEADER_FAILURE"":3}",C0,3,0,coco-000000244411-000000113051,0.0,156347050.66666666,0.25798554895964504,,,,,1.9174370006658137,1.0,0.0
,0.0,0.0,jpeg:50,45.000009005482426,0.9888128361353709,,0.0,"{""S4_HEADER_FAILURE"":1}",C0,1,0,coco-000000244411-000000113051,0.0,157753344.0,0.46986868141752114,,,,,2.0581208170005993,1.0,0.0
,0.0,0.0,jpeg:70,45.000009005482426,0.9888128361353709,,0.0,"{""S4_HEADER_FAILURE"":1}",C0,1,0,coco-000000244411-000000113051,0.0,157741056.0,0.449437848533909,,,,,1.915474854000422,1.0,0.0
,0.0,0.0,jpeg:90,45.000009005482426,0.9888128361353709,,0.0,"{""S4_HEADER_FAILURE"":1}",C0,1,0,coco-000000244411-000000113051,0.0,156495872.0,0.3476974275948912,,,,,2.1855463520005287,1.0,0.0
,0.0,0.0,salt_pepper:0.01,45.00000900548243,0.9888128361353709,,0.0,"{""S4_HEADER_FAILURE"":3}",C0,3,0,coco-000000244411-000000113051,0.0,156940970.66666666,0.1683621154883972,,,,,1.9669835810000222,1.0,0.0
,0.0,0.0,salt_pepper:0.03,45.00000900548243,0.9888128361353709,,0.0,"{""S4_HEADER_FAILURE"":3}",C0,3,0,coco-000000244411-000000113051,0.0,156026197.33333334,0.3273265575343287,,,,,1.7066846933339548,1.0,0.0
,0.0,0.0,salt_pepper:0.05,45.00000900548243,0.9888128361353709,,0.0,"{""S4_HEADER_FAILURE"":3}",C0,3,0,coco-000000244411-000000113051,0.0,155329877.33333334,0.3976884331714337,,,,,2.0162479776669593,1.0,0.0
0.0,1.0,1.0,clean,45.000000948646374,0.9889267681775991,0.0,1.0,"{""S0_COMPLETE"":1}",C1,1,0,coco-000000244411-000000113051,1.0,157753344.0,0.00012592192840438929,1.0,1.0000000000000002,,1.0,2.1889603180006816,0.0,1.0
,0.0,0.0,gaussian:10,45.000000948646374,0.9889267681775991,,0.0,"{""S4_HEADER_FAILURE"":3}",C1,3,0,coco-000000244411-000000113051,0.0,157547178.66666666,0.32267344246567126,,,,,1.891650784000376,1.0,0.0
,0.0,0.0,gaussian:15,45.000000948646374,0.9889267681775991,,0.0,"{""S4_HEADER_FAILURE"":3}",C1,3,0,coco-000000244411-000000113051,0.0,156839936.0,0.35245397853330934,,,,,2.011367885334039,1.0,0.0
,0.0,0.0,gaussian:5,45.000000948646374,0.9889267681775991,,0.0,"{""S4_HEADER_FAILURE"":3}",C1,3,0,coco-000000244411-000000113051,0.0,156157269.33333334,0.2575763026923307,,,,,1.8506349780000164,1.0,0.0
,0.0,0.0,jpeg:50,45.000000948646374,0.9889267681775991,,0.0,"{""S4_HEADER_FAILURE"":1}",C1,1,0,coco-000000244411-000000113051,0.0,156786688.0,0.46917161359956827,,,,,1.8243583809999109,1.0,0.0
,0.0,0.0,jpeg:70,45.000000948646374,0.9889267681775991,,0.0,"{""S4_HEADER_FAILURE"":1}",C1,1,0,coco-000000244411-000000113051,0.0,154034176.0,0.4479582658751574,,,,,1.9048006550001446,1.0,0.0
,0.0,0.0,jpeg:90,45.000000948646374,0.9889267681775991,,0.0,"{""S4_HEADER_FAILURE"":1}",C1,1,0,coco-000000244411-000000113051,0.0,157741056.0,0.3415902140672783,,,,,2.0533135579989903,1.0,0.0
,0.0,0.0,salt_pepper:0.01,45.000000948646374,0.9889267681775991,,0.0,"{""S4_HEADER_FAILURE"":3}",C1,3,0,coco-000000244411-000000113051,0.0,156026197.33333334,0.16677609881873237,,,,,3.141286513333398,1.0,0.0
,0.0,0.0,salt_pepper:0.03,45.000000948646374,0.9889267681775991,,0.0,"{""S4_HEADER_FAILURE"":3}",C1,3,0,coco-000000244411-000000113051,0.0,156794880.0,0.3267254302332554,,,,,3.0869165496666633,1.0,0.0
,0.0,0.0,salt_pepper:0.05,45.000000948646374,0.9889267681775991,,0.0,"{""S4_HEADER_FAILURE"":3}",C1,3,0,coco-000000244411-000000113051,0.0,156375722.66666666,0.3980077352041734,,,,,2.871060314000109,1.0,0.0
0.0,1.0,1.0,clean,45.00001706233342,0.9887819933583517,0.0,1.0,"{""S0_COMPLETE"":1}",C2,1,0,coco-000000244411-000000113051,1.0,154914816.0,0.00012592192840438929,1.0,1.0000000000000002,,1.0,2.749267487999532,0.0,1.0
,0.0,0.0,gaussian:10,45.00001706233342,0.9887819933583518,,0.0,"{""S4_HEADER_FAILURE"":3}",C2,3,0,coco-000000244411-000000113051,0.0,157063850.66666666,0.32299124542783475,,,,,3.071891698666756,1.0,0.0
,0.0,0.0,gaussian:15,45.00001706233342,0.9887819933583518,,0.0,"{""S4_HEADER_FAILURE"":3}",C2,3,0,coco-000000244411-000000113051,0.0,157076138.66666666,0.3525514181207651,,,,,3.0245443076667775,1.0,0.0
,0.0,0.0,gaussian:5,45.00001706233342,0.9887819933583518,,0.0,"{""S4_HEADER_FAILURE"":3}",C2,3,0,coco-000000244411-000000113051,0.0,155703978.66666666,0.25794807219523896,,,,,3.5468970496664647,1.0,0.0
,0.0,0.0,jpeg:50,45.00001706233342,0.9887819933583517,,0.0,"{""S4_HEADER_FAILURE"":1}",C2,1,0,coco-000000244411-000000113051,0.0,156495872.0,0.4713032919589854,,,,,2.9764572410003893,1.0,0.0
,0.0,0.0,jpeg:70,45.00001706233342,0.9887819933583517,,0.0,"{""S4_HEADER_FAILURE"":1}",C2,1,0,coco-000000244411-000000113051,0.0,155615232.0,0.44974815614319125,,,,,2.951240164999035,1.0,0.0
,0.0,0.0,jpeg:90,45.00001706233342,0.9887819933583517,,0.0,"{""S4_HEADER_FAILURE"":1}",C2,1,0,coco-000000244411-000000113051,0.0,156786688.0,0.34739611440906637,,,,,4.075243176001095,1.0,0.0
,0.0,0.0,salt_pepper:0.01,45.00001706233342,0.9887819933583518,,0.0,"{""S4_HEADER_FAILURE"":3}",C2,3,0,coco-000000244411-000000113051,0.0,155347626.66666666,0.16751214247166757,,,,,3.074679458999526,1.0,0.0
,0.0,0.0,salt_pepper:0.03,45.00001706233342,0.9887819933583518,,0.0,"{""S4_HEADER_FAILURE"":3}",C2,3,0,coco-000000244411-000000113051,0.0,157783381.33333334,0.3263446663068897,,,,,2.8300654293331413,1.0,0.0
,0.0,0.0,salt_pepper:0.05,45.00001706233342,0.9887819933583518,,0.0,"{""S4_HEADER_FAILURE"":3}",C2,3,0,coco-000000244411-000000113051,0.0,155663018.66666666,0.397264196198357,,,,,2.6029909173333485,1.0,0.0
0.0,1.0,1.0,clean,45.000000948646374,0.9889028668151744,0.0,1.0,"{""S0_COMPLETE"":1}",C3,1,0,coco-000000244411-000000113051,1.0,155615232.0,0.00013491635186184566,1.0,1.0000000000000002,,1.0,2.418556078999245,0.0,1.0
,0.0,0.0,gaussian:10,45.000000948646374,0.9889028668151744,,0.0,"{""S4_HEADER_FAILURE"":3}",C3,3,0,coco-000000244411-000000113051,0.0,155316224.0,0.322529531690352,,,,,1.7217667103335164,1.0,0.0
,0.0,0.0,gaussian:15,45.000000948646374,0.9889028668151744,,0.0,"{""S4_HEADER_FAILURE"":3}",C3,3,0,coco-000000244411-000000113051,0.0,156996949.33333334,0.3510898243089285,,,,,1.775479410999954,1.0,0.0
,0.0,0.0,gaussian:5,45.000000948646374,0.9889028668151744,,0.0,"{""S4_HEADER_FAILURE"":3}",C3,3,0,coco-000000244411-000000113051,0.0,157179904.0,0.25760778317443184,,,,,1.856377507333794,1.0,0.0
,0.0,0.0,jpeg:50,45.000000948646374,0.9889028668151744,,0.0,"{""S4_HEADER_FAILURE"":1}",C3,1,0,coco-000000244411-000000113051,0.0,156786688.0,0.47090753732685736,,,,,1.8145227810000506,1.0,0.0
,0.0,0.0,jpeg:70,45.000000948646374,0.9889028668151744,,0.0,"{""S4_HEADER_FAILURE"":1}",C3,1,0,coco-000000244411-000000113051,0.0,157741056.0,0.4453993524015111,,,,,1.6639258039995184,1.0,0.0
,0.0,0.0,jpeg:90,45.000000948646374,0.9889028668151744,,0.0,"{""S4_HEADER_FAILURE"":1}",C3,1,0,coco-000000244411-000000113051,0.0,156790784.0,0.34028152545421836,,,,,1.716132215999096,1.0,0.0
,0.0,0.0,salt_pepper:0.01,45.000000948646374,0.9889028668151744,,0.0,"{""S4_HEADER_FAILURE"":3}",C3,3,0,coco-000000244411-000000113051,0.0,156250112.0,0.1664822809857888,,,,,1.775179590666691,1.0,0.0
,0.0,0.0,salt_pepper:0.03,45.000000948646374,0.9889028668151744,,0.0,"{""S4_HEADER_FAILURE"":3}",C3,3,0,coco-000000244411-000000113051,0.0,155409066.66666666,0.32678689212688133,,,,,1.6820414759998432,1.0,0.0
,0.0,0.0,salt_pepper:0.05,45.000000948646374,0.9889028668151744,,0.0,"{""S4_HEADER_FAILURE"":3}",C3,3,0,coco-000000244411-000000113051,0.0,156940970.66666666,0.39846495172992746,,,,,1.7922199903326448,1.0,0.0
0.0,1.0,1.0,clean,45.00001706233342,0.9888994367227677,0.0,1.0,"{""S0_COMPLETE"":1}",C3_NP,1,0,coco-000000244411-000000113051,1.0,155897856.0,0.0001169275049469329,1.0,1.0000000000000002,,1.0,2.4232446599999093,0.0,1.0
,0.0,0.0,gaussian:10,45.00001706233342,0.9888994367227677,,0.0,"{""S4_HEADER_FAILURE"":3}",C3_NP,3,0,coco-000000244411-000000113051,0.0,155753130.66666666,0.3220558253882593,,,,,2.220762510333467,1.0,0.0
,0.0,0.0,gaussian:15,45.00001706233342,0.9888994367227677,,0.0,"{""S4_HEADER_FAILURE"":3}",C3_NP,3,0,coco-000000244411-000000113051,0.0,155675306.66666666,0.3523310547460574,,,,,1.635727185000481,1.0,0.0
,0.0,0.0,gaussian:5,45.00001706233342,0.9888994367227677,,0.0,"{""S4_HEADER_FAILURE"":3}",C3_NP,3,0,coco-000000244411-000000113051,0.0,157876224.0,0.2578821130898843,,,,,2.7928103689991985,1.0,0.0
,0.0,0.0,jpeg:50,45.00001706233342,0.9888994367227677,,0.0,"{""S4_HEADER_FAILURE"":1}",C3_NP,1,0,coco-000000244411-000000113051,0.0,156495872.0,0.4707411404928944,,,,,2.577963202000319,1.0,0.0
,0.0,0.0,jpeg:70,45.00001706233342,0.9888994367227677,,0.0,"{""S4_HEADER_FAILURE"":1}",C3_NP,1,0,coco-000000244411-000000113051,0.0,154439680.0,0.4468114768843317,,,,,2.3037426770006277,1.0,0.0
,0.0,0.0,jpeg:90,45.00001706233342,0.9888994367227677,,0.0,"{""S4_HEADER_FAILURE"":1}",C3_NP,1,0,coco-000000244411-000000113051,0.0,158416896.0,0.3426920309408167,,,,,2.242809629999101,1.0,0.0
,0.0,0.0,salt_pepper:0.01,45.00001706233342,0.9888994367227677,,0.0,"{""S4_HEADER_FAILURE"":3}",C3_NP,3,0,coco-000000244411-000000113051,0.0,156669269.33333334,0.1673022725909936,,,,,1.6910995486662916,1.0,0.0
,0.0,0.0,salt_pepper:0.03,45.00001706233342,0.9888994367227677,,0.0,"{""S4_HEADER_FAILURE"":3}",C3_NP,3,0,coco-000000244411-000000113051,0.0,156732074.66666666,0.32690981591413326,,,,,1.809946122666588,1.0,0.0
,0.0,0.0,salt_pepper:0.05,45.00001706233342,0.9888994367227677,,0.0,"{""S4_HEADER_FAILURE"":3}",C3_NP,3,0,coco-000000244411-000000113051,0.0,156094464.0,0.3984574563770462,,,,,1.6352224966667563,1.0,0.0
,,1.0,clean,45.83601009458132,0.9911507213653379,,,"{""S0_COMPLETE"":1}",B1,1,0,coco-000000252219-000000292005,1.0,155615232.0,0.0,1.0,1.0,,1.0,0.002406342999165645,0.0,
,,0.0,gaussian:10,45.83601009458132,0.9911507213653379,,,"{""S2_HEADER_VALID_PARTIAL"":3}",B1,3,0,coco-000000252219-000000292005,0.5071843465169271,157668693.33333334,0.49281565348307294,0.5071843465169271,0.8560189861145829,10.438673622881252,0.010223529984207435,0.014068173000244618,0.0,
,,0.0,gaussian:15,45.83601009458132,0.9911507213653379,,,"{""S2_HEADER_VALID_PARTIAL"":3}",B1,3,0,coco-000000252219-000000292005,0.50238037109375,156786688.0,0.49761962890625,0.50238037109375,0.8542271760418917,10.442223433629616,0.011467137774177563,0.011327984000066257,0.0,
,,0.0,gaussian:5,45.83601009458132,0.9911507213653379,,,"{""S2_HEADER_VALID_PARTIAL"":3}",B1,3,0,coco-000000252219-000000292005,0.5298843383789062,156154538.66666666,0.47011566162109375,0.5298843383789062,0.8606391245010109,10.66585797653915,0.01427321233872285,0.020264236999840552,0.0,
,,0.0,jpeg:50,45.83601009458132,0.9911507213653379,,,"{""S2_HEADER_VALID_PARTIAL"":1}",B1,1,0,coco-000000252219-000000292005,0.5074539184570312,157753344.0,0.49254608154296875,0.5074539184570312,0.8614677697897754,10.859099861441958,0.01314951492061497,0.007855204999941634,0.0,
,,0.0,jpeg:70,45.83601009458132,0.9911507213653379,,,"{""S2_HEADER_VALID_PARTIAL"":1}",B1,1,0,coco-000000252219-000000292005,0.5215072631835938,156790784.0,0.47849273681640625,0.5215072631835938,0.8624176238016943,10.681211676407653,0.011753453595547912,0.0066602420010895,0.0,
,,0.0,jpeg:90,45.83601009458132,0.9911507213653379,,,"{""S2_HEADER_VALID_PARTIAL"":1}",B1,1,0,coco-000000252219-000000292005,0.561279296875,157511680.0,0.438720703125,0.561279296875,0.8740906301351452,11.232629962308367,0.017479677970843044,0.017186619999847608,0.0,
,,0.0,salt_pepper:0.01,45.83601009458132,0.9911507213653379,,,"{""S2_HEADER_VALID_PARTIAL"":3}",B1,3,0,coco-000000252219-000000292005,0.9948145548502604,157184000.0,0.005185445149739583,0.9948145548502604,0.9952817664817223,26.855400743495675,0.7392312515959604,0.007618590667334502,0.0,
,,0.0,salt_pepper:0.03,45.83601009458132,0.9911507213653379,,,"{""S2_HEADER_VALID_PARTIAL"":3}",B1,3,0,coco-000000252219-000000292005,0.984375,156786688.0,0.015625,0.984375,0.9864198982356126,22.188038560625305,0.45897685476749156,0.007916591333317532,0.0,
,,0.0,salt_pepper:0.05,45.83601009458132,0.9911507213653379,,,"{""S2_HEADER_VALID_PARTIAL"":3}",B1,3,0,coco-000000252219-000000292005,0.9743474324544271,157036544.0,0.025652567545572918,0.9743474324544271,0.9778547088968738,20.007836438676144,0.3060709623370965,0.012224739000278836,0.0,
,,1.0,clean,44.04123712928233,0.9829501935170746,,,"{""S0_COMPLETE"":1}",B2,1,0,coco-000000252219-000000292005,1.0,156057600.0,0.0,1.0,1.0,,1.0,0.010509049001484527,0.0,
,,0.0,gaussian:10,44.04123712928233,0.9829501935170746,,,"{""S2_HEADER_VALID_PARTIAL"":3}",B2,3,0,coco-000000252219-000000292005,0.5180867513020834,156639232.0,0.4819132486979167,0.5180867513020834,0.8539086589877414,10.457233754254085,0.011577266490704516,0.01847292399967652,0.0,
,,0.0,gaussian:15,44.04123712928233,0.9829501935170746,,,"{""S2_HEADER_VALID_PARTIAL"":3}",B2,3,0,coco-000000252219-000000292005,0.5037816365559896,156297898.66666666,0.49621836344401044,0.5037816365559896,0.8531176863299743,10.406725588525847,0.011007045571667403,0.016791274333930534,0.0,
,,0.0,gaussian:5,44.04123712928233,0.9829501935170746,,,"{""S2_HEADER_VALID_PARTIAL"":3}",B2,3,0,coco-000000252219-000000292005,0.6019872029622396,156859050.66666666,0.39801279703776044,0.6019872029622396,0.8585240536296307,10.68877050477122,0.01968244577062409,0.0182907076656799,0.0,
,,0.0,jpeg:50,44.04123712928233,0.9829501935170746,,,"{""S2_HEADER_VALID_PARTIAL"":1}",B2,1,0,coco-000000252219-000000292005,0.484649658203125,155615232.0,0.515350341796875,0.484649658203125,0.5455115411098019,8.069229959691373,0.007797950980315549,0.010457398999278666,0.0,
,,0.0,jpeg:70,44.04123712928233,0.9829501935170746,,,"{""S2_HEADER_VALID_PARTIAL"":1}",B2,1,0,coco-000000252219-000000292005,0.475006103515625,156790784.0,0.524993896484375,0.475006103515625,0.5964575285350043,8.370165638987952,0.005415983302522021,0.012594433999765897,0.0,
,,0.0,jpeg:90,44.04123712928233,0.9829501935170746,,,"{""S2_HEADER_VALID_PARTIAL"":1}",B2,1,0,coco-000000252219-000000292005,0.6821823120117188,157511680.0,0.31781768798828125,0.6821823120117188,0.9293605652662186,14.573508084474874,0.20809920132210294,0.011755411000194727,0.0,
,,0.0,salt_pepper:0.01,44.04123712928233,0.9829501935170746,,,"{""S2_HEADER_VALID_PARTIAL"":3}",B2,3,0,coco-000000252219-000000292005,0.7645924886067709,156715690.66666666,0.23540751139322916,0.7645924886067709,0.8877832412162717,12.101906131270184,0.039181931150431115,0.018610621666084626,0.0,
,,0.0,salt_pepper:0.03,44.04123712928233,0.9829501935170746,,,"{""S2_HEADER_VALID_PARTIAL"":3}",B2,3,0,coco-000000252219-000000292005,0.5732676188151041,156297898.66666666,0.4267323811848958,0.5732676188151041,0.8582361385136373,10.626703878108259,0.017109022350919444,0.01680658800069068,0.0,
,,0.0,salt_pepper:0.05,44.04123712928233,0.9829501935170746,,,"{""S2_HEADER_VALID_PARTIAL"":3}",B2,3,0,coco-000000252219-000000292005,0.5180689493815104,155777706.66666666,0.48193105061848956,0.5180689493815104,0.8547361313879845,10.468581080386317,0.013764142869682581,0.013837731999349975,0.0,
0.0,1.0,1.0,clean,45.000073460708904,0.9862634044931365,0.0,1.0,"{""S0_COMPLETE"":1}",C0,1,0,coco-000000252219-000000292005,1.0,156798976.0,0.00048569886670264434,1.0,1.0,,1.0,4.686258747999091,0.0,1.0
,0.0,0.0,gaussian:10,45.000073460708904,0.9862634044931365,,0.0,"{""S4_HEADER_FAILURE"":3}",C0,3,0,coco-000000252219-000000292005,0.0,155833685.33333334,0.32163758469748754,,,,,2.5274644843332985,1.0,0.0
,0.0,0.0,gaussian:15,45.000073460708904,0.9862634044931365,,0.0,"{""S4_HEADER_FAILURE"":3}",C0,3,0,coco-000000252219-000000292005,0.0,154621269.33333334,0.352686334472627,,,,,3.4721826889999647,1.0,0.0
,0.0,0.0,gaussian:5,45.000073460708904,0.9862634044931365,,0.0,"{""S4_HEADER_FAILURE"":3}",C0,3,0,coco-000000252219-000000292005,0.0,156626944.0,0.2586106613899382,,,,,3.593849708666312,1.0,0.0
,0.0,0.0,jpeg:50,45.000073460708904,0.9862634044931365,,0.0,"{""S4_HEADER_FAILURE"":1}",C0,1,0,coco-000000252219-000000292005,0.0,154439680.0,0.47494153624752655,,,,,2.675776276999386,1.0,0.0
,0.0,0.0,jpeg:70,45.000073460708904,0.9862634044931365,,0.0,"{""S4_HEADER_FAILURE"":1}",C0,1,0,coco-000000252219-000000292005,0.0,157339648.0,0.4547715416441806,,,,,2.7983848830008355,1.0,0.0
,0.0,0.0,jpeg:90,45.000073460708904,0.9862634044931365,,0.0,"{""S4_HEADER_FAILURE"":1}",C0,1,0,coco-000000252219-000000292005,0.0,159084544.0,0.34739611440906637,,,,,3.436842004999562,1.0,0.0
,0.0,0.0,salt_pepper:0.01,45.000073460708904,0.9862634044931365,,0.0,"{""S4_HEADER_FAILURE"":3}",C0,3,0,coco-000000252219-000000292005,0.0,156955989.33333334,0.16025963902380524,,,,,2.6216827549991044,1.0,0.0
,0.0,0.0,salt_pepper:0.03,45.000073460708904,0.9862634044931365,,0.0,"{""S4_HEADER_FAILURE"":3}",C0,3,0,coco-000000252219-000000292005,0.0,155039061.33333334,0.3244363494633327,,,,,2.977609402666227,1.0,0.0
,0.0,0.0,salt_pepper:0.05,45.000073460708904,0.9862634044931365,,0.0,"{""S4_HEADER_FAILURE"":3}",C0,3,0,coco-000000252219-000000292005,0.0,154924373.33333334,0.3959585057264496,,,,,3.1289727019999796,1.0,0.0
0.0,1.0,1.0,clean,45.00001706233342,0.9866802998856217,0.0,1.0,"{""S0_COMPLETE"":1}",C1,1,0,coco-000000252219-000000292005,1.0,157339648.0,0.00045871559633027525,1.0,1.0,,1.0,3.4896475580007973,0.0,1.0
,0.0,0.0,gaussian:10,45.00001706233342,0.9866802998856216,,0.0,"{""S4_HEADER_FAILURE"":3}",C1,3,0,coco-000000252219-000000292005,0.0,155220650.66666666,0.322276188762967,,,,,2.3072651796665014,1.0,0.0
,0.0,0.0,gaussian:15,45.00001706233342,0.9866802998856216,,0.0,"{""S4_HEADER_FAILURE"":3}",C1,3,0,coco-000000252219-000000292005,0.0,156325205.33333334,0.35333243389098756,,,,,2.420444495667349,1.0,0.0
,0.0,0.0,gaussian:5,45.00001706233342,0.9866802998856216,,0.0,"{""S4_HEADER_FAILURE"":3}",C1,3,0,coco-000000252219-000000292005,0.0,157480277.33333334,0.25996132397913296,,,,,2.5796195933338217,1.0,0.0
,0.0,0.0,jpeg:50,45.00001706233342,0.9866802998856217,,0.0,"{""S4_HEADER_FAILURE"":1}",C1,1,0,coco-000000252219-000000292005,0.0,155938816.0,0.47442885411045155,,,,,2.2662004840003647,1.0,0.0
,0.0,0.0,jpeg:70,45.00001706233342,0.9866802998856217,,0.0,"{""S4_HEADER_FAILURE"":1}",C1,1,0,coco-000000252219-000000292005,0.0,156790784.0,0.44837650656592914,,,,,3.728653051000947,1.0,0.0
,0.0,0.0,jpeg:90,45.00001706233342,0.9866802998856217,,0.0,"{""S4_HEADER_FAILURE"":1}",C1,1,0,coco-000000252219-000000292005,0.0,157753344.0,0.3399127540924627,,,,,3.4729167869991215,1.0,0.0
,0.0,0.0,salt_pepper:0.01,45.00001706233342,0.9866802998856216,,0.0,"{""S4_HEADER_FAILURE"":3}",C1,3,0,coco-000000252219-000000292005,0.0,155286186.66666666,0.1593212208430773,,,,,2.317190223333455,1.0,0.0
,0.0,0.0,salt_pepper:0.03,45.00001706233342,0.9866802998856216,,0.0,"{""S4_HEADER_FAILURE"":3}",C1,3,0,coco-000000252219-000000292005,0.0,155531946.66666666,0.32508094981111707,,,,,2.2164769063329004,1.0,0.0
,0.0,0.0,salt_pepper:0.05,45.00001706233342,0.9866802998856216,,0.0,"{""S4_HEADER_FAILURE"":3}",C1,3,0,coco-000000252219-000000292005,0.0,156954624.0,0.3995727648857708,,,,,1.903265813665712,1.0,0.0
0.0,1.0,1.0,clean,45.000000948646374,0.9863079912876807,0.0,1.0,"{""S0_COMPLETE"":1}",C2,1,0,coco-000000252219-000000292005,1.0,155615232.0,0.00045421838460154706,1.0,1.0,,1.0,2.4780968930008385,0.0,1.0
,0.0,0.0,gaussian:10,45.000000948646374,0.9863079912876808,,0.0,"{""S4_HEADER_FAILURE"":3}",C2,3,0,coco-000000252219-000000292005,0.0,155560618.66666666,0.3211938598069197,,,,,1.8505092583339622,1.0,0.0
,0.0,0.0,gaussian:15,45.000000948646374,0.9863079912876808,,0.0,"{""S4_HEADER_FAILURE"":3}",C2,3,0,coco-000000252219-000000292005,0.0,156464469.33333334,0.3529441746117407,,,,,1.921483242333731,1.0,0.0
,0.0,0.0,gaussian:5,45.000000948646374,0.9863079912876808,,0.0,"{""S4_HEADER_FAILURE"":3}",C2,3,0,coco-000000252219-000000292005,0.0,156306090.66666666,0.25851172273190626,,,,,1.8216103723334527,1.0,0.0
,0.0,0.0,jpeg:50,45.000000948646374,0.9863079912876807,,0.0,"{""S4_HEADER_FAILURE"":1}",C2,1,0,coco-000000252219-000000292005,0.0,156057600.0,0.4764256161180068,,,,,1.9645276830015064,1.0,0.0
,0.0,0.0,jpeg:70,45.000000948646374,0.9863079912876807,,0.0,"{""S4_HEADER_FAILURE"":1}",C2,1,0,coco-000000252219-000000292005,0.0,155189248.0,0.45407447382622773,,,,,2.0294392640007572,1.0,0.0
,0.0,0.0,jpeg:90,45.000000948646374,0.9863079912876807,,0.0,"{""S4_HEADER_FAILURE"":1}",C2,1,0,coco-000000252219-000000292005,0.0,157753344.0,0.34765245547760387,,,,,1.9702939229991898,1.0,0.0
,0.0,0.0,salt_pepper:0.01,45.000000948646374,0.9863079912876808,,0.0,"{""S4_HEADER_FAILURE"":3}",C2,3,0,coco-000000252219-000000292005,0.0,154877952.0,0.1602191641182467,,,,,2.0831834383334353,1.0,0.0
,0.0,0.0,salt_pepper:0.03,45.000000948646374,0.9863079912876808,,0.0,"{""S4_HEADER_FAILURE"":3}",C2,3,0,coco-000000252219-000000292005,0.0,155906048.0,0.32374377885710853,,,,,1.9547881503331155,1.0,0.0
,0.0,0.0,salt_pepper:0.05,45.000000948646374,0.9863079912876808,,0.0,"{""S4_HEADER_FAILURE"":3}",C2,3,0,coco-000000252219-000000292005,0.0,157021525.33333334,0.39648917671043954,,,,,2.0882148060002996,1.0,0.0
0.0,1.0,1.0,clean,45.000000948646374,0.9866697584843114,0.0,1.0,"{""S0_COMPLETE"":1}",C3,1,0,coco-000000252219-000000292005,1.0,155615232.0,0.0004632128080590034,1.0,1.0,,1.0,2.7321908060002897,0.0,1.0
,0.0,0.0,gaussian:10,45.000000948646374,0.9866697584843114,,0.0,"{""S4_HEADER_FAILURE"":3}",C3,3,0,coco-000000252219-000000292005,0.0,155600213.33333334,0.32168405588535104,,,,,2.636051570333317,1.0,0.0
,0.0,0.0,gaussian:15,45.000000948646374,0.9866697584843114,,0.0,"{""S4_HEADER_FAILURE"":3}",C3,3,0,coco-000000252219-000000292005,0.0,155534677.33333334,0.3517614079270852,,,,,3.8101850240000203,1.0,0.0
,0.0,0.0,gaussian:5,45.000000948646374,0.9866697584843114,,0.0,"{""S4_HEADER_FAILURE"":3}",C3,3,0,coco-000000252219-000000292005,0.0,156786688.0,0.25978143550998384,,,,,2.0112874349997583,1.0,0.0
,0.0,0.0,jpeg:50,45.000000948646374,0.9866697584843114,,0.0,"{""S4_HEADER_FAILURE"":1}",C3,1,0,coco-000000252219-000000292005,0.0,157753344.0,0.4729447742399712,,,,,2.2749754120013677,1.0,0.0
,0.0,0.0,jpeg:70,45.000000948646374,0.9866697584843114,,0.0,"{""S4_HEADER_FAILURE"":1}",C3,1,0,coco-000000252219-000000292005,0.0,153763840.0,0.4497931282604785,,,,,1.9001051289997122,1.0,0.0
,0.0,0.0,jpeg:90,45.000000948646374,0.9866697584843114,,0.0,"{""S4_HEADER_FAILURE"":1}",C3,1,0,coco-000000252219-000000292005,0.0,155176960.0,0.3387389818312646,,,,,1.7674628849999863,1.0,0.0
,0.0,0.0,salt_pepper:0.01,45.000000948646374,0.9866697584843114,,0.0,"{""S4_HEADER_FAILURE"":3}",C3,3,0,coco-000000252219-000000292005,0.0,155873280.0,0.15963452659351202,,,,,3.8601192986667834,1.0,0.0
,0.0,0.0,salt_pepper:0.03,45.000000948646374,0.9866697584843114,,0.0,"{""S4_HEADER_FAILURE"":3}",C3,3,0,coco-000000252219-000000292005,0.0,156849493.33333334,0.3248710799304431,,,,,2.5606865366662532,1.0,0.0
,0.0,0.0,salt_pepper:0.05,45.000000948646374,0.9866697584843114,,0.0,"{""S4_HEADER_FAILURE"":3}",C3,3,0,coco-000000252219-000000292005,0.0,155250688.0,0.398913173832224,,,,,2.460742545667017,1.0,0.0
0.0,1.0,1.0,clean,45.00001706233342,0.9866802613218455,0.0,1.0,"{""S0_COMPLETE"":1}",C3_NP,1,0,coco-000000252219-000000292005,1.0,157753344.0,0.0004182406907717215,1.0,1.0,,1.0,2.5413255769999523,0.0,1.0
,0.0,0.0,gaussian:10,45.00001706233342,0.9866802613218454,,0.0,"{""S4_HEADER_FAILURE"":3}",C3_NP,3,0,coco-000000252219-000000292005,0.0,156809898.66666666,0.3219658811536847,,,,,1.8486231226664434,1.0,0.0
,0.0,0.0,gaussian:15,45.00001706233342,0.9866802613218454,,0.0,"{""S4_HEADER_FAILURE"":3}",C3_NP,3,0,coco-000000252219-000000292005,0.0,154931200.0,0.35275379264855794,,,,,1.818595696666307,1.0,0.0
,0.0,0.0,gaussian:5,45.00001706233342,0.9866802613218454,,0.0,"{""S4_HEADER_FAILURE"":3}",C3_NP,3,0,coco-000000252219-000000292005,0.0,155145557.33333334,0.2595985488996822,,,,,1.9142178380006953,1.0,0.0
,0.0,0.0,jpeg:50,45.00001706233342,0.9866802613218455,,0.0,"{""S4_HEADER_FAILURE"":1}",C3_NP,1,0,coco-000000252219-000000292005,0.0,156798976.0,0.4752428494333513,,,,,1.6473639260002528,1.0,0.0
,0.0,0.0,jpeg:70,45.00001706233342,0.9866802613218455,,0.0,"{""S4_HEADER_FAILURE"":1}",C3_NP,1,0,coco-000000252219-000000292005,0.0,156286976.0,0.4481246627091203,,,,,1.7637610290003067,1.0,0.0
,0.0,0.0,jpeg:90,45.00001706233342,0.9866802613218455,,0.0,"{""S4_HEADER_FAILURE"":1}",C3_NP,1,0,coco-000000252219-000000292005,0.0,155840512.0,0.3403354919949631,,,,,1.9034057680000842,1.0,0.0
,0.0,0.0,salt_pepper:0.01,45.00001706233342,0.9866802613218454,,0.0,"{""S4_HEADER_FAILURE"":3}",C3_NP,3,0,coco-000000252219-000000292005,0.0,155103232.0,0.15949961024165019,,,,,2.001979805666148,1.0,0.0
,0.0,0.0,salt_pepper:0.03,45.00001706233342,0.9866802613218454,,0.0,"{""S4_HEADER_FAILURE"":3}",C3_NP,3,0,coco-000000252219-000000292005,0.0,157421568.0,0.32587995442825446,,,,,2.097142687000087,1.0,0.0
,0.0,0.0,salt_pepper:0.05,45.00001706233342,0.9866802613218454,,0.0,"{""S4_HEADER_FAILURE"":3}",C3_NP,3,0,coco-000000252219-000000292005,0.0,156091733.33333334,0.3991365353480842,,,,,2.1098978076673425,1.0,0.0
,,1.0,clean,45.639432357647365,0.9876217486490965,,,"{""S0_COMPLETE"":1}",B1,1,0,coco-000000270908-000000542856,1.0,155938816.0,0.0,1.0,0.9999999999999999,,1.0,0.0024774149987933924,0.0,
,,0.0,gaussian:10,45.639432357647365,0.9876217486490965,,,"{""S2_HEADER_VALID_PARTIAL"":3}",B1,3,0,coco-000000270908-000000542856,0.5063222249348959,155540138.66666666,0.4936777750651042,0.5063222249348959,0.8021911867262751,8.400529696431919,0.011705573005787272,0.014999781333244755,0.0,
,,0.0,gaussian:15,45.639432357647365,0.9876217486490965,,,"{""S2_HEADER_VALID_PARTIAL"":3}",B1,3,0,coco-000000270908-000000542856,0.5018208821614584,156894549.33333334,0.4981791178385417,0.5018208821614584,0.7971795540552818,8.304013341130984,0.010343786763123223,0.014675699666743943,0.0,
,,0.0,gaussian:5,45.639432357647365,0.9876217486490965,,,"{""S2_HEADER_VALID_PARTIAL"":3}",B1,3,0,coco-000000270908-000000542856,0.5317662556966146,156827648.0,0.46823374430338544,0.5317662556966146,0.8138051632454971,8.654129557062255,0.029684925809465797,0.014336400000199015,0.0,
,,0.0,jpeg:50,45.639432357647365,0.9876217486490965,,,"{""S2_HEADER_VALID_PARTIAL"":1}",B1,1,0,coco-000000270908-000000542856,0.5012435913085938,156790784.0,0.49875640869140625,0.5012435913085938,0.7932721889884554,8.236470263406886,0.0038163410815566174,0.0051483689985616365,0.0,
,,0.0,jpeg:70,45.639432357647365,0.9876217486490965,,,"{""S2_HEADER_VALID_PARTIAL"":1}",B1,1,0,coco-000000270908-000000542856,0.5080108642578125,155938816.0,0.4919891357421875,0.5080108642578125,0.8033813337206385,8.419423177877032,0.020489010728864276,0.008424013998592272,0.0,
,,0.0,jpeg:90,45.639432357647365,0.9876217486490965,,,"{""S2_HEADER_VALID_PARTIAL"":1}",B1,1,0,coco-000000270908-000000542856,0.5279617309570312,157753344.0,0.47203826904296875,0.5279617309570312,0.8198347283822033,8.801762434801223,0.03151532213890451,0.006286353000177769,0.0,
,,0.0,salt_pepper:0.01,45.639432357647365,0.9876217486490965,,,"{""S2_HEADER_VALID_PARTIAL"":3}",B1,3,0,coco-000000270908-000000542856,0.994873046875,155723093.33333334,0.005126953125,0.994873046875,0.9968508646865359,26.15496148758397,0.8689279404887671,0.006458588333165001,0.0,
,,0.0,salt_pepper:0.03,45.639432357647365,0.9876217486490965,,,"{""S2_HEADER_VALID_PARTIAL"":3}",B1,3,0,coco-000000270908-000000542856,0.9851811726888021,156640597.33333334,0.014818827311197916,0.9851811726888021,0.9913876653289106,21.76640034706553,0.7207558187176497,0.008950523000142615,0.0,
,,0.0,salt_pepper:0.05,45.639432357647365,0.9876217486490965,,,"{""S2_HEADER_VALID_PARTIAL"":3}",B1,3,0,coco-000000270908-000000542856,0.9750213623046875,157342378.66666666,0.0249786376953125,0.9750213623046875,0.9855053323722517,19.497321691953648,0.6132858644806051,0.010003025333086649,0.0,
,,1.0,clean,45.4339718380873,0.9830523826965873,,,"{""S0_COMPLETE"":1}",B2,1,0,coco-000000270908-000000542856,1.0,155938816.0,0.0,1.0,0.9999999999999999,,1.0,0.02318941200064728,0.0,
,,0.0,gaussian:10,45.4339718380873,0.9830523826965875,,,"{""S2_HEADER_VALID_PARTIAL"":3}",B2,3,0,coco-000000270908-000000542856,0.5077540079752604,156732074.66666666,0.49224599202473956,0.5077540079752604,0.8003990412176444,8.376088589395243,0.014473715517604709,0.030473432333868306,0.0,
,,0.0,gaussian:15,45.4339718380873,0.9830523826965875,,,"{""S2_HEADER_VALID_PARTIAL"":3}",B2,3,0,coco-000000270908-000000542856,0.4993082682291667,156546389.33333334,0.5006917317708334,0.4993082682291667,0.7981838663046693,8.329119489803672,0.010717608902378079,0.026511871333544452,0.0,
,,0.0,gaussian:5,45.4339718380873,0.9830523826965875,,,"{""S2_HEADER_VALID_PARTIAL"":3}",B2,3,0,coco-000000270908-000000542856,0.5578994750976562,157338282.66666666,0.44210052490234375,0.5578994750976562,0.8206958279167047,8.812667480714289,0.04661101314933774,0.01957025566662196,0.0,
,,0.0,jpeg:50,45.4339718380873,0.9830523826965873,,,"{""S2_HEADER_VALID_PARTIAL"":1}",B2,1,0,coco-000000270908-000000542856,0.5067672729492188,153763840.0,0.49323272705078125,0.5067672729492188,0.4705871360654747,5.197868707425304,0.01057377181809038,0.011967712998739444,0.0,
,,0.0,jpeg:70,45.4339718380873,0.9830523826965873,,,"{""S2_HEADER_VALID_PARTIAL"":1}",B2,1,0,coco-000000270908-000000542856,0.48248291015625,156790784.0,0.51751708984375,0.48248291015625,0.5491776305406632,5.668410527931041,-0.020426479238863753,0.012429483000232722,0.0,
,,0.0,jpeg:90,45.4339718380873,0.9830523826965873,,,"{""S2_HEADER_VALID_PARTIAL"":1}",B2,1,0,coco-000000270908-000000542856,0.6530914306640625,154439680.0,0.3469085693359375,0.6530914306640625,0.9056337730745999,11.581494357616009,0.3193645610679602,0.027669611999954213,0.0,
,,0.0,salt_pepper:0.01,45.4339718380873,0.9830523826965875,,,"{""S2_HEADER_VALID_PARTIAL"":3}",B2,3,0,coco-000000270908-000000542856,0.7609074910481771,157111637.33333334,0.2390925089518229,0.7609074910481771,0.8989082293901264,11.168860327699775,0.1819560289638411,0.022800725332975464,0.0,
,,0.0,salt_pepper:0.03,45.4339718380873,0.9830523826965875,,,"{""S2_HEADER_VALID_PARTIAL"":3}",B2,3,0,coco-000000270908-000000542856,0.5742721557617188,155972949.33333334,0.42572784423828125,0.5742721557617188,0.826977538437298,8.930429069597466,0.050266715282149134,0.01742215200041149,0.0,
,,0.0,salt_pepper:0.05,45.4339718380873,0.9830523826965875,,,"{""S2_HEADER_VALID_PARTIAL"":3}",B2,3,0,coco-000000270908-000000542856,0.5259679158528646,156157269.33333334,0.47403208414713544,0.5259679158528646,0.808179491842552,8.529867932425987,0.026418158229996325,0.011019383332798801,0.0,
0.0,1.0,1.0,clean,45.000009005482426,0.9816623091271279,0.0,1.0,"{""S0_COMPLETE"":1}",C0,1,0,coco-000000270908-000000542856,1.0,159084544.0,0.0008094981111710739,1.0,0.9999999999999999,,1.0,4.1777327789986884,0.0,1.0
,0.0,0.0,gaussian:10,45.00000900548243,0.9816623091271279,,0.0,"{""S4_HEADER_FAILURE"":3}",C0,3,0,coco-000000270908-000000542856,0.0,156252842.66666666,0.3214082268993224,,,,,2.7882971253329742,1.0,0.0
,0.0,0.0,gaussian:15,45.00000900548243,0.9816623091271279,,0.0,"{""S4_HEADER_FAILURE"":3}",C0,3,0,coco-000000270908-000000542856,0.0,155968853.33333334,0.3523910175691071,,,,,2.962952389666801,1.0,0.0
,0.0,0.0,gaussian:5,45.00000900548243,0.9816623091271279,,0.0,"{""S4_HEADER_FAILURE"":3}",C0,3,0,coco-000000270908-000000542856,0.0,157444778.66666666,0.25908136955087846,,,,,2.774638834000143,1.0,0.0
,0.0,0.0,jpeg:50,45.000009005482426,0.9816623091271279,,0.0,"{""S4_HEADER_FAILURE"":1}",C0,1,0,coco-000000270908-000000542856,0.0,155615232.0,0.47004856988667026,,,,,2.285291480999149,1.0,0.0
,0.0,0.0,jpeg:70,45.000009005482426,0.9816623091271279,,0.0,"{""S4_HEADER_FAILURE"":1}",C0,1,0,coco-000000270908-000000542856,0.0,155189248.0,0.44603795646699046,,,,,2.9478990389998216,1.0,0.0
,0.0,0.0,jpeg:90,45.000009005482426,0.9816623091271279,,0.0,"{""S4_HEADER_FAILURE"":1}",C0,1,0,coco-000000270908-000000542856,0.0,157663232.0,0.3541149487317863,,,,,2.9275150719986414,1.0,0.0
,0.0,0.0,salt_pepper:0.01,45.00000900548243,0.9816623091271279,,0.0,"{""S4_HEADER_FAILURE"":3}",C0,3,0,coco-000000270908-000000542856,0.0,154861568.0,0.16572974755651496,,,,,2.6595821580000725,1.0,0.0
,0.0,0.0,salt_pepper:0.03,45.00000900548243,0.9816623091271279,,0.0,"{""S4_HEADER_FAILURE"":3}",C0,3,0,coco-000000270908-000000542856,0.0,156438528.0,0.3271781495472807,,,,,2.196318603667654,1.0,0.0
,0.0,0.0,salt_pepper:0.05,45.00000900548243,0.9816623091271279,,0.0,"{""S4_HEADER_FAILURE"":3}",C0,3,0,coco-000000270908-000000542856,0.0,156116309.33333334,0.4010028782155064,,,,,2.1886703679998996,1.0,0.0
0.0,1.0,1.0,clean,45.00001706233342,0.9817051287035753,0.0,1.0,"{""S0_COMPLETE"":1}",C1,1,0,coco-000000270908-000000542856,1.0,156487680.0,0.0007060622414103256,1.0,0.9999999999999999,,1.0,2.726497257999654,0.0,1.0
,0.0,0.0,gaussian:10,45.00001706233342,0.9817051287035753,,0.0,"{""S4_HEADER_FAILURE"":3}",C1,3,0,coco-000000270908-000000542856,0.0,156162730.66666666,0.32264645919529894,,,,,1.9344542470001518,1.0,0.0
,0.0,0.0,gaussian:15,45.00001706233342,0.9817051287035753,,0.0,"{""S4_HEADER_FAILURE"":3}",C1,3,0,coco-000000270908-000000542856,0.0,156753920.0,0.3528977034238772,,,,,1.8429334049997124,1.0,0.0
,0.0,0.0,gaussian:5,45.00001706233342,0.9817051287035753,,0.0,"{""S4_HEADER_FAILURE"":3}",C1,3,0,coco-000000270908-000000542856,0.0,156039850.66666666,0.2593302152665347,,,,,1.8480107909999788,1.0,0.0
,0.0,0.0,jpeg:50,45.00001706233342,0.9817051287035753,,0.0,"{""S4_HEADER_FAILURE"":1}",C1,1,0,coco-000000270908-000000542856,0.0,157339648.0,0.46618996222342146,,,,,1.9653396000012435,1.0,0.0
,0.0,0.0,jpeg:70,45.00001706233342,0.9817051287035753,,0.0,"{""S4_HEADER_FAILURE"":1}",C1,1,0,coco-000000270908-000000542856,0.0,154931200.0,0.4377001259219284,,,,,2.522532463000971,1.0,0.0
,0.0,0.0,jpeg:90,45.00001706233342,0.9817051287035753,,0.0,"{""S4_HEADER_FAILURE"":1}",C1,1,0,coco-000000270908-000000542856,0.0,156286976.0,0.3481786292498651,,,,,1.9474962780004716,1.0,0.0
,0.0,0.0,salt_pepper:0.01,45.00001706233342,0.9817051287035753,,0.0,"{""S4_HEADER_FAILURE"":3}",C1,3,0,coco-000000270908-000000542856,0.0,155181056.0,0.16380044372489055,,,,,1.7467175006671216,1.0,0.0
,0.0,0.0,salt_pepper:0.03,45.00001706233342,0.9817051287035753,,0.0,"{""S4_HEADER_FAILURE"":3}",C1,3,0,coco-000000270908-000000542856,0.0,156379818.66666666,0.3291089524494813,,,,,1.7080489903334335,1.0,0.0
,0.0,0.0,salt_pepper:0.05,45.00001706233342,0.9817051287035753,,0.0,"{""S4_HEADER_FAILURE"":3}",C1,3,0,coco-000000270908-000000542856,0.0,156267861.33333334,0.4020087545721653,,,,,2.2546018556658964,1.0,0.0
0.0,1.0,1.0,clean,45.00001706233342,0.981683829084378,0.0,1.0,"{""S0_COMPLETE"":1}",C2,1,0,coco-000000270908-000000542856,1.0,157753344.0,0.0005756431012772081,1.0,0.9999999999999999,,1.0,2.864783738999904,0.0,1.0
,0.0,0.0,gaussian:10,45.00001706233342,0.981683829084378,,0.0,"{""S4_HEADER_FAILURE"":3}",C2,3,0,coco-000000270908-000000542856,0.0,156727978.66666666,0.3205582538825928,,,,,2.0206269696658032,1.0,0.0
,0.0,0.0,gaussian:15,45.00001706233342,0.981683829084378,,0.0,"{""S4_HEADER_FAILURE"":3}",C2,3,0,coco-000000270908-000000542856,0.0,156506794.66666666,0.3523310547460574,,,,,2.1803929426666095,1.0,0.0
,0.0,0.0,gaussian:5,45.00001706233342,0.981683829084378,,0.0,"{""S4_HEADER_FAILURE"":3}",C2,3,0,coco-000000270908-000000542856,0.0,155252053.33333334,0.2578911075133417,,,,,2.22746268300034,1.0,0.0
,0.0,0.0,jpeg:50,45.00001706233342,0.981683829084378,,0.0,"{""S4_HEADER_FAILURE"":1}",C2,1,0,coco-000000270908-000000542856,0.0,158294016.0,0.46958985429034,,,,,2.3757647420006833,1.0,0.0
,0.0,0.0,jpeg:70,45.00001706233342,0.981683829084378,,0.0,"{""S4_HEADER_FAILURE"":1}",C2,1,0,coco-000000270908-000000542856,0.0,155189248.0,0.4431102716315884,,,,,2.114616583001407,1.0,0.0
,0.0,0.0,jpeg:90,45.00001706233342,0.981683829084378,,0.0,"{""S4_HEADER_FAILURE"":1}",C2,1,0,coco-000000270908-000000542856,0.0,156487680.0,0.35233855009893866,,,,,2.1478908640001464,1.0,0.0
,0.0,0.0,salt_pepper:0.01,45.00001706233342,0.981683829084378,,0.0,"{""S4_HEADER_FAILURE"":3}",C2,3,0,coco-000000270908-000000542856,0.0,155762688.0,0.16475385261138095,,,,,1.9673231213334172,1.0,0.0
,0.0,0.0,salt_pepper:0.03,45.00001706233342,0.981683829084378,,0.0,"{""S4_HEADER_FAILURE"":3}",C2,3,0,coco-000000270908-000000542856,0.0,156480853.33333334,0.3274135036277508,,,,,1.8492583863329248,1.0,0.0
,0.0,0.0,salt_pepper:0.05,45.00001706233342,0.981683829084378,,0.0,"{""S4_HEADER_FAILURE"":3}",C2,3,0,coco-000000270908-000000542856,0.0,155551061.33333334,0.39961473886190557,,,,,1.825491176666522,1.0,0.0
0.0,1.0,1.0,clean,45.00001706233342,0.9817043705698913,0.0,1.0,"{""S0_COMPLETE"":1}",C3,1,0,coco-000000270908-000000542856,1.0,158416896.0,0.0006700845475805001,1.0,0.9999999999999999,,1.0,3.485827333000998,0.0,1.0
,0.0,0.0,gaussian:10,45.00001706233342,0.9817043705698913,,0.0,"{""S4_HEADER_FAILURE"":3}",C3,3,0,coco-000000270908-000000542856,0.0,155781802.66666666,0.32238861905618516,,,,,2.627894788000655,1.0,0.0
,0.0,0.0,gaussian:15,45.00001706233342,0.9817043705698913,,0.0,"{""S4_HEADER_FAILURE"":3}",C3,3,0,coco-000000270908-000000542856,0.0,156379818.66666666,0.3530985788810937,,,,,2.4938733493333225,1.0,0.0
,0.0,0.0,gaussian:5,45.00001706233342,0.9817043705698913,,0.0,"{""S4_HEADER_FAILURE"":3}",C3,3,0,coco-000000270908-000000542856,0.0,156154538.66666666,0.25945163998321036,,,,,2.40747181133338,1.0,0.0
,0.0,0.0,jpeg:50,45.00001706233342,0.9817043705698913,,0.0,"{""S4_HEADER_FAILURE"":1}",C3,1,0,coco-000000270908-000000542856,0.0,154034176.0,0.46554686094621334,,,,,2.422890562998873,1.0,0.0
,0.0,0.0,jpeg:70,45.00001706233342,0.9817043705698913,,0.0,"{""S4_HEADER_FAILURE"":1}",C3,1,0,coco-000000270908-000000542856,0.0,158806016.0,0.43942705522576003,,,,,2.319728103999296,1.0,0.0
,0.0,0.0,jpeg:90,45.00001706233342,0.9817043705698913,,0.0,"{""S4_HEADER_FAILURE"":1}",C3,1,0,coco-000000270908-000000542856,0.0,157753344.0,0.34546231336571326,,,,,2.642189786000017,1.0,0.0
,0.0,0.0,salt_pepper:0.01,45.00001706233342,0.9817043705698913,,0.0,"{""S4_HEADER_FAILURE"":3}",C3,3,0,coco-000000270908-000000542856,0.0,156704768.0,0.16328026623493433,,,,,3.145638676333571,1.0,0.0
,0.0,0.0,salt_pepper:0.03,45.00001706233342,0.9817043705698913,,0.0,"{""S4_HEADER_FAILURE"":3}",C3,3,0,coco-000000270908-000000542856,0.0,156923221.33333334,0.3279666606703844,,,,,2.3152204969998516,1.0,0.0
,0.0,0.0,salt_pepper:0.05,45.00001706233342,0.9817043705698913,,0.0,"{""S4_HEADER_FAILURE"":3}",C3,3,0,coco-000000270908-000000542856,0.0,154899797.33333334,0.4014870780116328,,,,,2.4203401290002753,1.0,0.0
0.0,1.0,1.0,clean,45.000000948646374,0.9817042249357806,0.0,1.0,"{""S0_COMPLETE"":1}",C3_NP,1,0,coco-000000270908-000000542856,1.0,158416896.0,0.0007690232056125203,1.0,0.9999999999999999,,1.0,2.356783084000199,0.0,1.0
,0.0,0.0,gaussian:10,45.000000948646374,0.9817042249357805,,0.0,"{""S4_HEADER_FAILURE"":3}",C3_NP,3,0,coco-000000270908-000000542856,0.0,155112789.33333334,0.322474066079031,,,,,2.0432800530003683,1.0,0.0
,0.0,0.0,gaussian:15,45.000000948646374,0.9817042249357805,,0.0,"{""S4_HEADER_FAILURE"":3}",C3_NP,3,0,coco-000000270908-000000542856,0.0,156039850.66666666,0.3524929543682917,,,,,1.9079619069998444,1.0,0.0
,0.0,0.0,gaussian:5,45.000000948646374,0.9817042249357805,,0.0,"{""S4_HEADER_FAILURE"":3}",C3_NP,3,0,coco-000000270908-000000542856,0.0,155870549.33333334,0.25883852011752717,,,,,1.7792079743339855,1.0,0.0
,0.0,0.0,jpeg:50,45.000000948646374,0.9817042249357806,,0.0,"{""S4_HEADER_FAILURE"":1}",C3_NP,1,0,coco-000000270908-000000542856,0.0,157753344.0,0.46726929303831627,,,,,1.843888513998536,1.0,0.0
,0.0,0.0,jpeg:70,45.000000948646374,0.9817042249357806,,0.0,"{""S4_HEADER_FAILURE"":1}",C3_NP,1,0,coco-000000270908-000000542856,0.0,154931200.0,0.4382218024824609,,,,,1.6597678550006094,1.0,0.0
,0.0,0.0,jpeg:90,45.000000948646374,0.9817042249357806,,0.0,"{""S4_HEADER_FAILURE"":1}",C3_NP,1,0,coco-000000270908-000000542856,0.0,158806016.0,0.3463752473466451,,,,,1.7967353069998353,1.0,0.0
,0.0,0.0,salt_pepper:0.01,45.000000948646374,0.9817042249357805,,0.0,"{""S4_HEADER_FAILURE"":3}",C3_NP,3,0,coco-000000270908-000000542856,0.0,157062485.33333334,0.16380943814834803,,,,,1.780927573999482,1.0,0.0
,0.0,0.0,salt_pepper:0.03,45.000000948646374,0.9817042249357805,,0.0,"{""S4_HEADER_FAILURE"":3}",C3_NP,3,0,coco-000000270908-000000542856,0.0,155901952.0,0.3279007015650297,,,,,2.805087841332958,1.0,0.0
,0.0,0.0,salt_pepper:0.05,45.000000948646374,0.9817042249357805,,0.0,"{""S4_HEADER_FAILURE"":3}",C3_NP,3,0,coco-000000270908-000000542856,0.0,156001621.33333334,0.40146309288241294,,,,,2.349384184666633,1.0,0.0
,,1.0,clean,45.292931621340074,0.9952645212255888,,,"{""S0_COMPLETE"":1}",B1,1,0,coco-000000275198-000000227511,1.0,154439680.0,0.0,1.0,0.9999999999999999,,1.0,0.0026086449997819727,0.0,
,,0.0,gaussian:10,45.292931621340074,0.995264521225589,,,"{""S2_HEADER_VALID_PARTIAL"":3}",B1,3,0,coco-000000275198-000000227511,0.5078582763671875,157069312.0,0.4921417236328125,0.5078582763671875,0.7421146772507226,7.5491292282951585,0.013641985891865972,0.010452091999468394,0.0,
,,0.0,gaussian:15,45.292931621340074,0.995264521225589,,,"{""S2_HEADER_VALID_PARTIAL"":3}",B1,3,0,coco-000000275198-000000227511,0.5017623901367188,154460160.0,0.49823760986328125,0.5017623901367188,0.7383271986944925,7.472428958357045,0.009753279791504544,0.008147087666657171,0.0,
,,0.0,gaussian:5,45.292931621340074,0.995264521225589,,,"{""S2_HEADER_VALID_PARTIAL"":3}",B1,3,0,coco-000000275198-000000227511,0.5307032267252604,156577792.0,0.46929677327473956,0.5307032267252604,0.7510788554904893,7.70611535059987,0.02401658001632927,0.058028298334344676,0.0,
,,0.0,jpeg:50,45.292931621340074,0.9952645212255888,,,"{""S2_HEADER_VALID_PARTIAL"":1}",B1,1,0,coco-000000275198-000000227511,0.5012741088867188,155176960.0,0.49872589111328125,0.5012741088867188,0.7376092512481982,7.47085424183731,0.010602195499082624,0.0818057989999943,0.0,
,,0.0,jpeg:70,45.292931621340074,0.9952645212255888,,,"{""S2_HEADER_VALID_PARTIAL"":1}",B1,1,0,coco-000000275198-000000227511,0.5019683837890625,154439680.0,0.4980316162109375,0.5019683837890625,0.7365103853845822,7.474597065901625,0.012176566250821204,0.010775759001262486,0.0,
,,0.0,jpeg:90,45.292931621340074,0.9952645212255888,,,"{""S2_HEADER_VALID_PARTIAL"":1}",B1,1,0,coco-000000275198-000000227511,0.5121078491210938,155176960.0,0.48789215087890625,0.5121078491210938,0.7443560001822699,7.564893057276594,0.016122647874366708,0.007771283999318257,0.0,
,,0.0,salt_pepper:0.01,45.292931621340074,0.995264521225589,,,"{""S2_HEADER_VALID_PARTIAL"":3}",B1,3,0,coco-000000275198-000000227511,0.9949900309244791,156018005.33333334,0.005009969075520833,0.9949900309244791,0.9964548232381816,26.099681869825133,0.8716164858350903,0.005632330000177414,0.0,
,,0.0,salt_pepper:0.03,45.292931621340074,0.995264521225589,,,"{""S2_HEADER_VALID_PARTIAL"":3}",B1,3,0,coco-000000275198-000000227511,0.9847869873046875,155688960.0,0.0152130126953125,0.9847869873046875,0.9898734228605565,21.521035754417756,0.7024996298414914,0.007016486333062251,0.0,
,,0.0,salt_pepper:0.05,45.292931621340074,0.995264521225589,,,"{""S2_HEADER_VALID_PARTIAL"":3}",B1,3,0,coco-000000275198-000000227511,0.9747085571289062,155142826.66666666,0.02529144287109375,0.9747085571289062,0.9826611359115368,19.168620739452862,0.5793014781444205,0.008502652666720678,0.0,
,,1.0,clean,45.4279038858452,0.9910116184584924,,,"{""S0_COMPLETE"":1}",B2,1,0,coco-000000275198-000000227511,1.0,158806016.0,0.0,1.0,0.9999999999999999,,1.0,0.007018203001280199,0.0,
,,0.0,gaussian:10,45.427903885845204,0.9910116184584924,,,"{""S2_HEADER_VALID_PARTIAL"":3}",B2,3,0,coco-000000275198-000000227511,0.5044962565104166,155759957.33333334,0.4955037434895833,0.5044962565104166,0.7395173257972437,7.509961160001123,0.013046198548559951,0.016649300333786716,0.0,
,,0.0,gaussian:15,45.427903885845204,0.9910116184584924,,,"{""S2_HEADER_VALID_PARTIAL"":3}",B2,3,0,coco-000000275198-000000227511,0.5012537638346354,157181269.33333334,0.49874623616536456,0.5012537638346354,0.7351660383679904,7.432348740124901,0.00928549265982988,0.01625379933405687,0.0,
,,0.0,gaussian:5,45.427903885845204,0.9910116184584924,,,"{""S2_HEADER_VALID_PARTIAL"":3}",B2,3,0,coco-000000275198-000000227511,0.5574671427408854,154681344.0,0.44253285725911456,0.5574671427408854,0.7676553131913836,7.9985169016695865,0.030451197545413745,0.017449532000682666,0.0,
,,0.0,jpeg:50,45.4279038858452,0.9910116184584924,,,"{""S2_HEADER_VALID_PARTIAL"":1}",B2,1,0,coco-000000275198-000000227511,0.45986175537109375,156786688.0,0.5401382446289062,0.45986175537109375,0.5854386712105029,6.388819671145301,0.018249521031425936,0.015854368000873365,0.0,
,,0.0,jpeg:70,45.4279038858452,0.9910116184584924,,,"{""S2_HEADER_VALID_PARTIAL"":1}",B2,1,0,coco-000000275198-000000227511,0.4531707763671875,155951104.0,0.5468292236328125,0.4531707763671875,0.5995695853763947,6.4850865951955345,-0.010350407281803422,0.01170181199995568,0.0,
,,0.0,jpeg:90,45.4279038858452,0.9910116184584924,,,"{""S2_HEADER_VALID_PARTIAL"":1}",B2,1,0,coco-000000275198-000000227511,0.6110763549804688,155615232.0,0.38892364501953125,0.6110763549804688,0.9229109836339302,12.751086032925702,0.27965049287682864,0.01319042300019646,0.0,
,,0.0,salt_pepper:0.01,45.427903885845204,0.9910116184584924,,,"{""S2_HEADER_VALID_PARTIAL"":3}",B2,3,0,coco-000000275198-000000227511,0.7608210245768229,154681344.0,0.2391789754231771,0.7608210245768229,0.8763228354735167,10.71718307755173,0.13839650820765115,0.011850550999952247,0.0,
,,0.0,salt_pepper:0.03,45.427903885845204,0.9910116184584924,,,"{""S2_HEADER_VALID_PARTIAL"":3}",B2,3,0,coco-000000275198-000000227511,0.5710042317708334,156614656.0,0.4289957682291667,0.5710042317708334,0.7790300806049252,8.202478963270833,0.040974900565093016,0.013379937334320857,0.0,
,,0.0,salt_pepper:0.05,45.427903885845204,0.9910116184584924,,,"{""S2_HEADER_VALID_PARTIAL"":3}",B2,3,0,coco-000000275198-000000227511,0.5196329752604166,156644693.33333334,0.4803670247395833,0.5196329752604166,0.7449979733046641,7.601625904303024,0.014562504945400503,0.012191958333763372,0.0,
0.0,1.0,1.0,clean,45.000000948646374,0.9907349566192307,0.0,1.0,"{""S0_COMPLETE"":1}",C0,1,0,coco-000000275198-000000227511,1.0,154034176.0,0.00013041914013311746,1.0,0.9999999999999999,,1.0,2.4572896549998404,0.0,1.0
,0.0,0.0,gaussian:10,45.000000948646374,0.9907349566192307,,0.0,"{""S4_HEADER_FAILURE"":3}",C0,3,0,coco-000000275198-000000227511,0.0,156326570.66666666,0.3213782454877976,,,,,2.3985432866660026,1.0,0.0
,0.0,0.0,gaussian:15,45.000000948646374,0.9907349566192307,,0.0,"{""S4_HEADER_FAILURE"":3}",C0,3,0,coco-000000275198-000000227511,0.0,157459797.33333334,0.3520162499250465,,,,,2.0541033033332496,1.0,0.0
,0.0,0.0,gaussian:5,45.000000948646374,0.9907349566192307,,0.0,"{""S4_HEADER_FAILURE"":3}",C0,3,0,coco-000000275198-000000227511,0.0,157133482.66666666,0.25734244768243686,,,,,2.2760713506668253,1.0,0.0
,0.0,0.0,jpeg:50,45.000000948646374,0.9907349566192307,,0.0,"{""S4_HEADER_FAILURE"":1}",C0,1,0,coco-000000275198-000000227511,0.0,156790784.0,0.4716001079330815,,,,,2.1878909030001523,1.0,0.0
,0.0,0.0,jpeg:70,45.000000948646374,0.9907349566192307,,0.0,"{""S4_HEADER_FAILURE"":1}",C0,1,0,coco-000000275198-000000227511,0.0,155615232.0,0.45158301852851235,,,,,2.336093212999913,1.0,0.0
,0.0,0.0,jpeg:90,45.000000948646374,0.9907349566192307,,0.0,"{""S4_HEADER_FAILURE"":1}",C0,1,0,coco-000000275198-000000227511,0.0,155176960.0,0.3492174851592013,,,,,2.3637796940001863,1.0,0.0
,0.0,0.0,salt_pepper:0.01,45.000000948646374,0.9907349566192307,,0.0,"{""S4_HEADER_FAILURE"":3}",C0,3,0,coco-000000275198-000000227511,0.0,156319744.0,0.15801103315944118,,,,,1.7353514023337386,1.0,0.0
,0.0,0.0,salt_pepper:0.03,45.000000948646374,0.9907349566192307,,0.0,"{""S4_HEADER_FAILURE"":3}",C0,3,0,coco-000000275198-000000227511,0.0,156101290.66666666,0.3200890447922288,,,,,1.834843270333901,1.0,0.0
,0.0,0.0,salt_pepper:0.05,45.000000948646374,0.9907349566192307,,0.0,"{""S4_HEADER_FAILURE"":3}",C0,3,0,coco-000000275198-000000227511,0.0,156097194.66666666,0.3935045271931403,,,,,1.9205814186667947,1.0,0.0
0.0,1.0,1.0,clean,45.000009005482426,0.9905540563312644,0.0,1.0,"{""S0_COMPLETE"":1}",C1,1,0,coco-000000275198-000000227511,1.0,156790784.0,0.00013941356359057386,1.0,0.9999999999999999,,1.0,2.1725770740013104,0.0,1.0
,0.0,0.0,gaussian:10,45.00000900548243,0.9905540563312644,,0.0,"{""S4_HEADER_FAILURE"":3}",C1,3,0,coco-000000275198-000000227511,0.0,156304725.33333334,0.3218924266954488,,,,,1.7925487086668,1.0,0.0
,0.0,0.0,gaussian:15,45.00000900548243,0.9905540563312644,,0.0,"{""S4_HEADER_FAILURE"":3}",C1,3,0,coco-000000275198-000000227511,0.0,157093888.0,0.35299364394075666,,,,,1.9132145979995887,1.0,0.0
,0.0,0.0,gaussian:5,45.00000900548243,0.9905540563312644,,0.0,"{""S4_HEADER_FAILURE"":3}",C1,3,0,coco-000000275198-000000227511,0.0,156592810.66666666,0.2587905498590874,,,,,1.9764045233332581,1.0,0.0
,0.0,0.0,jpeg:50,45.000009005482426,0.9905540563312644,,0.0,"{""S4_HEADER_FAILURE"":1}",C1,1,0,coco-000000275198-000000227511,0.0,155734016.0,0.4699586256520957,,,,,1.9545595470008266,1.0,0.0
,0.0,0.0,jpeg:70,45.000009005482426,0.9905540563312644,,0.0,"{""S4_HEADER_FAILURE"":1}",C1,1,0,coco-000000275198-000000227511,0.0,156495872.0,0.4457051627990646,,,,,1.7300032389994158,1.0,0.0
,0.0,0.0,jpeg:90,45.000009005482426,0.9905540563312644,,0.0,"{""S4_HEADER_FAILURE"":1}",C1,1,0,coco-000000275198-000000227511,0.0,155615232.0,0.3430428134556575,,,,,2.0542369179984235,1.0,0.0
,0.0,0.0,salt_pepper:0.01,45.00000900548243,0.9905540563312644,,0.0,"{""S4_HEADER_FAILURE"":3}",C1,3,0,coco-000000275198-000000227511,0.0,155934720.0,0.15703214007315466,,,,,1.7832087046669283,1.0,0.0
,0.0,0.0,salt_pepper:0.03,45.00000900548243,0.9905540563312644,,0.0,"{""S4_HEADER_FAILURE"":3}",C1,3,0,coco-000000275198-000000227511,0.0,157014698.66666666,0.32048929663608566,,,,,1.833933973666717,1.0,0.0
,0.0,0.0,salt_pepper:0.05,45.00000900548243,0.9905540563312644,,0.0,"{""S4_HEADER_FAILURE"":3}",C1,3,0,coco-000000275198-000000227511,0.0,156300629.33333334,0.3959689992204833,,,,,1.8816460293334483,1.0,0.0
0.0,1.0,1.0,clean,45.00004123297609,0.9907396601110072,0.0,1.0,"{""S0_COMPLETE"":1}",C2,1,0,coco-000000275198-000000227511,1.0,155734016.0,6.745817593092283e-05,1.0,0.9999999999999999,,1.0,2.5252546629999415,0.0,1.0
,0.0,0.0,gaussian:10,45.00004123297609,0.9907396601110072,,0.0,"{""S4_HEADER_FAILURE"":3}",C2,3,0,coco-000000275198-000000227511,0.0,157597696.0,0.32078911075133415,,,,,1.9413813713326817,1.0,0.0
,0.0,0.0,gaussian:15,45.00004123297609,0.9907396601110072,,0.0,"{""S4_HEADER_FAILURE"":3}",C2,3,0,coco-000000275198-000000227511,0.0,154830165.33333334,0.3523475445223961,,,,,1.8858339666664203,1.0,0.0
,0.0,0.0,gaussian:5,45.00004123297609,0.9907396601110072,,0.0,"{""S4_HEADER_FAILURE"":3}",C2,3,0,coco-000000275198-000000227511,0.0,157107541.33333334,0.25867362235414043,,,,,2.056707464000283,1.0,0.0
,0.0,0.0,jpeg:50,45.00004123297609,0.9907396601110072,,0.0,"{""S4_HEADER_FAILURE"":1}",C2,1,0,coco-000000275198-000000227511,0.0,156487680.0,0.471195358877496,,,,,1.9233498579997104,1.0,0.0
,0.0,0.0,jpeg:70,45.00004123297609,0.9907396601110072,,0.0,"{""S4_HEADER_FAILURE"":1}",C2,1,0,coco-000000275198-000000227511,0.0,154931200.0,0.4484664508005037,,,,,2.0884749189990544,1.0,0.0
,0.0,0.0,jpeg:90,45.00004123297609,0.9907396601110072,,0.0,"{""S4_HEADER_FAILURE"":1}",C2,1,0,coco-000000275198-000000227511,0.0,154034176.0,0.34778737182946573,,,,,2.034388850999676,1.0,0.0
,0.0,0.0,salt_pepper:0.01,45.00004123297609,0.9907396601110072,,0.0,"{""S4_HEADER_FAILURE"":3}",C2,3,0,coco-000000275198-000000227511,0.0,156793514.66666666,0.1580724950530671,,,,,1.9095271656672896,1.0,0.0
,0.0,0.0,salt_pepper:0.03,45.00004123297609,0.9907396601110072,,0.0,"{""S4_HEADER_FAILURE"":3}",C2,3,0,coco-000000275198-000000227511,0.0,157234517.33333334,0.3208026023865203,,,,,2.3373401636666435,1.0,0.0
,0.0,0.0,salt_pepper:0.05,45.00004123297609,0.9907396601110072,,0.0,"{""S4_HEADER_FAILURE"":3}",C2,3,0,coco-000000275198-000000227511,0.0,156252842.66666666,0.3935015290519878,,,,,2.996813731333532,1.0,0.0
0.0,1.0,1.0,clean,45.000049289886874,0.9905461643594009,0.0,1.0,"{""S0_COMPLETE"":1}",C3,1,0,coco-000000275198-000000227511,1.0,155897856.0,0.00011243029321820471,1.0,0.9999999999999999,,1.0,3.0176302720010426,0.0,1.0
,0.0,0.0,gaussian:10,45.000049289886874,0.9905461643594009,,0.0,"{""S4_HEADER_FAILURE"":3}",C3,3,0,coco-000000275198-000000227511,0.0,155679402.66666666,0.3215686274509804,,,,,2.917421190000217,1.0,0.0
,0.0,0.0,gaussian:15,45.000049289886874,0.9905461643594009,,0.0,"{""S4_HEADER_FAILURE"":3}",C3,3,0,coco-000000275198-000000227511,0.0,156692480.0,0.35268933261377944,,,,,2.4648210636666286,1.0,0.0
,0.0,0.0,gaussian:5,45.000049289886874,0.9905461643594009,,0.0,"{""S4_HEADER_FAILURE"":3}",C3,3,0,coco-000000275198-000000227511,0.0,156663808.0,0.25897493553996526,,,,,2.638875128333287,1.0,0.0
,0.0,0.0,jpeg:50,45.000049289886874,0.9905461643594009,,0.0,"{""S4_HEADER_FAILURE"":1}",C3,1,0,coco-000000275198-000000227511,0.0,154034176.0,0.46708041014570967,,,,,2.4252970659999846,1.0,0.0
,0.0,0.0,jpeg:70,45.000049289886874,0.9905461643594009,,0.0,"{""S4_HEADER_FAILURE"":1}",C3,1,0,coco-000000275198-000000227511,0.0,154439680.0,0.4458850512682137,,,,,2.6558648659993196,1.0,0.0
,0.0,0.0,jpeg:90,45.000049289886874,0.9905461643594009,,0.0,"{""S4_HEADER_FAILURE"":1}",C3,1,0,coco-000000275198-000000227511,0.0,158806016.0,0.3403444864184206,,,,,3.138739373000135,1.0,0.0
,0.0,0.0,salt_pepper:0.01,45.000049289886874,0.9905461643594009,,0.0,"{""S4_HEADER_FAILURE"":3}",C3,3,0,coco-000000275198-000000227511,0.0,158285824.0,0.1570276428614259,,,,,2.3002539349993945,1.0,0.0
,0.0,0.0,salt_pepper:0.03,45.000049289886874,0.9905461643594009,,0.0,"{""S4_HEADER_FAILURE"":3}",C3,3,0,coco-000000275198-000000227511,0.0,156194133.33333334,0.3206362055525574,,,,,2.1916668839997633,1.0,0.0
,0.0,0.0,salt_pepper:0.05,45.000049289886874,0.9905461643594009,,0.0,"{""S4_HEADER_FAILURE"":3}",C3,3,0,coco-000000275198-000000227511,0.0,155703978.66666666,0.3962838040414942,,,,,1.9967709626665358,1.0,0.0
0.0,1.0,1.0,clean,45.00003317608025,0.990563693949962,0.0,1.0,"{""S0_COMPLETE"":1}",C3_NP,1,0,coco-000000275198-000000227511,1.0,155897856.0,0.00013491635186184566,1.0,0.9999999999999999,,1.0,3.052805688999797,0.0,1.0
,0.0,0.0,gaussian:10,45.00003317608025,0.9905636939499619,,0.0,"{""S4_HEADER_FAILURE"":3}",C3_NP,3,0,coco-000000275198-000000227511,0.0,155710805.33333334,0.32215326497571506,,,,,2.7204962383329985,1.0,0.0
,0.0,0.0,gaussian:15,45.00003317608025,0.9905636939499619,,0.0,"{""S4_HEADER_FAILURE"":3}",C3_NP,3,0,coco-000000275198-000000227511,0.0,155725824.0,0.3534343706901721,,,,,2.440131225333365,1.0,0.0
,0.0,0.0,gaussian:5,45.00003317608025,0.9905636939499619,,0.0,"{""S4_HEADER_FAILURE"":3}",C3_NP,3,0,coco-000000275198-000000227511,0.0,158064640.0,0.25988487137974453,,,,,2.602828678333026,1.0,0.0
,0.0,0.0,jpeg:50,45.00003317608025,0.990563693949962,,0.0,"{""S4_HEADER_FAILURE"":1}",C3_NP,1,0,coco-000000275198-000000227511,0.0,154034176.0,0.47099298434970316,,,,,2.568388908999623,1.0,0.0
,0.0,0.0,jpeg:70,45.00003317608025,0.990563693949962,,0.0,"{""S4_HEADER_FAILURE"":1}",C3_NP,1,0,coco-000000275198-000000227511,0.0,157741056.0,0.4464292138873898,,,,,4.050284681999983,1.0,0.0
,0.0,0.0,jpeg:90,45.00003317608025,0.990563693949962,,0.0,"{""S4_HEADER_FAILURE"":1}",C3_NP,1,0,coco-000000275198-000000227511,0.0,155176960.0,0.3425166396833963,,,,,2.3076574749993597,1.0,0.0
,0.0,0.0,salt_pepper:0.01,45.00003317608025,0.9905636939499619,,0.0,"{""S4_HEADER_FAILURE"":3}",C3_NP,3,0,coco-000000275198-000000227511,0.0,156917760.0,0.1569287042033939,,,,,2.3717782140004906,1.0,0.0
,0.0,0.0,salt_pepper:0.03,45.00003317608025,0.9905636939499619,,0.0,"{""S4_HEADER_FAILURE"":3}",C3_NP,3,0,coco-000000275198-000000227511,0.0,155632981.33333334,0.32009204293338134,,,,,3.1445253803334103,1.0,0.0
,0.0,0.0,salt_pepper:0.05,45.00003317608025,0.9905636939499619,,0.0,"{""S4_HEADER_FAILURE"":3}",C3_NP,3,0,coco-000000275198-000000227511,0.0,157351936.0,0.39558223901181266,,,,,2.6850913153339206,1.0,0.0
,,1.0,clean,45.01603135906352,0.9968938820953055,,,"{""S0_COMPLETE"":1}",B1,1,0,coco-000000284725-000000389532,1.0,155938816.0,0.0,1.0,0.9999999999999998,,1.0,0.0031640369998058304,0.0,
,,0.0,gaussian:10,45.016031359063525,0.9968938820953056,,,"{""S2_HEADER_VALID_PARTIAL"":3}",B1,3,0,coco-000000284725-000000389532,0.5412750244140625,156640597.33333334,0.4587249755859375,0.5412750244140625,0.7909308521082675,6.464439842835767,0.017125805276629,0.0125147026671281,0.0,
,,0.0,gaussian:15,45.016031359063525,0.9968938820953056,,,"{""S2_HEADER_VALID_PARTIAL"":3}",B1,3,0,coco-000000284725-000000389532,0.5346654256184896,156203690.66666666,0.46533457438151044,0.5346654256184896,0.7851912469218497,6.357014386121398,0.014728208281501114,0.008703755666526073,0.0,
,,0.0,gaussian:5,45.016031359063525,0.9968938820953056,,,"{""S2_HEADER_VALID_PARTIAL"":3}",B1,3,0,coco-000000284725-000000389532,0.5614496866861979,155703978.66666666,0.43855031331380206,0.5614496866861979,0.8004830082748685,6.645346415520489,0.01970122504260684,0.021994633333936992,0.0,
,,0.0,jpeg:50,45.01603135906352,0.9968938820953055,,,"{""S2_HEADER_VALID_PARTIAL"":1}",B1,1,0,coco-000000284725-000000389532,0.5303497314453125,155938816.0,0.4696502685546875,0.5303497314453125,0.7816743862329227,6.320276871959122,0.012171916709729665,0.011484279999422142,0.0,
,,0.0,jpeg:70,45.01603135906352,0.9968938820953055,,,"{""S2_HEADER_VALID_PARTIAL"":1}",B1,1,0,coco-000000284725-000000389532,0.5384063720703125,157741056.0,0.4615936279296875,0.5384063720703125,0.789938049117349,6.454080140285696,0.017788890567763605,0.0060691209982906,0.0,
,,0.0,jpeg:90,45.01603135906352,0.9968938820953055,,,"{""S2_HEADER_VALID_PARTIAL"":1}",B1,1,0,coco-000000284725-000000389532,0.5480804443359375,153763840.0,0.4519195556640625,0.5480804443359375,0.7984082203749595,6.605588546485274,0.01996526551204019,0.019971245999840903,0.0,
,,0.0,salt_pepper:0.01,45.016031359063525,0.9968938820953056,,,"{""S2_HEADER_VALID_PARTIAL"":3}",B1,3,0,coco-000000284725-000000389532,0.9949417114257812,156722517.33333334,0.00505828857421875,0.9949417114257812,0.9974140668136195,25.128919917019214,0.7577747796469279,0.006240041333512636,0.0,
,,0.0,salt_pepper:0.03,45.016031359063525,0.9968938820953056,,,"{""S2_HEADER_VALID_PARTIAL"":3}",B1,3,0,coco-000000284725-000000389532,0.9846700032552084,156069888.0,0.015329996744791666,0.9846700032552084,0.9923251075175612,20.389027212760407,0.46900094303127277,0.011869958000412831,0.0,
,,0.0,salt_pepper:0.05,45.016031359063525,0.9968938820953056,,,"{""S2_HEADER_VALID_PARTIAL"":3}",B1,3,0,coco-000000284725-000000389532,0.9744593302408854,155997525.33333334,0.025540669759114582,0.9744593302408854,0.9869455998073127,18.097197277047098,0.3153579465034719,0.008427999000559794,0.0,
,,0.0,clean,,,,,"{""S5_EXTRACTION_TRANSFORM_FAILURE"":1}",B2,1,0,coco-000000284725-000000389532,,158416896.0,,,,,,,,
,,0.0,gaussian:10,,,,,"{""S5_EXTRACTION_TRANSFORM_FAILURE"":3}",B2,3,0,coco-000000284725-000000389532,,157297322.66666666,,,,,,,,
,,0.0,gaussian:15,,,,,"{""S5_EXTRACTION_TRANSFORM_FAILURE"":3}",B2,3,0,coco-000000284725-000000389532,,155923797.33333334,,,,,,,,
,,0.0,gaussian:5,,,,,"{""S5_EXTRACTION_TRANSFORM_FAILURE"":3}",B2,3,0,coco-000000284725-000000389532,,157361493.33333334,,,,,,,,
,,0.0,jpeg:50,,,,,"{""S5_EXTRACTION_TRANSFORM_FAILURE"":1}",B2,1,0,coco-000000284725-000000389532,,158416896.0,,,,,,,,
,,0.0,jpeg:70,,,,,"{""S5_EXTRACTION_TRANSFORM_FAILURE"":1}",B2,1,0,coco-000000284725-000000389532,,155734016.0,,,,,,,,
,,0.0,jpeg:90,,,,,"{""S5_EXTRACTION_TRANSFORM_FAILURE"":1}",B2,1,0,coco-000000284725-000000389532,,158806016.0,,,,,,,,
,,0.0,salt_pepper:0.01,,,,,"{""S5_EXTRACTION_TRANSFORM_FAILURE"":3}",B2,3,0,coco-000000284725-000000389532,,155680768.0,,,,,,,,
,,0.0,salt_pepper:0.03,,,,,"{""S5_EXTRACTION_TRANSFORM_FAILURE"":3}",B2,3,0,coco-000000284725-000000389532,,156654250.66666666,,,,,,,,
,,0.0,salt_pepper:0.05,,,,,"{""S5_EXTRACTION_TRANSFORM_FAILURE"":3}",B2,3,0,coco-000000284725-000000389532,,157384704.0,,,,,,,,
0.0,1.0,1.0,clean,45.000009005482426,0.991836246791667,0.0,1.0,"{""S0_COMPLETE"":1}",C0,1,0,coco-000000284725-000000389532,1.0,159084544.0,0.0008139953228998021,1.0,0.9999999999999998,,1.0,3.4410502840000845,0.0,1.0
,0.0,0.0,gaussian:10,45.00000900548243,0.9918362467916669,,0.0,"{""S4_HEADER_FAILURE"":3}",C0,3,0,coco-000000284725-000000389532,0.0,155936085.33333334,0.3218204713077892,,,,,2.5676470333334387,1.0,0.0
,0.0,0.0,gaussian:15,45.00000900548243,0.9918362467916669,,0.0,"{""S4_HEADER_FAILURE"":3}",C0,3,0,coco-000000284725-000000389532,0.0,156084906.66666666,0.35256490975595134,,,,,2.3823316103334946,1.0,0.0
,0.0,0.0,gaussian:5,45.00000900548243,0.9918362467916669,,0.0,"{""S4_HEADER_FAILURE"":3}",C0,3,0,coco-000000284725-000000389532,0.0,157365589.33333334,0.2573409486118607,,,,,2.7922299326667903,1.0,0.0
,0.0,0.0,jpeg:50,45.000009005482426,0.991836246791667,,0.0,"{""S4_HEADER_FAILURE"":1}",C0,1,0,coco-000000284725-000000389532,0.0,153763840.0,0.47124033099478324,,,,,3.1755329579991667,1.0,0.0
,0.0,0.0,jpeg:70,45.000009005482426,0.991836246791667,,0.0,"{""S4_HEADER_FAILURE"":1}",C0,1,0,coco-000000284725-000000389532,0.0,155189248.0,0.44670804101457096,,,,,2.9612510459992336,1.0,0.0
,0.0,0.0,jpeg:90,45.000009005482426,0.991836246791667,,0.0,"{""S4_HEADER_FAILURE"":1}",C0,1,0,coco-000000284725-000000389532,0.0,155840512.0,0.3450710559453139,,,,,2.166163568999764,1.0,0.0
,0.0,0.0,salt_pepper:0.01,45.00000900548243,0.9918362467916669,,0.0,"{""S4_HEADER_FAILURE"":3}",C0,3,0,coco-000000284725-000000389532,0.0,156841301.33333334,0.16200905438628052,,,,,2.4829795280002145,1.0,0.0
,0.0,0.0,salt_pepper:0.03,45.00000900548243,0.9918362467916669,,0.0,"{""S4_HEADER_FAILURE"":3}",C0,3,0,coco-000000284725-000000389532,0.0,155418624.0,0.32296726029861483,,,,,2.554783962666382,1.0,0.0
,0.0,0.0,salt_pepper:0.05,45.00000900548243,0.9918362467916669,,0.0,"{""S4_HEADER_FAILURE"":3}",C0,3,0,coco-000000284725-000000389532,0.0,156977834.66666666,0.3955912334352701,,,,,2.1693635296669527,1.0,0.0
0.0,1.0,1.0,clean,45.000000948646374,0.9915866188828576,0.0,1.0,"{""S0_COMPLETE"":1}",C1,1,0,coco-000000284725-000000389532,1.0,158416896.0,0.0008724590753732686,1.0,0.9999999999999998,,1.0,2.496492420999857,0.0,1.0
,0.0,0.0,gaussian:10,45.000000948646374,0.9915866188828576,,0.0,"{""S4_HEADER_FAILURE"":3}",C1,3,0,coco-000000284725-000000389532,0.0,156262400.0,0.3232445883552198,,,,,1.88807068399971,1.0,0.0
,0.0,0.0,gaussian:15,45.000000948646374,0.9915866188828576,,0.0,"{""S4_HEADER_FAILURE"":3}",C1,3,0,coco-000000284725-000000389532,0.0,155631616.0,0.3523520417341248,,,,,1.7181458686657909,1.0,0.0
,0.0,0.0,gaussian:5,45.000000948646374,0.9915866188828576,,0.0,"{""S4_HEADER_FAILURE"":3}",C1,3,0,coco-000000284725-000000389532,0.0,156323840.0,0.25935270132517835,,,,,1.680715558666634,1.0,0.0
,0.0,0.0,jpeg:50,45.000000948646374,0.9915866188828576,,0.0,"{""S4_HEADER_FAILURE"":1}",C1,1,0,coco-000000284725-000000389532,0.0,155189248.0,0.4677459974815614,,,,,1.7975588219997007,1.0,0.0
,0.0,0.0,jpeg:70,45.000000948646374,0.9915866188828576,,0.0,"{""S4_HEADER_FAILURE"":1}",C1,1,0,coco-000000284725-000000389532,0.0,156286976.0,0.44402320561252023,,,,,1.7826074339991465,1.0,0.0
,0.0,0.0,jpeg:90,45.000000948646374,0.9915866188828576,,0.0,"{""S4_HEADER_FAILURE"":1}",C1,1,0,coco-000000284725-000000389532,0.0,155615232.0,0.33721442705522575,,,,,1.8573780709994026,1.0,0.0
,0.0,0.0,salt_pepper:0.01,45.000000948646374,0.9915866188828576,,0.0,"{""S4_HEADER_FAILURE"":3}",C1,3,0,coco-000000284725-000000389532,0.0,157293226.66666666,0.16120405348683817,,,,,2.0329157610000643,1.0,0.0
,0.0,0.0,salt_pepper:0.03,45.000000948646374,0.9915866188828576,,0.0,"{""S4_HEADER_FAILURE"":3}",C1,3,0,coco-000000284725-000000389532,0.0,155454122.66666666,0.3252518438568088,,,,,1.804162555999331,1.0,0.0
,0.0,0.0,salt_pepper:0.05,45.000000948646374,0.9915866188828576,,0.0,"{""S4_HEADER_FAILURE"":3}",C1,3,0,coco-000000284725-000000389532,0.0,156409856.0,0.39793727888709,,,,,1.687120257999292,1.0,0.0
0.0,1.0,1.0,clean,45.000000948646374,0.9918492076440166,0.0,1.0,"{""S0_COMPLETE"":1}",C2,1,0,coco-000000284725-000000389532,1.0,154439680.0,0.0007555315704263357,1.0,0.9999999999999998,,1.0,2.493590514999596,0.0,1.0
,0.0,0.0,gaussian:10,45.000000948646374,0.9918492076440165,,0.0,"{""S4_HEADER_FAILURE"":3}",C2,3,0,coco-000000284725-000000389532,0.0,155560618.66666666,0.32221172872818854,,,,,1.7852989966662183,1.0,0.0
,0.0,0.0,gaussian:15,45.000000948646374,0.9918492076440165,,0.0,"{""S4_HEADER_FAILURE"":3}",C2,3,0,coco-000000284725-000000389532,0.0,156252842.66666666,0.35238652035737844,,,,,1.6130512783329323,1.0,0.0
,0.0,0.0,gaussian:5,45.000000948646374,0.9918492076440165,,0.0,"{""S4_HEADER_FAILURE"":3}",C2,3,0,coco-000000284725-000000389532,0.0,157818880.0,0.25866312886010673,,,,,1.751164252000308,1.0,0.0
,0.0,0.0,jpeg:50,45.000000948646374,0.9918492076440166,,0.0,"{""S4_HEADER_FAILURE"":1}",C2,1,0,coco-000000284725-000000389532,0.0,156786688.0,0.470466810577442,,,,,1.776133450000998,1.0,0.0
,0.0,0.0,jpeg:70,45.000000948646374,0.9918492076440166,,0.0,"{""S4_HEADER_FAILURE"":1}",C2,1,0,coco-000000284725-000000389532,0.0,156790784.0,0.4499595250944414,,,,,1.7863487989998248,1.0,0.0
,0.0,0.0,jpeg:90,45.000000948646374,0.9918492076440166,,0.0,"{""S4_HEADER_FAILURE"":1}",C2,1,0,coco-000000284725-000000389532,0.0,155615232.0,0.34402320561252026,,,,,1.985859774000346,1.0,0.0
,0.0,0.0,salt_pepper:0.01,45.000000948646374,0.9918492076440165,,0.0,"{""S4_HEADER_FAILURE"":3}",C2,3,0,coco-000000284725-000000389532,0.0,156191402.66666666,0.16127301073334532,,,,,1.9133850139993835,1.0,0.0
,0.0,0.0,salt_pepper:0.03,45.000000948646374,0.9918492076440165,,0.0,"{""S4_HEADER_FAILURE"":3}",C2,3,0,coco-000000284725-000000389532,0.0,155772245.33333334,0.322573004737063,,,,,1.7120790219996707,1.0,0.0
,0.0,0.0,salt_pepper:0.05,45.000000948646374,0.9918492076440165,,0.0,"{""S4_HEADER_FAILURE"":3}",C2,3,0,coco-000000284725-000000389532,0.0,157881685.33333334,0.3956122204233375,,,,,1.9691700693335104,1.0,0.0
0.0,1.0,1.0,clean,45.000009005482426,0.9915824719990485,0.0,1.0,"{""S0_COMPLETE"":1}",C3,1,0,coco-000000284725-000000389532,1.0,155176960.0,0.000858967440187084,1.0,0.9999999999999998,,1.0,2.982593683000232,0.0,1.0
,0.0,0.0,gaussian:10,45.00000900548243,0.9915824719990485,,0.0,"{""S4_HEADER_FAILURE"":3}",C3,3,0,coco-000000284725-000000389532,0.0,157544448.0,0.3224350902440487,,,,,2.7358640436668793,1.0,0.0
,0.0,0.0,gaussian:15,45.00000900548243,0.9915824719990485,,0.0,"{""S4_HEADER_FAILURE"":3}",C3,3,0,coco-000000284725-000000389532,0.0,155351722.66666666,0.353816633687114,,,,,2.3445620339995608,1.0,0.0
,0.0,0.0,gaussian:5,45.00000900548243,0.9915824719990485,,0.0,"{""S4_HEADER_FAILURE"":3}",C3,3,0,coco-000000284725-000000389532,0.0,157029717.33333334,0.2602866222941776,,,,,3.0090931600000963,1.0,0.0
,0.0,0.0,jpeg:50,45.000009005482426,0.9915824719990485,,0.0,"{""S4_HEADER_FAILURE"":1}",C3,1,0,coco-000000284725-000000389532,0.0,155615232.0,0.4674896564130239,,,,,2.369895023999561,1.0,0.0
,0.0,0.0,jpeg:70,45.000009005482426,0.9915824719990485,,0.0,"{""S4_HEADER_FAILURE"":1}",C3,1,0,coco-000000284725-000000389532,0.0,156786688.0,0.44426155783414284,,,,,2.4833856699988246,1.0,0.0
,0.0,0.0,jpeg:90,45.000009005482426,0.9915824719990485,,0.0,"{""S4_HEADER_FAILURE"":1}",C3,1,0,coco-000000284725-000000389532,0.0,153763840.0,0.3381498470948012,,,,,2.6512548369992146,1.0,0.0
,0.0,0.0,salt_pepper:0.01,45.00000900548243,0.9915824719990485,,0.0,"{""S4_HEADER_FAILURE"":3}",C3,3,0,coco-000000284725-000000389532,0.0,155690325.33333334,0.16166426815374468,,,,,2.7102040950000323,1.0,0.0
,0.0,0.0,salt_pepper:0.03,45.00000900548243,0.9915824719990485,,0.0,"{""S4_HEADER_FAILURE"":3}",C3,3,0,coco-000000284725-000000389532,0.0,157489834.66666666,0.3239341608202914,,,,,2.731329218000004,1.0,0.0
,0.0,0.0,salt_pepper:0.05,45.00000900548243,0.9915824719990485,,0.0,"{""S4_HEADER_FAILURE"":3}",C3,3,0,coco-000000284725-000000389532,0.0,155717632.0,0.39782934580560053,,,,,2.810388347666352,1.0,0.0
0.0,1.0,1.0,clean,45.000025119199364,0.9915772263348388,0.0,1.0,"{""S0_COMPLETE"":1}",C3_NP,1,0,coco-000000284725-000000389532,1.0,156786688.0,0.0008769562871019967,1.0,0.9999999999999998,,1.0,2.2394074160001765,0.0,1.0
,0.0,0.0,gaussian:10,45.000025119199364,0.9915772263348388,,0.0,"{""S4_HEADER_FAILURE"":3}",C3_NP,3,0,coco-000000284725-000000389532,0.0,156895914.66666666,0.3226509564070277,,,,,1.718598853999841,1.0,0.0
,0.0,0.0,gaussian:15,45.000025119199364,0.9915772263348388,,0.0,"{""S4_HEADER_FAILURE"":3}",C3_NP,3,0,coco-000000284725-000000389532,0.0,157009237.33333334,0.35365323499430357,,,,,2.3735187300001903,1.0,0.0
,0.0,0.0,gaussian:5,45.000025119199364,0.9915772263348388,,0.0,"{""S4_HEADER_FAILURE"":3}",C3_NP,3,0,coco-000000284725-000000389532,0.0,155314858.66666666,0.25941716135995685,,,,,1.785467125999882,1.0,0.0
,0.0,0.0,jpeg:50,45.000025119199364,0.9915772263348388,,0.0,"{""S4_HEADER_FAILURE"":1}",C3_NP,1,0,coco-000000284725-000000389532,0.0,155938816.0,0.4694504407267494,,,,,1.6204938150003727,1.0,0.0
,0.0,0.0,jpeg:70,45.000025119199364,0.9915772263348388,,0.0,"{""S4_HEADER_FAILURE"":1}",C3_NP,1,0,coco-000000284725-000000389532,0.0,155176960.0,0.44560172692930383,,,,,1.7656378100000438,1.0,0.0
,0.0,0.0,jpeg:90,45.000025119199364,0.9915772263348388,,0.0,"{""S4_HEADER_FAILURE"":1}",C3_NP,1,0,coco-000000284725-000000389532,0.0,155615232.0,0.34024554776038857,,,,,1.8443995429988718,1.0,0.0
,0.0,0.0,salt_pepper:0.01,45.000025119199364,0.9915772263348388,,0.0,"{""S4_HEADER_FAILURE"":3}",C3_NP,3,0,coco-000000284725-000000389532,0.0,155387221.33333334,0.16200305810397556,,,,,2.6573511746664735,1.0,0.0
,0.0,0.0,salt_pepper:0.03,45.000025119199364,0.9915772263348388,,0.0,"{""S4_HEADER_FAILURE"":3}",C3_NP,3,0,coco-000000284725-000000389532,0.0,156577792.0,0.3245232955567548,,,,,2.6692407293327656,1.0,0.0
,0.0,0.0,salt_pepper:0.05,45.000025119199364,0.9915772263348388,,0.0,"{""S4_HEADER_FAILURE"":3}",C3_NP,3,0,coco-000000284725-000000389532,0.0,156493141.33333334,0.3983135456017269,,,,,2.6299351843329837,1.0,0.0
,,1.0,clean,45.85702100531171,0.9873964099463226,,,"{""S0_COMPLETE"":1}",B1,1,0,coco-000000286523-000000353518,1.0,158416896.0,0.0,1.0,0.9999999999999999,,1.0,0.001853394000136177,0.0,
,,0.0,gaussian:10,45.85702100531171,0.9873964099463226,,,"{""S2_HEADER_VALID_PARTIAL"":3}",B1,3,0,coco-000000286523-000000353518,0.5064442952473959,156812629.33333334,0.4935557047526042,0.5064442952473959,0.8458710017494138,8.487320085379595,0.011568689442531574,0.014915443332938594,0.0,
,,0.0,gaussian:15,45.85702100531171,0.9873964099463226,,,"{""S2_HEADER_VALID_PARTIAL"":3}",B1,3,0,coco-000000286523-000000353518,0.5008265177408854,156951893.33333334,0.49917348225911456,0.5008265177408854,0.8446249613528533,8.4556608768181,0.006649675202291243,0.014630548666294393,0.0,
,,0.0,gaussian:5,45.85702100531171,0.9873964099463226,,,"{""S2_HEADER_VALID_PARTIAL"":3}",B1,3,0,coco-000000286523-000000353518,0.5326105753580729,157081600.0,0.46738942464192706,0.5326105753580729,0.8586125359278048,8.834537455910171,0.02432178346548651,0.012158128666366489,0.0,
,,0.0,jpeg:50,45.85702100531171,0.9873964099463226,,,"{""S2_HEADER_VALID_PARTIAL"":1}",B1,1,0,coco-000000286523-000000353518,0.5020751953125,158416896.0,0.4979248046875,0.5020751953125,0.8436949052857587,8.380646318399467,0.014660042912849384,0.007699302999753854,0.0,
,,0.0,jpeg:70,45.85702100531171,0.9873964099463226,,,"{""S2_HEADER_VALID_PARTIAL"":1}",B1,1,0,coco-000000286523-000000353518,0.5177459716796875,155951104.0,0.4822540283203125,0.5177459716796875,0.8664851301323631,9.054584662680227,0.025385726957762235,0.014577535999706015,0.0,
,,0.0,jpeg:90,45.85702100531171,0.9873964099463226,,,"{""S2_HEADER_VALID_PARTIAL"":1}",B1,1,0,coco-000000286523-000000353518,0.5486526489257812,156487680.0,0.45134735107421875,0.5486526489257812,0.8735377668123457,9.280054891569288,0.027973098477612715,0.007139922998248949,0.0,
,,0.0,salt_pepper:0.01,45.85702100531171,0.9873964099463226,,,"{""S2_HEADER_VALID_PARTIAL"":3}",B1,3,0,coco-000000286523-000000353518,0.9950103759765625,157485738.66666666,0.0049896240234375,0.9950103759765625,0.9978320760046443,26.66870318206844,0.8543907719258358,0.01399524500084226,0.0,
,,0.0,salt_pepper:0.03,45.85702100531171,0.9873964099463226,,,"{""S2_HEADER_VALID_PARTIAL"":3}",B1,3,0,coco-000000286523-000000353518,0.9847564697265625,157051562.66666666,0.0152435302734375,0.9847564697265625,0.9932822231598141,21.766426269314262,0.655271712140758,0.007692494333241484,0.0,
,,0.0,salt_pepper:0.05,45.85702100531171,0.9873964099463226,,,"{""S2_HEADER_VALID_PARTIAL"":3}",B1,3,0,coco-000000286523-000000353518,0.9755172729492188,156736170.66666666,0.02448272705078125,0.9755172729492188,0.9889507620829785,19.607455338160687,0.538904807454204,0.010784336333017563,0.0,
,,0.0,clean,,,,,"{""S5_EXTRACTION_TRANSFORM_FAILURE"":1}",B2,1,0,coco-000000286523-000000353518,,157753344.0,,,,,,,,
,,0.0,gaussian:10,,,,,"{""S5_EXTRACTION_TRANSFORM_FAILURE"":3}",B2,3,0,coco-000000286523-000000353518,,156393472.0,,,,,,,,
,,0.0,gaussian:15,,,,,"{""S5_EXTRACTION_TRANSFORM_FAILURE"":3}",B2,3,0,coco-000000286523-000000353518,,157836629.33333334,,,,,,,,
,,0.0,gaussian:5,,,,,"{""S5_EXTRACTION_TRANSFORM_FAILURE"":3}",B2,3,0,coco-000000286523-000000353518,,157373781.33333334,,,,,,,,
,,0.0,jpeg:50,,,,,"{""S5_EXTRACTION_TRANSFORM_FAILURE"":1}",B2,1,0,coco-000000286523-000000353518,,155897856.0,,,,,,,,
,,0.0,jpeg:70,,,,,"{""S5_EXTRACTION_TRANSFORM_FAILURE"":1}",B2,1,0,coco-000000286523-000000353518,,155951104.0,,,,,,,,
,,0.0,jpeg:90,,,,,"{""S5_EXTRACTION_TRANSFORM_FAILURE"":1}",B2,1,0,coco-000000286523-000000353518,,158416896.0,,,,,,,,
,,0.0,salt_pepper:0.01,,,,,"{""S5_EXTRACTION_TRANSFORM_FAILURE"":3}",B2,3,0,coco-000000286523-000000353518,,156018005.33333334,,,,,,,,
,,0.0,salt_pepper:0.03,,,,,"{""S5_EXTRACTION_TRANSFORM_FAILURE"":3}",B2,3,0,coco-000000286523-000000353518,,157033813.33333334,,,,,,,,
,,0.0,salt_pepper:0.05,,,,,"{""S5_EXTRACTION_TRANSFORM_FAILURE"":3}",B2,3,0,coco-000000286523-000000353518,,157196288.0,,,,,,,,
0.0,1.0,1.0,clean,45.000009005482426,0.9840763086057676,0.0,1.0,"{""S0_COMPLETE"":1}",C0,1,0,coco-000000286523-000000353518,1.0,155951104.0,0.00013941356359057386,1.0,0.9999999999999999,,1.0,4.646120601999428,0.0,1.0
,0.0,0.0,gaussian:10,45.00000900548243,0.9840763086057676,,0.0,"{""S4_HEADER_FAILURE"":3}",C0,3,0,coco-000000286523-000000353518,0.0,157242709.33333334,0.32219224081069736,,,,,2.8279649900002064,1.0,0.0
,0.0,0.0,gaussian:15,45.00000900548243,0.9840763086057676,,0.0,"{""S4_HEADER_FAILURE"":3}",C0,3,0,coco-000000286523-000000353518,0.0,156175018.66666666,0.3521166876536547,,,,,3.6418157469997823,1.0,0.0
,0.0,0.0,gaussian:5,45.00000900548243,0.9840763086057676,,0.0,"{""S4_HEADER_FAILURE"":3}",C0,3,0,coco-000000286523-000000353518,0.0,156293802.66666666,0.2575733045511783,,,,,3.1924773523332988,1.0,0.0
,0.0,0.0,jpeg:50,45.000009005482426,0.9840763086057676,,0.0,"{""S4_HEADER_FAILURE"":1}",C0,1,0,coco-000000286523-000000353518,0.0,156790784.0,0.47499100557654256,,,,,4.1843933449999895,1.0,0.0
,0.0,0.0,jpeg:70,45.000009005482426,0.9840763086057676,,0.0,"{""S4_HEADER_FAILURE"":1}",C0,1,0,coco-000000286523-000000353518,0.0,154034176.0,0.45315254542183847,,,,,3.329038195000976,1.0,0.0
,0.0,0.0,jpeg:90,45.000009005482426,0.9840763086057676,,0.0,"{""S4_HEADER_FAILURE"":1}",C0,1,0,coco-000000286523-000000353518,0.0,156286976.0,0.3525229357798165,,,,,3.1221502240005066,1.0,0.0
,0.0,0.0,salt_pepper:0.01,45.00000900548243,0.9840763086057676,,0.0,"{""S4_HEADER_FAILURE"":3}",C0,3,0,coco-000000286523-000000353518,0.0,156053504.0,0.16283054506206152,,,,,3.186362131000351,1.0,0.0
,0.0,0.0,salt_pepper:0.03,45.00000900548243,0.9840763086057676,,0.0,"{""S4_HEADER_FAILURE"":3}",C0,3,0,coco-000000286523-000000353518,0.0,156902741.33333334,0.3226119805720453,,,,,2.62765646766699,1.0,0.0
,0.0,0.0,salt_pepper:0.05,45.00000900548243,0.9840763086057676,,0.0,"{""S4_HEADER_FAILURE"":3}",C0,3,0,coco-000000286523-000000353518,0.0,156711594.66666666,0.39519997601487084,,,,,2.7802338963338116,1.0,0.0
0.0,1.0,1.0,clean,45.00003317608025,0.9834562537410048,0.0,1.0,"{""S0_COMPLETE"":1}",C1,1,0,coco-000000286523-000000353518,1.0,155840512.0,0.00024284943335132217,1.0,0.9999999999999999,,1.0,3.740795308998713,0.0,1.0
,0.0,0.0,gaussian:10,45.00003317608025,0.9834562537410049,,0.0,"{""S4_HEADER_FAILURE"":3}",C1,3,0,coco-000000286523-000000353518,0.0,155652096.0,0.32257000659591056,,,,,3.1791112423325103,1.0,0.0
,0.0,0.0,gaussian:15,45.00003317608025,0.9834562537410049,,0.0,"{""S4_HEADER_FAILURE"":3}",C1,3,0,coco-000000286523-000000353518,0.0,156827648.0,0.35325748036217547,,,,,2.8316192033325933,1.0,0.0
,0.0,0.0,gaussian:5,45.00003317608025,0.9834562537410049,,0.0,"{""S4_HEADER_FAILURE"":3}",C1,3,0,coco-000000286523-000000353518,0.0,155800917.33333334,0.2592402710319602,,,,,3.5053452660001008,1.0,0.0
,0.0,0.0,jpeg:50,45.00003317608025,0.9834562537410048,,0.0,"{""S4_HEADER_FAILURE"":1}",C1,1,0,coco-000000286523-000000353518,0.0,156786688.0,0.47419050188882894,,,,,3.4895152779990894,1.0,0.0
,0.0,0.0,jpeg:70,45.00003317608025,0.9834562537410048,,0.0,"{""S4_HEADER_FAILURE"":1}",C1,1,0,coco-000000286523-000000353518,0.0,156286976.0,0.4485024284943335,,,,,2.5014684699999634,1.0,0.0
,0.0,0.0,jpeg:90,45.00003317608025,0.9834562537410048,,0.0,"{""S4_HEADER_FAILURE"":1}",C1,1,0,coco-000000286523-000000353518,0.0,159100928.0,0.3412709120345386,,,,,2.619241090000287,1.0,0.0
,0.0,0.0,salt_pepper:0.01,45.00003317608025,0.9834562537410049,,0.0,"{""S4_HEADER_FAILURE"":3}",C1,3,0,coco-000000286523-000000353518,0.0,157379242.66666666,0.16106463992324757,,,,,3.2224572763334436,1.0,0.0
,0.0,0.0,salt_pepper:0.03,45.00003317608025,0.9834562537410049,,0.0,"{""S4_HEADER_FAILURE"":3}",C1,3,0,coco-000000286523-000000353518,0.0,155772245.33333334,0.32127331054746056,,,,,2.4161866223330435,1.0,0.0
,0.0,0.0,salt_pepper:0.05,45.00003317608025,0.9834562537410049,,0.0,"{""S4_HEADER_FAILURE"":3}",C1,3,0,coco-000000286523-000000353518,0.0,157294592.0,0.3963047910295616,,,,,2.2962532839998553,1.0,0.0
0.0,1.0,1.0,clean,45.00003317608025,0.9840765817499131,0.0,1.0,"{""S0_COMPLETE"":1}",C2,1,0,coco-000000286523-000000353518,1.0,155840512.0,0.00012592192840438929,1.0,0.9999999999999999,,1.0,2.9242730330006452,0.0,1.0
,0.0,0.0,gaussian:10,45.00003317608025,0.9840765817499131,,0.0,"{""S4_HEADER_FAILURE"":3}",C2,3,0,coco-000000286523-000000353518,0.0,156688384.0,0.32258799544282546,,,,,2.2974560186667077,1.0,0.0
,0.0,0.0,gaussian:15,45.00003317608025,0.9840765817499131,,0.0,"{""S4_HEADER_FAILURE"":3}",C2,3,0,coco-000000286523-000000353518,0.0,156884992.0,0.3517164358097979,,,,,1.901025811999716,1.0,0.0
,0.0,0.0,gaussian:5,45.00003317608025,0.9840765817499131,,0.0,"{""S4_HEADER_FAILURE"":3}",C2,3,0,coco-000000286523-000000353518,0.0,157115733.33333334,0.25744888169335006,,,,,2.340006907666975,1.0,0.0
,0.0,0.0,jpeg:50,45.00003317608025,0.9840765817499131,,0.0,"{""S4_HEADER_FAILURE"":1}",C2,1,0,coco-000000286523-000000353518,0.0,154439680.0,0.4742039935240151,,,,,2.2128853510002955,1.0,0.0
,0.0,0.0,jpeg:70,45.00003317608025,0.9840765817499131,,0.0,"{""S4_HEADER_FAILURE"":1}",C2,1,0,coco-000000286523-000000353518,0.0,157741056.0,0.45291419320021586,,,,,2.1472797820006235,1.0,0.0
,0.0,0.0,jpeg:90,45.00003317608025,0.9840765817499131,,0.0,"{""S4_HEADER_FAILURE"":1}",C2,1,0,coco-000000286523-000000353518,0.0,154034176.0,0.35180338190322,,,,,2.330404512000314,1.0,0.0
,0.0,0.0,salt_pepper:0.01,45.00003317608025,0.9840765817499131,,0.0,"{""S4_HEADER_FAILURE"":3}",C2,3,0,coco-000000286523-000000353518,0.0,155962026.66666666,0.16222641961983572,,,,,1.9871721760003613,1.0,0.0
,0.0,0.0,salt_pepper:0.03,45.00003317608025,0.9840765817499131,,0.0,"{""S4_HEADER_FAILURE"":3}",C2,3,0,coco-000000286523-000000353518,0.0,155899221.33333334,0.3199271451699946,,,,,1.9015242693337011,1.0,0.0
,0.0,0.0,salt_pepper:0.05,45.00003317608025,0.9840765817499131,,0.0,"{""S4_HEADER_FAILURE"":3}",C2,3,0,coco-000000286523-000000353518,0.0,157560832.0,0.39642771481681355,,,,,1.9947527856663025,1.0,0.0
0.0,1.0,1.0,clean,45.000025119199364,0.9834625012075502,0.0,1.0,"{""S0_COMPLETE"":1}",C3,1,0,coco-000000286523-000000353518,1.0,154034176.0,0.00030131318582478866,1.0,0.9999999999999999,,1.0,2.108836281000549,0.0,1.0
,0.0,0.0,gaussian:10,45.000025119199364,0.9834625012075501,,0.0,"{""S4_HEADER_FAILURE"":3}",C3,3,0,coco-000000286523-000000353518,0.0,155866453.33333334,0.3228968039815315,,,,,1.8441406506669107,1.0,0.0
,0.0,0.0,gaussian:15,45.000025119199364,0.9834625012075501,,0.0,"{""S4_HEADER_FAILURE"":3}",C3,3,0,coco-000000286523-000000353518,0.0,155680768.0,0.35209719973616355,,,,,2.089483420334242,1.0,0.0
,0.0,0.0,gaussian:5,45.000025119199364,0.9834625012075501,,0.0,"{""S4_HEADER_FAILURE"":3}",C3,3,0,coco-000000286523-000000353518,0.0,157081600.0,0.2583528212508244,,,,,1.977434592667123,1.0,0.0
,0.0,0.0,jpeg:50,45.000025119199364,0.9834625012075502,,0.0,"{""S4_HEADER_FAILURE"":1}",C3,1,0,coco-000000286523-000000353518,0.0,157753344.0,0.4734214786832164,,,,,2.0020138489999226,1.0,0.0
,0.0,0.0,jpeg:70,45.000025119199364,0.9834625012075502,,0.0,"{""S4_HEADER_FAILURE"":1}",C3,1,0,coco-000000286523-000000353518,0.0,158416896.0,0.44799874078071594,,,,,1.990968950000024,1.0,0.0
,0.0,0.0,jpeg:90,45.000025119199364,0.9834625012075502,,0.0,"{""S4_HEADER_FAILURE"":1}",C3,1,0,coco-000000286523-000000353518,0.0,154439680.0,0.34180158301852853,,,,,1.6080454849998205,1.0,0.0
,0.0,0.0,salt_pepper:0.01,45.000025119199364,0.9834625012075501,,0.0,"{""S4_HEADER_FAILURE"":3}",C3,3,0,coco-000000286523-000000353518,0.0,157575850.66666666,0.1617287281885231,,,,,1.9879053206671717,1.0,0.0
,0.0,0.0,salt_pepper:0.03,45.000025119199364,0.9834625012075501,,0.0,"{""S4_HEADER_FAILURE"":3}",C3,3,0,coco-000000286523-000000353518,0.0,156252842.66666666,0.32195388858907475,,,,,2.747883225333377,1.0,0.0
,0.0,0.0,salt_pepper:0.05,45.000025119199364,0.9834625012075501,,0.0,"{""S4_HEADER_FAILURE"":3}",C3,3,0,coco-000000286523-000000353518,0.0,155088213.33333334,0.39730017389218686,,,,,2.240554281999721,1.0,0.0
0.0,1.0,1.0,clean,45.000025119199364,0.9834447595427349,0.0,1.0,"{""S0_COMPLETE"":1}",C3_NP,1,0,coco-000000286523-000000353518,1.0,154439680.0,0.00024284943335132217,1.0,0.9999999999999999,,1.0,2.391966308001429,0.0,1.0
,0.0,0.0,gaussian:10,45.000025119199364,0.9834447595427349,,0.0,"{""S4_HEADER_FAILURE"":3}",C3_NP,3,0,coco-000000286523-000000353518,0.0,157360128.0,0.32213527612880016,,,,,1.6719710269996237,1.0,0.0
,0.0,0.0,gaussian:15,45.000025119199364,0.9834447595427349,,0.0,"{""S4_HEADER_FAILURE"":3}",C3_NP,3,0,coco-000000286523-000000353518,0.0,155769514.66666666,0.35324848593871794,,,,,1.8186038993329323,1.0,0.0
,0.0,0.0,gaussian:5,45.000025119199364,0.9834447595427349,,0.0,"{""S4_HEADER_FAILURE"":3}",C3_NP,3,0,coco-000000286523-000000353518,0.0,157115733.33333334,0.25866612700125924,,,,,1.7078705683331161,1.0,0.0
,0.0,0.0,jpeg:50,45.000025119199364,0.9834447595427349,,0.0,"{""S4_HEADER_FAILURE"":1}",C3_NP,1,0,coco-000000286523-000000353518,0.0,155951104.0,0.4739611440906638,,,,,1.8413545729999896,1.0,0.0
,0.0,0.0,jpeg:70,45.000025119199364,0.9834447595427349,,0.0,"{""S4_HEADER_FAILURE"":1}",C3_NP,1,0,coco-000000286523-000000353518,0.0,156790784.0,0.4471082928584278,,,,,1.7445421299998998,1.0,0.0
,0.0,0.0,jpeg:90,45.000025119199364,0.9834447595427349,,0.0,"{""S4_HEADER_FAILURE"":1}",C3_NP,1,0,coco-000000286523-000000353518,0.0,154034176.0,0.3458985429033999,,,,,1.9278406190005626,1.0,0.0
,0.0,0.0,salt_pepper:0.01,45.000025119199364,0.9834447595427349,,0.0,"{""S4_HEADER_FAILURE"":3}",C3_NP,3,0,coco-000000286523-000000353518,0.0,155962026.66666666,0.16043053306949692,,,,,1.8920169209995947,1.0,0.0
,0.0,0.0,salt_pepper:0.03,45.000025119199364,0.9834447595427349,,0.0,"{""S4_HEADER_FAILURE"":3}",C3_NP,3,0,coco-000000286523-000000353518,0.0,157076138.66666666,0.3213092882412904,,,,,1.6973854923332208,1.0,0.0
,0.0,0.0,salt_pepper:0.05,45.000025119199364,0.9834447595427349,,0.0,"{""S4_HEADER_FAILURE"":3}",C3_NP,3,0,coco-000000286523-000000353518,0.0,156569600.0,0.39641722132277984,,,,,1.8380250606666475,1.0,0.0
,,1.0,clean,45.61787577147839,0.9879257182380385,,,"{""S0_COMPLETE"":1}",B1,1,0,coco-000000289417-000000343076,1.0,156790784.0,0.0,1.0,1.0,,1.0,0.00447271699886187,0.0,
,,0.0,gaussian:10,45.61787577147839,0.9879257182380385,,,"{""S2_HEADER_VALID_PARTIAL"":3}",B1,3,0,coco-000000289417-000000343076,0.5062637329101562,157164885.33333334,0.49373626708984375,0.5062637329101562,0.7498894517361202,8.194519333034165,0.01064839370682334,0.02886687066590336,0.0,
,,0.0,gaussian:15,45.61787577147839,0.9879257182380385,,,"{""S2_HEADER_VALID_PARTIAL"":3}",B1,3,0,coco-000000289417-000000343076,0.5017878214518229,154462890.66666666,0.49821217854817706,0.5017878214518229,0.7502199443840466,8.18350085892133,0.00856094759388334,0.035000564332221984,0.0,
,,0.0,gaussian:5,45.61787577147839,0.9879257182380385,,,"{""S2_HEADER_VALID_PARTIAL"":3}",B1,3,0,coco-000000289417-000000343076,0.5304921468098959,155252053.33333334,0.4695078531901042,0.5304921468098959,0.7605132202656875,8.418795046976998,0.022848798991853686,0.013790448000387793,0.0,
,,0.0,jpeg:50,45.61787577147839,0.9879257182380385,,,"{""S2_HEADER_VALID_PARTIAL"":1}",B1,1,0,coco-000000289417-000000343076,0.5019989013671875,155897856.0,0.4980010986328125,0.5019989013671875,0.7558225470318649,8.365054617390472,0.015996222874725803,0.016130119000081322,0.0,
,,0.0,jpeg:70,45.61787577147839,0.9879257182380385,,,"{""S2_HEADER_VALID_PARTIAL"":1}",B1,1,0,coco-000000289417-000000343076,0.5096435546875,158806016.0,0.4903564453125,0.5096435546875,0.7531065558737506,8.279383007909601,0.005507834339296152,0.006341971000438207,0.0,
,,0.0,jpeg:90,45.61787577147839,0.9879257182380385,,,"{""S2_HEADER_VALID_PARTIAL"":1}",B1,1,0,coco-000000289417-000000343076,0.5246200561523438,154931200.0,0.47537994384765625,0.5246200561523438,0.7594783669609881,8.381928356967578,0.01738562553629657,0.02258369999981369,0.0,
,,0.0,salt_pepper:0.01,45.61787577147839,0.9879257182380385,,,"{""S2_HEADER_VALID_PARTIAL"":3}",B1,3,0,coco-000000289417-000000343076,0.9950688680013021,156058965.33333334,0.004931131998697917,0.9950688680013021,0.995560923291957,26.315037493308967,0.8918036719297757,0.012672862000423871,0.0,
,,0.0,salt_pepper:0.03,45.61787577147839,0.9879257182380385,,,"{""S2_HEADER_VALID_PARTIAL"":3}",B1,3,0,coco-000000289417-000000343076,0.9852676391601562,157164885.33333334,0.01473236083984375,0.9852676391601562,0.986468135087022,21.44980088080688,0.7263177256702079,0.005468826333526522,0.0,
,,0.0,salt_pepper:0.05,45.61787577147839,0.9879257182380385,,,"{""S2_HEADER_VALID_PARTIAL"":3}",B1,3,0,coco-000000289417-000000343076,0.975250244140625,155247957.33333334,0.024749755859375,0.975250244140625,0.9792547061150584,19.550561144540413,0.6262457486523307,0.03195607299979505,0.0,
,,1.0,clean,45.27369357717469,0.975569594805842,,,"{""S0_COMPLETE"":1}",B2,1,0,coco-000000289417-000000343076,1.0,154034176.0,0.0,1.0,1.0,,1.0,0.025736555999174016,0.0,
,,0.0,gaussian:10,45.27369357717469,0.975569594805842,,,"{""S2_HEADER_VALID_PARTIAL"":3}",B2,3,0,coco-000000289417-000000343076,0.5043843587239584,156539562.66666666,0.4956156412760417,0.5043843587239584,0.7521047850305534,8.214882565368615,0.012537601219108517,0.055822298332714126,0.0,
,,0.0,gaussian:15,45.27369357717469,0.975569594805842,,,"{""S2_HEADER_VALID_PARTIAL"":3}",B2,3,0,coco-000000289417-000000343076,0.5008417765299479,155794090.66666666,0.49915822347005206,0.5008417765299479,0.7488020538957915,8.134962223552526,0.008538803886434014,0.03317234566626818,0.0,
,,0.0,gaussian:5,45.27369357717469,0.975569594805842,,,"{""S2_HEADER_VALID_PARTIAL"":3}",B2,3,0,coco-000000289417-000000343076,0.5577875773111979,156549120.0,0.44221242268880206,0.5577875773111979,0.7720260070010703,8.645142992663038,0.03212023473502063,0.01591777099990092,0.0,
,,0.0,jpeg:50,45.27369357717469,0.975569594805842,,,"{""S2_HEADER_VALID_PARTIAL"":1}",B2,1,0,coco-000000289417-000000343076,0.4967498779296875,154931200.0,0.5032501220703125,0.4967498779296875,0.3141774415831406,6.2279873346895265,0.007116632015045766,0.00848571499955142,0.0,
,,0.0,jpeg:70,45.27369357717469,0.975569594805842,,,"{""S2_HEADER_VALID_PARTIAL"":1}",B2,1,0,coco-000000289417-000000343076,0.4849700927734375,158806016.0,0.5150299072265625,0.4849700927734375,0.3767319395858,6.441108394819729,-0.0024964673095044937,0.016863879998709308,0.0,
,,0.0,jpeg:90,45.27369357717469,0.975569594805842,,,"{""S2_HEADER_VALID_PARTIAL"":1}",B2,1,0,coco-000000289417-000000343076,0.6635894775390625,154439680.0,0.3364105224609375,0.6635894775390625,0.8977226648038631,12.934411299872945,0.443818988201855,0.011723579998943023,0.0,
,,0.0,salt_pepper:0.01,45.27369357717469,0.975569594805842,,,"{""S2_HEADER_VALID_PARTIAL"":3}",B2,3,0,coco-000000289417-000000343076,0.7621841430664062,156164096.0,0.23781585693359375,0.7621841430664062,0.8666591058492115,11.118940133440567,0.16698530645751727,0.0100837506664296,0.0,
,,0.0,salt_pepper:0.03,45.27369357717469,0.975569594805842,,,"{""S2_HEADER_VALID_PARTIAL"":3}",B2,3,0,coco-000000289417-000000343076,0.585235595703125,155089578.66666666,0.414764404296875,0.585235595703125,0.7914317078286435,9.026185540167047,0.06662364755911027,0.018727632333442063,0.0,
,,0.0,salt_pepper:0.05,45.27369357717469,0.975569594805842,,,"{""S2_HEADER_VALID_PARTIAL"":3}",B2,3,0,coco-000000289417-000000343076,0.5336761474609375,158004565.33333334,0.4663238525390625,0.5336761474609375,0.7685427646533736,8.512707030036337,0.035459826496017095,0.0179189286664041,0.0,
0.0,1.0,1.0,clean,45.000000948646374,0.9746721516651797,0.0,1.0,"{""S0_COMPLETE"":1}",C0,1,0,coco-000000289417-000000343076,1.0,159100928.0,0.00011243029321820471,1.0,1.0,,1.0,2.9397289200005616,0.0,1.0
,0.0,0.0,gaussian:10,45.000000948646374,0.9746721516651796,,0.0,"{""S4_HEADER_FAILURE"":3}",C0,3,0,coco-000000289417-000000343076,0.0,155581098.66666666,0.320781615398453,,,,,2.6066211523332945,1.0,0.0
,0.0,0.0,gaussian:15,45.000000948646374,0.9746721516651796,,0.0,"{""S4_HEADER_FAILURE"":3}",C0,3,0,coco-000000289417-000000343076,0.0,155873280.0,0.35212568207711215,,,,,3.3995503823328668,1.0,0.0
,0.0,0.0,gaussian:5,45.000000948646374,0.9746721516651796,,0.0,"{""S4_HEADER_FAILURE"":3}",C0,3,0,coco-000000289417-000000343076,0.0,155966122.66666666,0.25787461773700304,,,,,2.5116462753333813,1.0,0.0
,0.0,0.0,jpeg:50,45.000000948646374,0.9746721516651797,,0.0,"{""S4_HEADER_FAILURE"":1}",C0,1,0,coco-000000289417-000000343076,0.0,158806016.0,0.48063950350782514,,,,,3.6036019000002852,1.0,0.0
,0.0,0.0,jpeg:70,45.000000948646374,0.9746721516651797,,0.0,"{""S4_HEADER_FAILURE"":1}",C0,1,0,coco-000000289417-000000343076,0.0,156790784.0,0.4531840259039396,,,,,2.5104774039991753,1.0,0.0
,0.0,0.0,jpeg:90,45.000000948646374,0.9746721516651797,,0.0,"{""S4_HEADER_FAILURE"":1}",C0,1,0,coco-000000289417-000000343076,0.0,156786688.0,0.3503957546321281,,,,,2.582611441001063,1.0,0.0
,0.0,0.0,salt_pepper:0.01,45.000000948646374,0.9746721516651796,,0.0,"{""S4_HEADER_FAILURE"":3}",C0,3,0,coco-000000289417-000000343076,0.0,156190037.33333334,0.17219973616357862,,,,,2.487287568666337,1.0,0.0
,0.0,0.0,salt_pepper:0.03,45.000000948646374,0.9746721516651796,,0.0,"{""S4_HEADER_FAILURE"":3}",C0,3,0,coco-000000289417-000000343076,0.0,156246016.0,0.3293473046711039,,,,,2.9533855026656965,1.0,0.0
,0.0,0.0,salt_pepper:0.05,45.000000948646374,0.9746721516651796,,0.0,"{""S4_HEADER_FAILURE"":3}",C0,3,0,coco-000000289417-000000343076,0.0,156730709.33333334,0.40162199436349466,,,,,2.7464575706665832,1.0,0.0
0.0,1.0,1.0,clean,45.000009005482426,0.9746952012991876,0.0,1.0,"{""S0_COMPLETE"":1}",C1,1,0,coco-000000289417-000000343076,1.0,156790784.0,0.00012142471667566109,1.0,1.0,,1.0,3.0581514770001377,0.0,1.0
,0.0,0.0,gaussian:10,45.00000900548243,0.9746952012991876,,0.0,"{""S4_HEADER_FAILURE"":3}",C1,3,0,coco-000000289417-000000343076,0.0,155007658.66666666,0.3213347724410865,,,,,2.539352315665989,1.0,0.0
,0.0,0.0,gaussian:15,45.00000900548243,0.9746952012991876,,0.0,"{""S4_HEADER_FAILURE"":3}",C1,3,0,coco-000000289417-000000343076,0.0,156726613.33333334,0.3535737842537627,,,,,2.3725325356663234,1.0,0.0
,0.0,0.0,gaussian:5,45.00000900548243,0.9746952012991876,,0.0,"{""S4_HEADER_FAILURE"":3}",C1,3,0,coco-000000289417-000000343076,0.0,157579946.66666666,0.2585521976374648,,,,,2.3104682033329786,1.0,0.0
,0.0,0.0,jpeg:50,45.000009005482426,0.9746952012991876,,0.0,"{""S4_HEADER_FAILURE"":1}",C1,1,0,coco-000000289417-000000343076,0.0,155615232.0,0.47853031120705164,,,,,2.466033972999867,1.0,0.0
,0.0,0.0,jpeg:70,45.000009005482426,0.9746952012991876,,0.0,"{""S4_HEADER_FAILURE"":1}",C1,1,0,coco-000000289417-000000343076,0.0,156786688.0,0.4486553336931103,,,,,2.0909020229992166,1.0,0.0
,0.0,0.0,jpeg:90,45.000009005482426,0.9746952012991876,,0.0,"{""S4_HEADER_FAILURE"":1}",C1,1,0,coco-000000289417-000000343076,0.0,156495872.0,0.3442210829285843,,,,,2.1004238900004566,1.0,0.0
,0.0,0.0,salt_pepper:0.01,45.00000900548243,0.9746952012991876,,0.0,"{""S4_HEADER_FAILURE"":3}",C1,3,0,coco-000000289417-000000343076,0.0,156232362.66666666,0.17074563770462312,,,,,2.172087338665733,1.0,0.0
,0.0,0.0,salt_pepper:0.03,45.00000900548243,0.9746952012991876,,0.0,"{""S4_HEADER_FAILURE"":3}",C1,3,0,coco-000000289417-000000343076,0.0,156845397.33333334,0.32998141152485455,,,,,1.7102038473337113,1.0,0.0
,0.0,0.0,salt_pepper:0.05,45.00000900548243,0.9746952012991876,,0.0,"{""S4_HEADER_FAILURE"":3}",C1,3,0,coco-000000289417-000000343076,0.0,157279573.33333334,0.40243898782754695,,,,,1.8201295876673005,1.0,0.0
0.0,1.0,1.0,clean,45.00001706233342,0.9746601257657924,0.0,1.0,"{""S0_COMPLETE"":1}",C2,1,0,coco-000000289417-000000343076,1.0,157741056.0,0.00014840798704803023,1.0,1.0,,1.0,2.2189068790012243,0.0,1.0
,0.0,0.0,gaussian:10,45.00001706233342,0.9746601257657924,,0.0,"{""S4_HEADER_FAILURE"":3}",C2,3,0,coco-000000289417-000000343076,0.0,156119040.0,0.32242759489116746,,,,,1.9213419296665961,1.0,0.0
,0.0,0.0,gaussian:15,45.00001706233342,0.9746601257657924,,0.0,"{""S4_HEADER_FAILURE"":3}",C2,3,0,coco-000000289417-000000343076,0.0,155759957.33333334,0.3515815194579361,,,,,2.1579824263335468,1.0,0.0
,0.0,0.0,gaussian:5,45.00001706233342,0.9746601257657924,,0.0,"{""S4_HEADER_FAILURE"":3}",C2,3,0,coco-000000289417-000000343076,0.0,155247957.33333334,0.2578491335372069,,,,,1.835730146332935,1.0,0.0
,0.0,0.0,jpeg:50,45.00001706233342,0.9746601257657924,,0.0,"{""S4_HEADER_FAILURE"":1}",C2,1,0,coco-000000289417-000000343076,0.0,156487680.0,0.48099478323439465,,,,,1.7339719539995713,1.0,0.0
,0.0,0.0,jpeg:70,45.00001706233342,0.9746601257657924,,0.0,"{""S4_HEADER_FAILURE"":1}",C2,1,0,coco-000000289417-000000343076,0.0,156790784.0,0.45361126101816873,,,,,1.8938891349989717,1.0,0.0
,0.0,0.0,jpeg:90,45.00001706233342,0.9746601257657924,,0.0,"{""S4_HEADER_FAILURE"":1}",C2,1,0,coco-000000289417-000000343076,0.0,155615232.0,0.3516324878575283,,,,,1.7873937479998858,1.0,0.0
,0.0,0.0,salt_pepper:0.01,45.00001706233342,0.9746601257657924,,0.0,"{""S4_HEADER_FAILURE"":3}",C2,3,0,coco-000000289417-000000343076,0.0,157163520.0,0.1726629489716376,,,,,1.9243479719995473,1.0,0.0
,0.0,0.0,salt_pepper:0.03,45.00001706233342,0.9746601257657924,,0.0,"{""S4_HEADER_FAILURE"":3}",C2,3,0,coco-000000289417-000000343076,0.0,157783381.33333334,0.32998440966600706,,,,,1.93905793999996,1.0,0.0
,0.0,0.0,salt_pepper:0.05,45.00001706233342,0.9746601257657924,,0.0,"{""S4_HEADER_FAILURE"":3}",C2,3,0,coco-000000289417-000000343076,0.0,156614656.0,0.40124272950770523,,,,,1.6595314683333224,1.0,0.0
0.0,1.0,1.0,clean,45.000025119199364,0.9746750034679568,0.0,1.0,"{""S0_COMPLETE"":1}",C3,1,0,coco-000000289417-000000343076,1.0,156790784.0,0.0001169275049469329,1.0,1.0,,1.0,2.3428764839991345,0.0,1.0
,0.0,0.0,gaussian:10,45.000025119199364,0.9746750034679567,,0.0,"{""S4_HEADER_FAILURE"":3}",C3,3,0,coco-000000289417-000000343076,0.0,155630250.66666666,0.323301553037117,,,,,1.859660583333607,1.0,0.0
,0.0,0.0,gaussian:15,45.000025119199364,0.9746750034679567,,0.0,"{""S4_HEADER_FAILURE"":3}",C3,3,0,coco-000000289417-000000343076,0.0,156229632.0,0.35162049529291844,,,,,3.050179299999703,1.0,0.0
,0.0,0.0,gaussian:5,45.000025119199364,0.9746750034679567,,0.0,"{""S4_HEADER_FAILURE"":3}",C3,3,0,coco-000000289417-000000343076,0.0,156557312.0,0.25752983150446723,,,,,1.8529316913330451,1.0,0.0
,0.0,0.0,jpeg:50,45.000025119199364,0.9746750034679568,,0.0,"{""S4_HEADER_FAILURE"":1}",C3,1,0,coco-000000289417-000000343076,0.0,155897856.0,0.4759803921568627,,,,,2.0078263340001286,1.0,0.0
,0.0,0.0,jpeg:70,45.000025119199364,0.9746750034679568,,0.0,"{""S4_HEADER_FAILURE"":1}",C3,1,0,coco-000000289417-000000343076,0.0,155176960.0,0.4460244648318043,,,,,1.9590249880002375,1.0,0.0
,0.0,0.0,jpeg:90,45.000025119199364,0.9746750034679568,,0.0,"{""S4_HEADER_FAILURE"":1}",C3,1,0,coco-000000289417-000000343076,0.0,154931200.0,0.34114948731786293,,,,,1.739630270998532,1.0,0.0
,0.0,0.0,salt_pepper:0.01,45.000025119199364,0.9746750034679567,,0.0,"{""S4_HEADER_FAILURE"":3}",C3,3,0,coco-000000289417-000000343076,0.0,156912298.66666666,0.17083408286862145,,,,,2.733386133000143,1.0,0.0
,0.0,0.0,salt_pepper:0.03,45.000025119199364,0.9746750034679567,,0.0,"{""S4_HEADER_FAILURE"":3}",C3,3,0,coco-000000289417-000000343076,0.0,158060544.0,0.3310757330455118,,,,,3.3355729623326624,1.0,0.0
,0.0,0.0,salt_pepper:0.05,45.000025119199364,0.9746750034679567,,0.0,"{""S4_HEADER_FAILURE"":3}",C3,3,0,coco-000000289417-000000343076,0.0,155656192.0,0.40216016070036575,,,,,2.8226386763344635,1.0,0.0
0.0,1.0,1.0,clean,45.000009005482426,0.9747016856129809,0.0,1.0,"{""S0_COMPLETE"":1}",C3_NP,1,0,coco-000000289417-000000343076,1.0,155951104.0,0.00016639683396294297,1.0,1.0,,1.0,2.2603881080012798,0.0,1.0
,0.0,0.0,gaussian:10,45.00000900548243,0.9747016856129808,,0.0,"{""S4_HEADER_FAILURE"":3}",C3_NP,3,0,coco-000000289417-000000343076,0.0,156226901.33333334,0.32315014690891647,,,,,1.5146109903331915,1.0,0.0
,0.0,0.0,gaussian:15,45.00000900548243,0.9747016856129808,,0.0,"{""S4_HEADER_FAILURE"":3}",C3_NP,3,0,coco-000000289417-000000343076,0.0,156381184.0,0.35185285123223603,,,,,1.789094192333626,1.0,0.0
,0.0,0.0,gaussian:5,45.00000900548243,0.9747016856129808,,0.0,"{""S4_HEADER_FAILURE"":3}",C3_NP,3,0,coco-000000289417-000000343076,0.0,155810474.66666666,0.2593002338550099,,,,,1.6860877819993523,1.0,0.0
,0.0,0.0,jpeg:50,45.000009005482426,0.9747016856129809,,0.0,"{""S4_HEADER_FAILURE"":1}",C3_NP,1,0,coco-000000289417-000000343076,0.0,155897856.0,0.4796096420219464,,,,,1.9414084370000637,1.0,0.0
,0.0,0.0,jpeg:70,45.000009005482426,0.9747016856129809,,0.0,"{""S4_HEADER_FAILURE"":1}",C3_NP,1,0,coco-000000289417-000000343076,0.0,154931200.0,0.4496132397913294,,,,,1.8238167500003328,1.0,0.0
,0.0,0.0,jpeg:90,45.000009005482426,0.9747016856129809,,0.0,"{""S4_HEADER_FAILURE"":1}",C3_NP,1,0,coco-000000289417-000000343076,0.0,156790784.0,0.34249415362475266,,,,,1.7232784829993761,1.0,0.0
,0.0,0.0,salt_pepper:0.01,45.00000900548243,0.9747016856129808,,0.0,"{""S4_HEADER_FAILURE"":3}",C3_NP,3,0,coco-000000289417-000000343076,0.0,156718421.33333334,0.171084427654854,,,,,1.982306845666244,1.0,0.0
,0.0,0.0,salt_pepper:0.03,45.00000900548243,0.9747016856129808,,0.0,"{""S4_HEADER_FAILURE"":3}",C3_NP,3,0,coco-000000289417-000000343076,0.0,157361493.33333334,0.32978503327936676,,,,,1.9635426723325509,1.0,0.0
,0.0,0.0,salt_pepper:0.05,45.00000900548243,0.9747016856129808,,0.0,"{""S4_HEADER_FAILURE"":3}",C3_NP,3,0,coco-000000289417-000000343076,0.0,156973738.66666666,0.403149547280686,,,,,1.8202928129994689,1.0,0.0
,,1.0,clean,45.94428857933985,0.9878936913682997,,,"{""S0_COMPLETE"":1}",B1,1,0,coco-000000306893-000000255965,1.0,151052288.0,0.0,1.0,1.0000000000000002,,1.0,0.0028079950006940635,0.0,
,,0.0,gaussian:10,45.94428857933985,0.9878936913682997,,,"{""S2_HEADER_VALID_PARTIAL"":3}",B1,3,0,coco-000000306893-000000255965,0.5082753499348959,152189610.66666666,0.4917246500651042,0.5082753499348959,0.7975100425363749,9.081616943992906,0.010948094240153144,0.008235620000050403,0.0,
,,0.0,gaussian:15,45.94428857933985,0.9878936913682997,,,"{""S2_HEADER_VALID_PARTIAL"":3}",B1,3,0,coco-000000306893-000000255965,0.5019861857096354,151435946.66666666,0.49801381429036456,0.5019861857096354,0.7954849633834667,8.990123181995864,0.007917960770268738,0.027003812666710775,0.0,
,,0.0,gaussian:5,45.94428857933985,0.9878936913682997,,,"{""S2_HEADER_VALID_PARTIAL"":3}",B1,3,0,coco-000000306893-000000255965,0.5327224731445312,152646997.33333334,0.46727752685546875,0.5327224731445312,0.8073576240006286,9.357345603118862,0.0174517154894456,0.028719246000036946,0.0,
,,0.0,jpeg:50,45.94428857933985,0.9878936913682997,,,"{""S2_HEADER_VALID_PARTIAL"":1}",B1,1,0,coco-000000306893-000000255965,0.503631591796875,151871488.0,0.496368408203125,0.503631591796875,0.7944397043889669,9.107168385951628,0.016121022679967626,0.0146018390005338,0.0,
,,0.0,jpeg:70,45.94428857933985,0.9878936913682997,,,"{""S2_HEADER_VALID_PARTIAL"":1}",B1,1,0,coco-000000306893-000000255965,0.5105514526367188,151384064.0,0.48944854736328125,0.5105514526367188,0.800789939701929,9.150779250115264,0.015086356396300543,0.02119537199905608,0.0,
,,0.0,jpeg:90,45.94428857933985,0.9878936913682997,,,"{""S2_HEADER_VALID_PARTIAL"":1}",B1,1,0,coco-000000306893-000000255965,0.5337600708007812,151052288.0,0.46623992919921875,0.5337600708007812,0.8130688557196927,9.516068808082814,0.021418819818038476,0.007417333999910625,0.0,
,,0.0,salt_pepper:0.01,45.94428857933985,0.9878936913682997,,,"{""S2_HEADER_VALID_PARTIAL"":3}",B1,3,0,coco-000000306893-000000255965,0.9948069254557291,152698880.0,0.005193074544270833,0.9948069254557291,0.9953832322895891,26.61450815409242,0.8077223271985529,0.01602129499951843,0.0,
,,0.0,salt_pepper:0.03,45.94428857933985,0.9878936913682997,,,"{""S2_HEADER_VALID_PARTIAL"":3}",B1,3,0,coco-000000306893-000000255965,0.9849726359049479,152155477.33333334,0.015027364095052084,0.9849726359049479,0.9869161026000217,22.039375650600647,0.5728535814355878,0.009107421666461354,0.0,
,,0.0,salt_pepper:0.05,45.94428857933985,0.9878936913682997,,,"{""S2_HEADER_VALID_PARTIAL"":3}",B1,3,0,coco-000000306893-000000255965,0.9757970174153646,151412736.0,0.024202982584635418,0.9757970174153646,0.9787340690061801,19.89359947887094,0.4413513069375714,0.022303746667603264,0.0,
,,1.0,clean,43.66710095330065,0.9825500247826447,,,"{""S0_COMPLETE"":1}",B2,1,0,coco-000000306893-000000255965,1.0,153489408.0,0.0,1.0,1.0000000000000002,,1.0,0.014413536999200005,0.0,
,,0.0,gaussian:10,43.667100953300654,0.9825500247826447,,,"{""S2_HEADER_VALID_PARTIAL"":3}",B2,3,0,coco-000000306893-000000255965,0.5289052327473959,152794453.33333334,0.4710947672526042,0.5289052327473959,0.8014956631892289,9.26457055220213,0.014860988540876507,0.013773693666128869,0.0,
,,0.0,gaussian:15,43.667100953300654,0.9825500247826447,,,"{""S2_HEADER_VALID_PARTIAL"":3}",B2,3,0,coco-000000306893-000000255965,0.5060068766276041,151475541.33333334,0.4939931233723958,0.5060068766276041,0.7949480938226462,9.09011256823929,0.010291875895169196,0.03911252966706039,0.0,
,,0.0,gaussian:5,43.667100953300654,0.9825500247826447,,,"{""S2_HEADER_VALID_PARTIAL"":3}",B2,3,0,coco-000000306893-000000255965,0.6291554768880209,151440042.66666666,0.3708445231119792,0.6291554768880209,0.8256287878818198,9.97866048956899,0.03397535351569642,0.0323771866660536,0.0,
,,0.0,jpeg:50,43.66710095330065,0.9825500247826447,,,"{""S2_HEADER_VALID_PARTIAL"":1}",B2,1,0,coco-000000306893-000000255965,0.491790771484375,151384064.0,0.508209228515625,0.491790771484375,0.39243280368362765,6.893731146422698,0.006766454016968671,0.021246853000775445,0.0,
,,0.0,jpeg:70,43.66710095330065,0.9825500247826447,,,"{""S2_HEADER_VALID_PARTIAL"":1}",B2,1,0,coco-000000306893-000000255965,0.47320556640625,153710592.0,0.52679443359375,0.47320556640625,0.4930503957815859,7.304546109407106,-0.003648726244130027,0.01617415200053074,0.0,
,,0.0,jpeg:90,43.66710095330065,0.9825500247826447,,,"{""S2_HEADER_VALID_PARTIAL"":1}",B2,1,0,coco-000000306893-000000255965,0.7077713012695312,153841664.0,0.29222869873046875,0.7077713012695312,0.9352179168471301,15.31729675066746,0.44995587873415455,0.010926830000244081,0.0,
,,0.0,salt_pepper:0.01,43.667100953300654,0.9825500247826447,,,"{""S2_HEADER_VALID_PARTIAL"":3}",B2,3,0,coco-000000306893-000000255965,0.758087158203125,152831317.33333334,0.241912841796875,0.758087158203125,0.8724657238978364,11.593839892892904,0.0776530265295954,0.02312884900008309,0.0,
,,0.0,salt_pepper:0.03,43.667100953300654,0.9825500247826447,,,"{""S2_HEADER_VALID_PARTIAL"":3}",B2,3,0,coco-000000306893-000000255965,0.5767364501953125,152794453.33333334,0.4232635498046875,0.5767364501953125,0.8136030822273644,9.640908279575802,0.025273326638910586,0.016261468999194523,0.0,
,,0.0,salt_pepper:0.05,43.667100953300654,0.9825500247826447,,,"{""S2_HEADER_VALID_PARTIAL"":3}",B2,3,0,coco-000000306893-000000255965,0.5230433146158854,151277568.0,0.47695668538411456,0.5230433146158854,0.799975574227226,9.243758066451873,0.015882612621472402,0.011135818333059433,0.0,
0.0,1.0,1.0,clean,45.000009005482426,0.987519073330589,0.0,1.0,"{""S0_COMPLETE"":1}",C0,1,0,coco-000000306893-000000255965,1.0,154238976.0,0.0003912574203993524,1.0,1.0000000000000002,,1.0,2.5223735830004443,0.0,1.0
,0.0,0.0,gaussian:10,45.00000900548243,0.987519073330589,,0.0,"{""S4_HEADER_FAILURE"":3}",C0,3,0,coco-000000306893-000000255965,0.0,151825066.66666666,0.32212178449361395,,,,,2.310447205999784,1.0,0.0
,0.0,0.0,gaussian:15,45.00000900548243,0.987519073330589,,0.0,"{""S4_HEADER_FAILURE"":3}",C0,3,0,coco-000000306893-000000255965,0.0,151737685.33333334,0.35210319601846857,,,,,2.3160374066659037,1.0,0.0
,0.0,0.0,gaussian:5,45.00000900548243,0.987519073330589,,0.0,"{""S4_HEADER_FAILURE"":3}",C0,3,0,coco-000000306893-000000255965,0.0,151273472.0,0.25893296156383044,,,,,2.2742881853337167,1.0,0.0
,0.0,0.0,jpeg:50,45.000009005482426,0.987519073330589,,0.0,"{""S4_HEADER_FAILURE"":1}",C0,1,0,coco-000000306893-000000255965,0.0,153399296.0,0.4701340169095161,,,,,2.0073667990000104,1.0,0.0
,0.0,0.0,jpeg:70,45.000009005482426,0.987519073330589,,0.0,"{""S4_HEADER_FAILURE"":1}",C0,1,0,coco-000000306893-000000255965,0.0,151863296.0,0.445201475085447,,,,,2.1318377040006453,1.0,0.0
,0.0,0.0,jpeg:90,45.000009005482426,0.987519073330589,,0.0,"{""S4_HEADER_FAILURE"":1}",C0,1,0,coco-000000306893-000000255965,0.0,151965696.0,0.35234754452239614,,,,,2.548122373998922,1.0,0.0
,0.0,0.0,salt_pepper:0.01,45.00000900548243,0.987519073330589,,0.0,"{""S4_HEADER_FAILURE"":3}",C0,3,0,coco-000000306893-000000255965,0.0,152352085.33333334,0.1652365533369311,,,,,2.3064913206665856,1.0,0.0
,0.0,0.0,salt_pepper:0.03,45.00000900548243,0.987519073330589,,0.0,"{""S4_HEADER_FAILURE"":3}",C0,3,0,coco-000000306893-000000255965,0.0,152189610.66666666,0.3231051747916292,,,,,2.0492047630001857,1.0,0.0
,0.0,0.0,salt_pepper:0.05,45.00000900548243,0.987519073330589,,0.0,"{""S4_HEADER_FAILURE"":3}",C0,3,0,coco-000000306893-000000255965,0.0,153433429.33333334,0.39840049169514896,,,,,1.7576362466661521,1.0,0.0
0.0,1.0,1.0,clean,45.000025119199364,0.9874053373609217,0.0,1.0,"{""S0_COMPLETE"":1}",C1,1,0,coco-000000306893-000000255965,1.0,154238976.0,0.0003597769382982551,1.0,1.0000000000000002,,1.0,2.4087238459997025,0.0,1.0
,0.0,0.0,gaussian:10,45.000025119199364,0.9874053373609217,,0.0,"{""S4_HEADER_FAILURE"":3}",C1,3,0,coco-000000306893-000000255965,0.0,151755434.66666666,0.3223556395035079,,,,,1.6829102193338865,1.0,0.0
,0.0,0.0,gaussian:15,45.000025119199364,0.9874053373609217,,0.0,"{""S4_HEADER_FAILURE"":3}",C1,3,0,coco-000000306893-000000255965,0.0,152322048.0,0.35199076572525034,,,,,1.9943738320004438,1.0,0.0
,0.0,0.0,gaussian:5,45.000025119199364,0.9874053373609217,,0.0,"{""S4_HEADER_FAILURE"":3}",C1,3,0,coco-000000306893-000000255965,0.0,151718570.66666666,0.25914732865623313,,,,,1.7879610283337872,1.0,0.0
,0.0,0.0,jpeg:50,45.000025119199364,0.9874053373609217,,0.0,"{""S4_HEADER_FAILURE"":1}",C1,1,0,coco-000000306893-000000255965,0.0,151900160.0,0.4675796006475985,,,,,1.6868117429985432,1.0,0.0
,0.0,0.0,jpeg:70,45.000025119199364,0.9874053373609217,,0.0,"{""S4_HEADER_FAILURE"":1}",C1,1,0,coco-000000306893-000000255965,0.0,151953408.0,0.442521136895125,,,,,1.778787133998776,1.0,0.0
,0.0,0.0,jpeg:90,45.000025119199364,0.9874053373609217,,0.0,"{""S4_HEADER_FAILURE"":1}",C1,1,0,coco-000000306893-000000255965,0.0,151875584.0,0.3449406368051808,,,,,1.7007841809991078,1.0,0.0
,0.0,0.0,salt_pepper:0.01,45.000025119199364,0.9874053373609217,,0.0,"{""S4_HEADER_FAILURE"":3}",C1,3,0,coco-000000306893-000000255965,0.0,152009386.66666666,0.16540295017089404,,,,,1.8378967566665476,1.0,0.0
,0.0,0.0,salt_pepper:0.03,45.000025119199364,0.9874053373609217,,0.0,"{""S4_HEADER_FAILURE"":3}",C1,3,0,coco-000000306893-000000255965,0.0,152922794.66666666,0.3245547760388559,,,,,1.8157080523330176,1.0,0.0
,0.0,0.0,salt_pepper:0.05,45.000025119199364,0.9874053373609217,,0.0,"{""S4_HEADER_FAILURE"":3}",C1,3,0,coco-000000306893-000000255965,0.0,152334336.0,0.3994363494633328,,,,,1.6468373116664832,1.0,0.0
0.0,1.0,1.0,clean,45.000025119199364,0.9875427421322935,0.0,1.0,"{""S0_COMPLETE"":1}",C2,1,0,coco-000000306893-000000255965,1.0,152600576.0,0.0003148048210109732,1.0,1.0000000000000002,,1.0,2.1128573380010494,0.0,1.0
,0.0,0.0,gaussian:10,45.000025119199364,0.9875427421322934,,0.0,"{""S4_HEADER_FAILURE"":3}",C2,3,0,coco-000000306893-000000255965,0.0,152216917.33333334,0.3229297835342088,,,,,1.645750952333401,1.0,0.0
,0.0,0.0,gaussian:15,45.000025119199364,0.9875427421322934,,0.0,"{""S4_HEADER_FAILURE"":3}",C2,3,0,coco-000000306893-000000255965,0.0,151277568.0,0.3511722731906218,,,,,1.7389604880002782,1.0,0.0
,0.0,0.0,gaussian:5,45.000025119199364,0.9875427421322934,,0.0,"{""S4_HEADER_FAILURE"":3}",C2,3,0,coco-000000306893-000000255965,0.0,151755434.66666666,0.25876356658871497,,,,,1.6768413066662713,1.0,0.0
,0.0,0.0,jpeg:50,45.000025119199364,0.9875427421322935,,0.0,"{""S4_HEADER_FAILURE"":1}",C2,1,0,coco-000000306893-000000255965,0.0,154238976.0,0.4692435689872279,,,,,1.7354861160001747,1.0,0.0
,0.0,0.0,jpeg:70,45.000025119199364,0.9875427421322935,,0.0,"{""S4_HEADER_FAILURE"":1}",C2,1,0,coco-000000306893-000000255965,0.0,151953408.0,0.4470183486238532,,,,,1.7640241730005073,1.0,0.0
,0.0,0.0,jpeg:90,45.000025119199364,0.9875427421322935,,0.0,"{""S4_HEADER_FAILURE"":1}",C2,1,0,coco-000000306893-000000255965,0.0,151900160.0,0.3512951969778737,,,,,1.70296399200015,1.0,0.0
,0.0,0.0,salt_pepper:0.01,45.000025119199364,0.9875427421322934,,0.0,"{""S4_HEADER_FAILURE"":3}",C2,3,0,coco-000000306893-000000255965,0.0,153023829.33333334,0.16580919829705582,,,,,1.5562864053335943,1.0,0.0
,0.0,0.0,salt_pepper:0.03,45.000025119199364,0.9875427421322934,,0.0,"{""S4_HEADER_FAILURE"":3}",C2,3,0,coco-000000306893-000000255965,0.0,152364373.33333334,0.323499430353181,,,,,1.8344152510004885,1.0,0.0
,0.0,0.0,salt_pepper:0.05,45.000025119199364,0.9875427421322934,,0.0,"{""S4_HEADER_FAILURE"":3}",C2,3,0,coco-000000306893-000000255965,0.0,152657920.0,0.397517539125742,,,,,1.8715196270004526,1.0,0.0
0.0,1.0,1.0,clean,45.000000948646374,0.9874133989113361,0.0,1.0,"{""S0_COMPLETE"":1}",C3,1,0,coco-000000306893-000000255965,1.0,152248320.0,0.00037776578521316783,1.0,1.0000000000000002,,1.0,2.396638947999236,0.0,1.0
,0.0,0.0,gaussian:10,45.000000948646374,0.9874133989113361,,0.0,"{""S4_HEADER_FAILURE"":3}",C3,3,0,coco-000000306893-000000255965,0.0,152846336.0,0.32232116088025425,,,,,2.2597902216663592,1.0,0.0
,0.0,0.0,gaussian:15,45.000000948646374,0.9874133989113361,,0.0,"{""S4_HEADER_FAILURE"":3}",C3,3,0,coco-000000306893-000000255965,0.0,152225109.33333334,0.3521316783594172,,,,,2.42063319200012,1.0,0.0
,0.0,0.0,gaussian:5,45.000000948646374,0.9874133989113361,,0.0,"{""S4_HEADER_FAILURE"":3}",C3,3,0,coco-000000306893-000000255965,0.0,151744512.0,0.259492114888769,,,,,2.454859011333004,1.0,0.0
,0.0,0.0,jpeg:50,45.000000948646374,0.9874133989113361,,0.0,"{""S4_HEADER_FAILURE"":1}",C3,1,0,coco-000000306893-000000255965,0.0,151052288.0,0.46701744918150745,,,,,2.2047045810013515,1.0,0.0
,0.0,0.0,jpeg:70,45.000000948646374,0.9874133989113361,,0.0,"{""S4_HEADER_FAILURE"":1}",C3,1,0,coco-000000306893-000000255965,0.0,154238976.0,0.441347364633927,,,,,1.8834087000013824,1.0,0.0
,0.0,0.0,jpeg:90,45.000000948646374,0.9874133989113361,,0.0,"{""S4_HEADER_FAILURE"":1}",C3,1,0,coco-000000306893-000000255965,0.0,151965696.0,0.34321370750134916,,,,,2.075367847999587,1.0,0.0
,0.0,0.0,salt_pepper:0.01,45.000000948646374,0.9874133989113361,,0.0,"{""S4_HEADER_FAILURE"":3}",C3,3,0,coco-000000306893-000000255965,0.0,152633344.0,0.16488427175151407,,,,,3.0369638439994255,1.0,0.0
,0.0,0.0,salt_pepper:0.03,45.000000948646374,0.9874133989113361,,0.0,"{""S4_HEADER_FAILURE"":3}",C3,3,0,coco-000000306893-000000255965,0.0,152817664.0,0.3246642081909216,,,,,2.8687840003331075,1.0,0.0
,0.0,0.0,salt_pepper:0.05,45.000000948646374,0.9874133989113361,,0.0,"{""S4_HEADER_FAILURE"":3}",C3,3,0,coco-000000306893-000000255965,0.0,151561557.33333334,0.3984739461533849,,,,,2.4368420226668,1.0,0.0
0.0,1.0,1.0,clean,45.000009005482426,0.9874275385222471,0.0,1.0,"{""S0_COMPLETE"":1}",C3_NP,1,0,coco-000000306893-000000255965,1.0,151875584.0,0.00038226299694189603,1.0,1.0000000000000002,,1.0,2.2950731130003987,0.0,1.0
,0.0,0.0,gaussian:10,45.00000900548243,0.9874275385222471,,0.0,"{""S4_HEADER_FAILURE"":3}",C3_NP,3,0,coco-000000306893-000000255965,0.0,151534250.66666666,0.3226974275948911,,,,,1.8049201823335654,1.0,0.0
,0.0,0.0,gaussian:15,45.00000900548243,0.9874275385222471,,0.0,"{""S4_HEADER_FAILURE"":3}",C3_NP,3,0,coco-000000306893-000000255965,0.0,152189610.66666666,0.3522965761228039,,,,,1.7062677343340813,1.0,0.0
,0.0,0.0,gaussian:5,45.00000900548243,0.9874275385222471,,0.0,"{""S4_HEADER_FAILURE"":3}",C3_NP,3,0,coco-000000306893-000000255965,0.0,153044309.33333334,0.25964202194639324,,,,,1.9541530626671981,1.0,0.0
,0.0,0.0,jpeg:50,45.000009005482426,0.9874275385222471,,0.0,"{""S4_HEADER_FAILURE"":1}",C3_NP,1,0,coco-000000306893-000000255965,0.0,152248320.0,0.46565929123943156,,,,,1.7758491819986375,1.0,0.0
,0.0,0.0,jpeg:70,45.000009005482426,0.9874275385222471,,0.0,"{""S4_HEADER_FAILURE"":1}",C3_NP,1,0,coco-000000306893-000000255965,0.0,150831104.0,0.4416846555135816,,,,,1.9020486800000072,1.0,0.0
,0.0,0.0,jpeg:90,45.000009005482426,0.9874275385222471,,0.0,"{""S4_HEADER_FAILURE"":1}",C3_NP,1,0,coco-000000306893-000000255965,0.0,151900160.0,0.3427415002698327,,,,,1.78912520799895,1.0,0.0
,0.0,0.0,salt_pepper:0.01,45.00000900548243,0.9874275385222471,,0.0,"{""S4_HEADER_FAILURE"":3}",C3_NP,3,0,coco-000000306893-000000255965,0.0,152685226.66666666,0.16489476524554778,,,,,2.1309762013333966,1.0,0.0
,0.0,0.0,salt_pepper:0.03,45.00000900548243,0.9874275385222471,,0.0,"{""S4_HEADER_FAILURE"":3}",C3_NP,3,0,coco-000000306893-000000255965,0.0,152918698.66666666,0.32464472027343044,,,,,2.7184872576666144,1.0,0.0
,0.0,0.0,salt_pepper:0.05,45.00000900548243,0.9874275385222471,,0.0,"{""S4_HEADER_FAILURE"":3}",C3_NP,3,0,coco-000000306893-000000255965,0.0,151535616.0,0.39957876116807584,,,,,2.2515911076661723,1.0,0.0
,,1.0,clean,45.74873520362634,0.9899346674055486,,,"{""S0_COMPLETE"":1}",B1,1,0,coco-000000315492-000000492282,1.0,154931200.0,0.0,1.0,0.9999999999999999,,1.0,0.0034999859999516048,0.0,
,,0.0,gaussian:10,45.748735203626346,0.9899346674055486,,,"{""S2_HEADER_VALID_PARTIAL"":3}",B1,3,0,coco-000000315492-000000492282,0.5110015869140625,156611925.33333334,0.4889984130859375,0.5110015869140625,0.7463993557090945,8.241549557360807,0.01164109619762172,0.00941412299956331,0.0,
,,0.0,gaussian:15,45.748735203626346,0.9899346674055486,,,"{""S2_HEADER_VALID_PARTIAL"":3}",B1,3,0,coco-000000315492-000000492282,0.5056966145833334,156805802.66666666,0.4943033854166667,0.5056966145833334,0.7442737428427139,8.18228324728483,0.009632086333732645,0.009697034000055282,0.0,
,,0.0,gaussian:5,45.748735203626346,0.9899346674055486,,,"{""S2_HEADER_VALID_PARTIAL"":3}",B1,3,0,coco-000000315492-000000492282,0.5352147420247396,156704768.0,0.46478525797526044,0.5352147420247396,0.755188003022969,8.540776150139246,0.01963317681750923,0.008939429333016355,0.0,
,,0.0,jpeg:50,45.74873520362634,0.9899346674055486,,,"{""S2_HEADER_VALID_PARTIAL"":1}",B1,1,0,coco-000000315492-000000492282,0.502288818359375,154931200.0,0.497711181640625,0.502288818359375,0.7419046274777951,8.320447070621661,0.010042851945230117,0.00590955000006943,0.0,
,,0.0,jpeg:70,45.74873520362634,0.9899346674055486,,,"{""S2_HEADER_VALID_PARTIAL"":1}",B1,1,0,coco-000000315492-000000492282,0.5077972412109375,156487680.0,0.4922027587890625,0.5077972412109375,0.7500235910514312,8.397304221815382,0.010310463365980889,0.004959427998983301,0.0,
,,0.0,jpeg:90,45.74873520362634,0.9899346674055486,,,"{""S2_HEADER_VALID_PARTIAL"":1}",B1,1,0,coco-000000315492-000000492282,0.5267562866210938,154931200.0,0.47324371337890625,0.5267562866210938,0.7527645245921283,8.611393414546013,0.01958727213225885,0.00705714200012153,0.0,
,,0.0,salt_pepper:0.01,45.748735203626346,0.9899346674055486,,,"{""S2_HEADER_VALID_PARTIAL"":3}",B1,3,0,coco-000000315492-000000492282,0.9950307210286459,156611925.33333334,0.004969278971354167,0.9950307210286459,0.9937453629137937,26.25640198164024,0.8513609734170725,0.007024135333267623,0.0,
,,0.0,salt_pepper:0.03,45.748735203626346,0.9899346674055486,,,"{""S2_HEADER_VALID_PARTIAL"":3}",B1,3,0,coco-000000315492-000000492282,0.984954833984375,156805802.66666666,0.015045166015625,0.984954833984375,0.9824699038424761,21.702022200850532,0.6463842651905773,0.007313129666120706,0.0,
,,0.0,salt_pepper:0.05,45.748735203626346,0.9899346674055486,,,"{""S2_HEADER_VALID_PARTIAL"":3}",B1,3,0,coco-000000315492-000000492282,0.9748789469401041,156611925.33333334,0.025121053059895832,0.9748789469401041,0.9709063007157894,19.418026847019934,0.5069726162639094,0.005843090333655709,0.0,
,,1.0,clean,45.44710654931805,0.985199672566349,,,"{""S0_COMPLETE"":1}",B2,1,0,coco-000000315492-000000492282,1.0,154034176.0,0.0,1.0,0.9999999999999999,,1.0,0.008394553999096388,0.0,
,,0.0,gaussian:10,45.44710654931805,0.985199672566349,,,"{""S2_HEADER_VALID_PARTIAL"":3}",B2,3,0,coco-000000315492-000000492282,0.505615234375,155871914.66666666,0.494384765625,0.505615234375,0.7426819663434309,8.261620413998312,0.008961015482265905,0.010871655333176022,0.0,
,,0.0,gaussian:15,45.44710654931805,0.985199672566349,,,"{""S2_HEADER_VALID_PARTIAL"":3}",B2,3,0,coco-000000315492-000000492282,0.5005416870117188,155570176.0,0.49945831298828125,0.5005416870117188,0.741292494347264,8.227512864615802,0.010035390177985376,0.011809584000123627,0.0,
,,0.0,gaussian:5,45.44710654931805,0.985199672566349,,,"{""S2_HEADER_VALID_PARTIAL"":3}",B2,3,0,coco-000000315492-000000492282,0.5569025675455729,156545024.0,0.44309743245442706,0.5569025675455729,0.7585289530009708,8.69269777474529,0.023050485156618828,0.015633226999246592,0.0,
,,0.0,jpeg:50,45.44710654931805,0.985199672566349,,,"{""S2_HEADER_VALID_PARTIAL"":1}",B2,1,0,coco-000000315492-000000492282,0.5069732666015625,156487680.0,0.4930267333984375,0.5069732666015625,0.45488928036759035,8.226959881227849,0.010551312184999473,0.013498813999831327,0.0,
,,0.0,jpeg:70,45.44710654931805,0.985199672566349,,,"{""S2_HEADER_VALID_PARTIAL"":1}",B2,1,0,coco-000000315492-000000492282,0.47150421142578125,156790784.0,0.5284957885742188,0.47150421142578125,0.43101048481797277,7.52194742397479,-0.0077002087114104835,0.011605140000028769,0.0,
,,0.0,jpeg:90,45.44710654931805,0.985199672566349,,,"{""S2_HEADER_VALID_PARTIAL"":1}",B2,1,0,coco-000000315492-000000492282,0.6317977905273438,157339648.0,0.36820220947265625,0.6317977905273438,0.8900957263239218,13.857257479421614,0.2679140531417682,0.012601582000570488,0.0,
,,0.0,salt_pepper:0.01,45.44710654931805,0.985199672566349,,,"{""S2_HEADER_VALID_PARTIAL"":3}",B2,3,0,coco-000000315492-000000492282,0.7654571533203125,157231786.66666666,0.2345428466796875,0.7654571533203125,0.8465360018020492,11.355916698652317,0.09617516839400042,0.009321372333943145,0.0,
,,0.0,salt_pepper:0.03,45.44710654931805,0.985199672566349,,,"{""S2_HEADER_VALID_PARTIAL"":3}",B2,3,0,coco-000000315492-000000492282,0.5726038614908854,156184576.0,0.42739613850911456,0.5726038614908854,0.7673013432214457,8.895984767661798,0.031427858300620594,0.011028801999903711,0.0,
,,0.0,salt_pepper:0.05,45.44710654931805,0.985199672566349,,,"{""S2_HEADER_VALID_PARTIAL"":3}",B2,3,0,coco-000000315492-000000492282,0.5220133463541666,154942122.66666666,0.4779866536458333,0.5220133463541666,0.7493007106417013,8.469498495309482,0.017632368419108375,0.013605120000041401,0.0,
0.0,1.0,1.0,clean,45.00001706233342,0.9832526816003733,0.0,1.0,"{""S0_COMPLETE"":1}",C0,1,0,coco-000000315492-000000492282,1.0,157753344.0,8.994423457456377e-06,1.0,0.9999999999999999,,1.0,3.060136219999549,0.0,1.0
,0.0,0.0,gaussian:10,45.00001706233342,0.9832526816003733,,0.0,"{""S4_HEADER_FAILURE"":3}",C0,3,0,coco-000000315492-000000492282,0.0,156884992.0,0.3213047910295617,,,,,2.2100063439999453,1.0,0.0
,0.0,0.0,gaussian:15,45.00001706233342,0.9832526816003733,,0.0,"{""S4_HEADER_FAILURE"":3}",C0,3,0,coco-000000315492-000000492282,0.0,155871914.66666666,0.3530101337170954,,,,,2.0192448470000577,1.0,0.0
,0.0,0.0,gaussian:5,45.00001706233342,0.9832526816003733,,0.0,"{""S4_HEADER_FAILURE"":3}",C0,3,0,coco-000000315492-000000492282,0.0,155627520.0,0.2578731186664268,,,,,2.061020803333425,1.0,0.0
,0.0,0.0,jpeg:50,45.00001706233342,0.9832526816003733,,0.0,"{""S4_HEADER_FAILURE"":1}",C0,1,0,coco-000000315492-000000492282,0.0,155615232.0,0.4748381003777658,,,,,2.067474053999831,1.0,0.0
,0.0,0.0,jpeg:70,45.00001706233342,0.9832526816003733,,0.0,"{""S4_HEADER_FAILURE"":1}",C0,1,0,coco-000000315492-000000492282,0.0,156495872.0,0.4513221802482461,,,,,2.602936072000375,1.0,0.0
,0.0,0.0,jpeg:90,45.00001706233342,0.9832526816003733,,0.0,"{""S4_HEADER_FAILURE"":1}",C0,1,0,coco-000000315492-000000492282,0.0,156786688.0,0.3514346105414643,,,,,2.104604640000616,1.0,0.0
,0.0,0.0,salt_pepper:0.01,45.00001706233342,0.9832526816003733,,0.0,"{""S4_HEADER_FAILURE"":3}",C0,3,0,coco-000000315492-000000492282,0.0,156157269.33333334,0.15398752773280566,,,,,2.0610534829999474,1.0,0.0
,0.0,0.0,salt_pepper:0.03,45.00001706233342,0.9832526816003733,,0.0,"{""S4_HEADER_FAILURE"":3}",C0,3,0,coco-000000315492-000000492282,0.0,157347840.0,0.315007195538766,,,,,1.9140165126670279,1.0,0.0
,0.0,0.0,salt_pepper:0.05,45.00001706233342,0.9832526816003733,,0.0,"{""S4_HEADER_FAILURE"":3}",C0,3,0,coco-000000315492-000000492282,0.0,156468565.33333334,0.3882397913293758,,,,,1.8973459063327027,1.0,0.0
0.0,1.0,1.0,clean,45.00001706233342,0.9834870902570194,0.0,1.0,"{""S0_COMPLETE"":1}",C1,1,0,coco-000000315492-000000492282,1.0,156786688.0,4.497211728728188e-06,1.0,0.9999999999999999,,1.0,2.112110931000643,0.0,1.0
,0.0,0.0,gaussian:10,45.00001706233342,0.9834870902570194,,0.0,"{""S4_HEADER_FAILURE"":3}",C1,3,0,coco-000000315492-000000492282,0.0,155680768.0,0.3220992984349703,,,,,2.1012046826660176,1.0,0.0
,0.0,0.0,gaussian:15,45.00001706233342,0.9834870902570194,,0.0,"{""S4_HEADER_FAILURE"":3}",C1,3,0,coco-000000315492-000000492282,0.0,155089578.66666666,0.35308358817533136,,,,,2.1811643683328534,1.0,0.0
,0.0,0.0,gaussian:5,45.00001706233342,0.9834870902570194,,0.0,"{""S4_HEADER_FAILURE"":3}",C1,3,0,coco-000000315492-000000492282,0.0,156824917.33333334,0.25870210469508903,,,,,2.2321256843333686,1.0,0.0
,0.0,0.0,jpeg:50,45.00001706233342,0.9834870902570194,,0.0,"{""S4_HEADER_FAILURE"":1}",C1,1,0,coco-000000315492-000000492282,0.0,155951104.0,0.47232865623313547,,,,,2.220079059999989,1.0,0.0
,0.0,0.0,jpeg:70,45.00001706233342,0.9834870902570194,,0.0,"{""S4_HEADER_FAILURE"":1}",C1,1,0,coco-000000315492-000000492282,0.0,158806016.0,0.44660010793308147,,,,,2.3986729420012125,1.0,0.0
,0.0,0.0,jpeg:90,45.00001706233342,0.9834870902570194,,0.0,"{""S4_HEADER_FAILURE"":1}",C1,1,0,coco-000000315492-000000492282,0.0,155615232.0,0.34421658571685554,,,,,1.959571553999922,1.0,0.0
,0.0,0.0,salt_pepper:0.01,45.00001706233342,0.9834870902570194,,0.0,"{""S4_HEADER_FAILURE"":3}",C1,3,0,coco-000000315492-000000492282,0.0,157013333.33333334,0.15284673502428495,,,,,1.9937352416673093,1.0,0.0
,0.0,0.0,salt_pepper:0.03,45.00001706233342,0.9834870902570194,,0.0,"{""S4_HEADER_FAILURE"":3}",C1,3,0,coco-000000315492-000000492282,0.0,156693845.33333334,0.3163038915872159,,,,,2.215414300999934,1.0,0.0
,0.0,0.0,salt_pepper:0.05,45.00001706233342,0.9834870902570194,,0.0,"{""S4_HEADER_FAILURE"":3}",C1,3,0,coco-000000315492-000000492282,0.0,156714325.33333334,0.39169514900761526,,,,,2.736758858999868,1.0,0.0
0.0,1.0,1.0,clean,45.00001706233342,0.9832600404273709,0.0,1.0,"{""S0_COMPLETE"":1}",C2,1,0,coco-000000315492-000000492282,1.0,159100928.0,1.3491635186184566e-05,1.0,0.9999999999999999,,1.0,2.7935315710001305,0.0,1.0
,0.0,0.0,gaussian:10,45.00001706233342,0.9832600404273709,,0.0,"{""S4_HEADER_FAILURE"":3}",C2,3,0,coco-000000315492-000000492282,0.0,156489045.33333334,0.32041284403669723,,,,,3.0811426603340806,1.0,0.0
,0.0,0.0,gaussian:15,45.00001706233342,0.9832600404273709,,0.0,"{""S4_HEADER_FAILURE"":3}",C2,3,0,coco-000000315492-000000492282,0.0,156715690.66666666,0.35225909935839783,,,,,3.1216611446664806,1.0,0.0
,0.0,0.0,gaussian:5,45.00001706233342,0.9832600404273709,,0.0,"{""S4_HEADER_FAILURE"":3}",C2,3,0,coco-000000315492-000000492282,0.0,155252053.33333334,0.25834382682736706,,,,,2.565978323666665,1.0,0.0
,0.0,0.0,jpeg:50,45.00001706233342,0.9832600404273709,,0.0,"{""S4_HEADER_FAILURE"":1}",C2,1,0,coco-000000315492-000000492282,0.0,158806016.0,0.4749550278827127,,,,,2.5954512850003084,1.0,0.0
,0.0,0.0,jpeg:70,45.00001706233342,0.9832600404273709,,0.0,"{""S4_HEADER_FAILURE"":1}",C2,1,0,coco-000000315492-000000492282,0.0,154914816.0,0.45220363374707684,,,,,2.593166740000015,1.0,0.0
,0.0,0.0,jpeg:90,45.00001706233342,0.9832600404273709,,0.0,"{""S4_HEADER_FAILURE"":1}",C2,1,0,coco-000000315492-000000492282,0.0,155951104.0,0.35115578341428316,,,,,2.259126736998951,1.0,0.0
,0.0,0.0,salt_pepper:0.01,45.00001706233342,0.9832600404273709,,0.0,"{""S4_HEADER_FAILURE"":3}",C2,3,0,coco-000000315492-000000492282,0.0,156448085.33333334,0.15383162439287643,,,,,2.3432510646665228,1.0,0.0
,0.0,0.0,salt_pepper:0.03,45.00001706233342,0.9832600404273709,,0.0,"{""S4_HEADER_FAILURE"":3}",C2,3,0,coco-000000315492-000000492282,0.0,155859626.66666666,0.31424866582718713,,,,,2.628345639000448,1.0,0.0
,0.0,0.0,salt_pepper:0.05,45.00001706233342,0.9832600404273709,,0.0,"{""S4_HEADER_FAILURE"":3}",C2,3,0,coco-000000315492-000000492282,0.0,156362069.33333334,0.3885051268213708,,,,,2.8857853506669926,1.0,0.0
0.0,1.0,1.0,clean,45.00001706233342,0.9834820095001564,0.0,1.0,"{""S0_COMPLETE"":1}",C3,1,0,coco-000000315492-000000492282,1.0,156786688.0,3.148048210109732e-05,1.0,0.9999999999999999,,1.0,2.707914038001036,0.0,1.0
,0.0,0.0,gaussian:10,45.00001706233342,0.9834820095001563,,0.0,"{""S4_HEADER_FAILURE"":3}",C3,3,0,coco-000000315492-000000492282,0.0,156790784.0,0.32137974455837376,,,,,1.9552128769992123,1.0,0.0
,0.0,0.0,gaussian:15,45.00001706233342,0.9834820095001563,,0.0,"{""S4_HEADER_FAILURE"":3}",C3,3,0,coco-000000315492-000000492282,0.0,154696362.66666666,0.35326647478563294,,,,,1.7751298163335985,1.0,0.0
,0.0,0.0,gaussian:5,45.00001706233342,0.9834820095001563,,0.0,"{""S4_HEADER_FAILURE"":3}",C3,3,0,coco-000000315492-000000492282,0.0,157347840.0,0.2587470768123763,,,,,2.0278044216665876,1.0,0.0
,0.0,0.0,jpeg:50,45.00001706233342,0.9834820095001564,,0.0,"{""S4_HEADER_FAILURE"":1}",C3,1,0,coco-000000315492-000000492282,0.0,156487680.0,0.47177100197877314,,,,,2.2815669360006723,1.0,0.0
,0.0,0.0,jpeg:70,45.00001706233342,0.9834820095001564,,0.0,"{""S4_HEADER_FAILURE"":1}",C3,1,0,coco-000000315492-000000492282,0.0,159100928.0,0.44769293038316244,,,,,2.220711758000107,1.0,0.0
,0.0,0.0,jpeg:90,45.00001706233342,0.9834820095001564,,0.0,"{""S4_HEADER_FAILURE"":1}",C3,1,0,coco-000000315492-000000492282,0.0,157753344.0,0.3422827846735024,,,,,2.192234878999443,1.0,0.0
,0.0,0.0,salt_pepper:0.01,45.00001706233342,0.9834820095001563,,0.0,"{""S4_HEADER_FAILURE"":3}",C3,3,0,coco-000000315492-000000492282,0.0,155329877.33333334,0.15341638184325718,,,,,1.6677711263334156,1.0,0.0
,0.0,0.0,salt_pepper:0.03,45.00001706233342,0.9834820095001563,,0.0,"{""S4_HEADER_FAILURE"":3}",C3,3,0,coco-000000315492-000000492282,0.0,157084330.66666666,0.3149142531630389,,,,,1.6782477269995677,1.0,0.0
,0.0,0.0,salt_pepper:0.05,45.00001706233342,0.9834820095001563,,0.0,"{""S4_HEADER_FAILURE"":3}",C3,3,0,coco-000000315492-000000492282,0.0,157880320.0,0.39194999100557654,,,,,1.662864550666806,1.0,0.0
0.0,1.0,1.0,clean,45.000009005482426,0.9834740139850768,0.0,1.0,"{""S0_COMPLETE"":1}",C3_NP,1,0,coco-000000315492-000000492282,1.0,154914816.0,4.497211728728188e-06,1.0,0.9999999999999999,,1.0,2.735012127999653,0.0,1.0
,0.0,0.0,gaussian:10,45.00000900548243,0.9834740139850768,,0.0,"{""S4_HEADER_FAILURE"":3}",C3_NP,3,0,coco-000000315492-000000492282,0.0,156915029.33333334,0.32183696108412785,,,,,2.931924871000471,1.0,0.0
,0.0,0.0,gaussian:15,45.00000900548243,0.9834740139850768,,0.0,"{""S4_HEADER_FAILURE"":3}",C3_NP,3,0,coco-000000315492-000000492282,0.0,156506794.66666666,0.35208070995982493,,,,,2.9630463463333094,1.0,0.0
,0.0,0.0,gaussian:5,45.00000900548243,0.9834740139850768,,0.0,"{""S4_HEADER_FAILURE"":3}",C3_NP,3,0,coco-000000315492-000000492282,0.0,156943701.33333334,0.2593422078311447,,,,,3.068765956999414,1.0,0.0
,0.0,0.0,jpeg:50,45.000009005482426,0.9834740139850768,,0.0,"{""S4_HEADER_FAILURE"":1}",C3_NP,1,0,coco-000000315492-000000492282,0.0,156495872.0,0.47124033099478324,,,,,2.4367765560000407,1.0,0.0
,0.0,0.0,jpeg:70,45.000009005482426,0.9834740139850768,,0.0,"{""S4_HEADER_FAILURE"":1}",C3_NP,1,0,coco-000000315492-000000492282,0.0,154931200.0,0.44578161539845296,,,,,2.411237712000002,1.0,0.0
,0.0,0.0,jpeg:90,45.000009005482426,0.9834740139850768,,0.0,"{""S4_HEADER_FAILURE"":1}",C3_NP,1,0,coco-000000315492-000000492282,0.0,158806016.0,0.34252113689512503,,,,,2.5011107989994343,1.0,0.0
,0.0,0.0,salt_pepper:0.01,45.00000900548243,0.9834740139850768,,0.0,"{""S4_HEADER_FAILURE"":3}",C3_NP,3,0,coco-000000315492-000000492282,0.0,155563349.33333334,0.1538136355459615,,,,,2.4424141623330797,1.0,0.0
,0.0,0.0,salt_pepper:0.03,45.00000900548243,0.9834740139850768,,0.0,"{""S4_HEADER_FAILURE"":3}",C3_NP,3,0,coco-000000315492-000000492282,0.0,155918336.0,0.31597859327217126,,,,,2.0569285663326204,1.0,0.0
,0.0,0.0,salt_pepper:0.05,45.00000900548243,0.9834740139850768,,0.0,"{""S4_HEADER_FAILURE"":3}",C3_NP,3,0,coco-000000315492-000000492282,0.0,155792725.33333334,0.39115848174132034,,,,,2.23440692999975,1.0,0.0
,,1.0,clean,45.936754830792516,0.992651300219,,,"{""S0_COMPLETE"":1}",B1,1,0,coco-000000322211-000000495448,1.0,154034176.0,0.0,1.0,1.0000000000000002,,1.0,0.003055795001273509,0.0,
,,0.0,gaussian:10,45.936754830792516,0.9926513002189999,,,"{""S2_HEADER_VALID_PARTIAL"":3}",B1,3,0,coco-000000322211-000000495448,0.5058517456054688,157085696.0,0.49414825439453125,0.5058517456054688,0.8080757145504834,9.336991257749865,0.014429175297441615,0.03094982833378405,0.0,
,,0.0,gaussian:15,45.936754830792516,0.9926513002189999,,,"{""S2_HEADER_VALID_PARTIAL"":3}",B1,3,0,coco-000000322211-000000495448,0.5011800130208334,155896490.66666666,0.4988199869791667,0.5011800130208334,0.8075927375895309,9.280950523232631,0.010775731286360835,0.010088131333153191,0.0,
,,0.0,gaussian:5,45.936754830792516,0.9926513002189999,,,"{""S2_HEADER_VALID_PARTIAL"":3}",B1,3,0,coco-000000322211-000000495448,0.5306142171223959,157063850.66666666,0.4693857828776042,0.5306142171223959,0.8159729574046786,9.550140303870158,0.015542634213056258,0.00925540633337126,0.0,
,,0.0,jpeg:50,45.936754830792516,0.992651300219,,,"{""S2_HEADER_VALID_PARTIAL"":1}",B1,1,0,coco-000000322211-000000495448,0.49771881103515625,156286976.0,0.5022811889648438,0.49771881103515625,0.8026148254716612,9.238070134742843,0.006077197665789101,0.01423731599970779,0.0,
,,0.0,jpeg:70,45.936754830792516,0.992651300219,,,"{""S2_HEADER_VALID_PARTIAL"":1}",B1,1,0,coco-000000322211-000000495448,0.5011978149414062,156487680.0,0.49880218505859375,0.5011978149414062,0.803290199062956,9.211582355568206,0.006980025077023709,0.03070718399976613,0.0,
,,0.0,jpeg:90,45.936754830792516,0.992651300219,,,"{""S2_HEADER_VALID_PARTIAL"":1}",B1,1,0,coco-000000322211-000000495448,0.5042190551757812,158416896.0,0.49578094482421875,0.5042190551757812,0.8099865744182155,9.330561978481724,0.013923134696627797,0.013662884999575908,0.0,
,,0.0,salt_pepper:0.01,45.936754830792516,0.9926513002189999,,,"{""S2_HEADER_VALID_PARTIAL"":3}",B1,3,0,coco-000000322211-000000495448,0.9951705932617188,155759957.33333334,0.00482940673828125,0.9951705932617188,0.9958341009075564,26.79664930150678,0.8208730238460838,0.008387118000124852,0.0,
,,0.0,salt_pepper:0.03,45.936754830792516,0.9926513002189999,,,"{""S2_HEADER_VALID_PARTIAL"":3}",B1,3,0,coco-000000322211-000000495448,0.9850260416666666,156606464.0,0.014973958333333334,0.9850260416666666,0.9878792539965969,22.11382639126694,0.5973635671625498,0.010823108999829856,0.0,
,,0.0,salt_pepper:0.05,45.936754830792516,0.9926513002189999,,,"{""S2_HEADER_VALID_PARTIAL"":3}",B1,3,0,coco-000000322211-000000495448,0.9748026529947916,157615445.33333334,0.025197347005208332,0.9748026529947916,0.979931792218756,19.877992864106933,0.46291386517214533,0.013633020999501847,0.0,
,,1.0,clean,44.85362947221347,0.9893938607642428,,,"{""S0_COMPLETE"":1}",B2,1,0,coco-000000322211-000000495448,1.0,154439680.0,0.0,1.0,1.0000000000000002,,1.0,0.005055838999396656,0.0,
,,0.0,gaussian:10,44.85362947221347,0.9893938607642428,,,"{""S2_HEADER_VALID_PARTIAL"":3}",B2,3,0,coco-000000322211-000000495448,0.5105489095052084,155936085.33333334,0.4894510904947917,0.5105489095052084,0.804560370571779,9.278696493893305,0.01318388755751268,0.024499210332578514,0.0,
,,0.0,gaussian:15,44.85362947221347,0.9893938607642428,,,"{""S2_HEADER_VALID_PARTIAL"":3}",B2,3,0,coco-000000322211-000000495448,0.49998219807942706,158774613.33333334,0.5000178019205729,0.49998219807942706,0.8040339520826759,9.239535152549456,0.009479996861882011,0.020079372333081363,0.0,
,,0.0,gaussian:5,44.85362947221347,0.9893938607642428,,,"{""S2_HEADER_VALID_PARTIAL"":3}",B2,3,0,coco-000000322211-000000495448,0.5782368977864584,157379242.66666666,0.4217631022135417,0.5782368977864584,0.8200059186710998,9.678880577200218,0.026156338385496632,0.012821636666558334,0.0,
,,0.0,jpeg:50,44.85362947221347,0.9893938607642428,,,"{""S2_HEADER_VALID_PARTIAL"":1}",B2,1,0,coco-000000322211-000000495448,0.5041732788085938,156286976.0,0.49582672119140625,0.5041732788085938,0.4878458670232326,7.153705049601592,0.006941865821534289,0.008222063999710372,0.0,
,,0.0,jpeg:70,44.85362947221347,0.9893938607642428,,,"{""S2_HEADER_VALID_PARTIAL"":1}",B2,1,0,coco-000000322211-000000495448,0.47429656982421875,154034176.0,0.5257034301757812,0.47429656982421875,0.5457864863339994,7.290527079465152,0.002969619719175259,0.00894259600136138,0.0,
,,0.0,jpeg:90,44.85362947221347,0.9893938607642428,,,"{""S2_HEADER_VALID_PARTIAL"":1}",B2,1,0,coco-000000322211-000000495448,0.6343460083007812,156487680.0,0.36565399169921875,0.6343460083007812,0.8930000113755739,12.62413262287076,0.19951646432977682,0.021812719000081415,0.0,
,,0.0,salt_pepper:0.01,44.85362947221347,0.9893938607642428,,,"{""S2_HEADER_VALID_PARTIAL"":3}",B2,3,0,coco-000000322211-000000495448,0.7594782511393229,155312128.0,0.2405217488606771,0.7594782511393229,0.8787377697801445,11.611052017938421,0.08623088583314391,0.015100913666780494,0.0,
,,0.0,salt_pepper:0.03,44.85362947221347,0.9893938607642428,,,"{""S2_HEADER_VALID_PARTIAL"":3}",B2,3,0,coco-000000322211-000000495448,0.5630722045898438,156385280.0,0.43692779541015625,0.5630722045898438,0.8200353807933315,9.65201918375877,0.026754012621646967,0.012119724333388149,0.0,
,,0.0,salt_pepper:0.05,44.85362947221347,0.9893938607642428,,,"{""S2_HEADER_VALID_PARTIAL"":3}",B2,3,0,coco-000000322211-000000495448,0.5162429809570312,157448874.66666666,0.48375701904296875,0.5162429809570312,0.8077822114532093,9.327777940933133,0.010660347041393297,0.012220215334309614,0.0,
0.0,1.0,1.0,clean,45.000009005482426,0.9897954231314777,0.0,1.0,"{""S0_COMPLETE"":1}",C0,1,0,coco-000000322211-000000495448,1.0,157339648.0,0.0,1.0,1.0000000000000002,,1.0,2.914447036999263,0.0,1.0
,0.0,0.0,gaussian:10,45.00000900548243,0.9897954231314777,,0.0,"{""S4_HEADER_FAILURE"":3}",C0,3,0,coco-000000322211-000000495448,0.0,156626944.0,0.3208235893745877,,,,,2.8475611006664017,1.0,0.0
,0.0,0.0,gaussian:15,45.00000900548243,0.9897954231314777,,0.0,"{""S4_HEADER_FAILURE"":3}",C0,3,0,coco-000000322211-000000495448,0.0,155605674.66666666,0.3525019487917491,,,,,2.5941051353323323,1.0,0.0
,0.0,0.0,gaussian:5,45.00000900548243,0.9897954231314777,,0.0,"{""S4_HEADER_FAILURE"":3}",C0,3,0,coco-000000322211-000000495448,0.0,156482218.66666666,0.25730497091803084,,,,,2.7651697636671693,1.0,0.0
,0.0,0.0,jpeg:50,45.000009005482426,0.9897954231314777,,0.0,"{""S4_HEADER_FAILURE"":1}",C0,1,0,coco-000000322211-000000495448,0.0,154931200.0,0.4725085447022846,,,,,2.875881587000549,1.0,0.0
,0.0,0.0,jpeg:70,45.000009005482426,0.9897954231314777,,0.0,"{""S4_HEADER_FAILURE"":1}",C0,1,0,coco-000000322211-000000495448,0.0,155840512.0,0.4527927684835402,,,,,2.2864959669987,1.0,0.0
,0.0,0.0,jpeg:90,45.000009005482426,0.9897954231314777,,0.0,"{""S4_HEADER_FAILURE"":1}",C0,1,0,coco-000000322211-000000495448,0.0,155951104.0,0.344688792948372,,,,,2.612136316998658,1.0,0.0
,0.0,0.0,salt_pepper:0.01,45.00000900548243,0.9897954231314777,,0.0,"{""S4_HEADER_FAILURE"":3}",C0,3,0,coco-000000322211-000000495448,0.0,157009237.33333334,0.16960934220783117,,,,,2.6267472993331467,1.0,0.0
,0.0,0.0,salt_pepper:0.03,45.00000900548243,0.9897954231314777,,0.0,"{""S4_HEADER_FAILURE"":3}",C0,3,0,coco-000000322211-000000495448,0.0,157319168.0,0.33195418840319,,,,,2.3349726626668903,1.0,0.0
,0.0,0.0,salt_pepper:0.05,45.00000900548243,0.9897954231314777,,0.0,"{""S4_HEADER_FAILURE"":3}",C0,3,0,coco-000000322211-000000495448,0.0,156265130.66666666,0.40268033819032195,,,,,1.8491714766672278,1.0,0.0
0.0,1.0,1.0,clean,45.000009005482426,0.9898315202732173,0.0,1.0,"{""S0_COMPLETE"":1}",C1,1,0,coco-000000322211-000000495448,1.0,154034176.0,0.0,1.0,1.0000000000000002,,1.0,2.0381318729996565,0.0,1.0
,0.0,0.0,gaussian:10,45.00000900548243,0.9898315202732174,,0.0,"{""S4_HEADER_FAILURE"":3}",C1,3,0,coco-000000322211-000000495448,0.0,156053504.0,0.3214666906517959,,,,,1.7872833390004719,1.0,0.0
,0.0,0.0,gaussian:15,45.00000900548243,0.9898315202732174,,0.0,"{""S4_HEADER_FAILURE"":3}",C1,3,0,coco-000000322211-000000495448,0.0,157294592.0,0.35220663188822926,,,,,1.8966071673336653,1.0,0.0
,0.0,0.0,gaussian:5,45.00000900548243,0.9898315202732174,,0.0,"{""S4_HEADER_FAILURE"":3}",C1,3,0,coco-000000322211-000000495448,0.0,155866453.33333334,0.258652635366073,,,,,1.867643558999892,1.0,0.0
,0.0,0.0,jpeg:50,45.000009005482426,0.9898315202732173,,0.0,"{""S4_HEADER_FAILURE"":1}",C1,1,0,coco-000000322211-000000495448,0.0,155897856.0,0.4686409426155783,,,,,1.8521369909994974,1.0,0.0
,0.0,0.0,jpeg:70,45.000009005482426,0.9898315202732173,,0.0,"{""S4_HEADER_FAILURE"":1}",C1,1,0,coco-000000322211-000000495448,0.0,155951104.0,0.44684745457816155,,,,,1.8240499909989012,1.0,0.0
,0.0,0.0,jpeg:90,45.000009005482426,0.9898315202732173,,0.0,"{""S4_HEADER_FAILURE"":1}",C1,1,0,coco-000000322211-000000495448,0.0,157741056.0,0.33782604785033277,,,,,1.7083197040010418,1.0,0.0
,0.0,0.0,salt_pepper:0.01,45.00000900548243,0.9898315202732174,,0.0,"{""S4_HEADER_FAILURE"":3}",C1,3,0,coco-000000322211-000000495448,0.0,158101504.0,0.16834412664148227,,,,,1.8930040666661323,1.0,0.0
,0.0,0.0,salt_pepper:0.03,45.00000900548243,0.9898315202732174,,0.0,"{""S4_HEADER_FAILURE"":3}",C1,3,0,coco-000000322211-000000495448,0.0,155798186.66666666,0.33346525154404266,,,,,1.8607690629996796,1.0,0.0
,0.0,0.0,salt_pepper:0.05,45.00000900548243,0.9898315202732174,,0.0,"{""S4_HEADER_FAILURE"":3}",C1,3,0,coco-000000322211-000000495448,0.0,155871914.66666666,0.4052827247106794,,,,,1.9724034446668763,1.0,0.0
0.0,1.0,1.0,clean,45.000000948646374,0.9897881564168186,0.0,1.0,"{""S0_COMPLETE"":1}",C2,1,0,coco-000000322211-000000495448,1.0,155951104.0,0.0,1.0,1.0000000000000002,,1.0,2.3062105999997584,0.0,1.0
,0.0,0.0,gaussian:10,45.000000948646374,0.9897881564168186,,0.0,"{""S4_HEADER_FAILURE"":3}",C2,3,0,coco-000000322211-000000495448,0.0,156936874.66666666,0.3210559453139054,,,,,1.7855975513333153,1.0,0.0
,0.0,0.0,gaussian:15,45.000000948646374,0.9897881564168186,,0.0,"{""S4_HEADER_FAILURE"":3}",C2,3,0,coco-000000322211-000000495448,0.0,157293226.66666666,0.35233555195778615,,,,,1.7228896823338193,1.0,0.0
,0.0,0.0,gaussian:5,45.000000948646374,0.9897881564168186,,0.0,"{""S4_HEADER_FAILURE"":3}",C2,3,0,coco-000000322211-000000495448,0.0,155531946.66666666,0.2580754931942196,,,,,1.76182842566656,1.0,0.0
,0.0,0.0,jpeg:50,45.000000948646374,0.9897881564168186,,0.0,"{""S4_HEADER_FAILURE"":1}",C2,1,0,coco-000000322211-000000495448,0.0,157753344.0,0.4709030401151286,,,,,1.7741901810004492,1.0,0.0
,0.0,0.0,jpeg:70,45.000000948646374,0.9897881564168186,,0.0,"{""S4_HEADER_FAILURE"":1}",C2,1,0,coco-000000322211-000000495448,0.0,154914816.0,0.453557294477424,,,,,1.9722779050007375,1.0,0.0
,0.0,0.0,jpeg:90,45.000000948646374,0.9897881564168186,,0.0,"{""S4_HEADER_FAILURE"":1}",C2,1,0,coco-000000322211-000000495448,0.0,156790784.0,0.3463032919589854,,,,,1.8557123159989715,1.0,0.0
,0.0,0.0,salt_pepper:0.01,45.000000948646374,0.9897881564168186,,0.0,"{""S4_HEADER_FAILURE"":3}",C2,3,0,coco-000000322211-000000495448,0.0,156385280.0,0.1695793607963063,,,,,1.738540194000355,1.0,0.0
,0.0,0.0,salt_pepper:0.03,45.000000948646374,0.9897881564168186,,0.0,"{""S4_HEADER_FAILURE"":3}",C2,3,0,coco-000000322211-000000495448,0.0,155738112.0,0.3328671223841218,,,,,2.135712141333594,1.0,0.0
,0.0,0.0,salt_pepper:0.05,45.000000948646374,0.9897881564168186,,0.0,"{""S4_HEADER_FAILURE"":3}",C2,3,0,coco-000000322211-000000495448,0.0,156409856.0,0.4033234394675301,,,,,2.0800587456669746,1.0,0.0
0.0,1.0,1.0,clean,45.000009005482426,0.9898253263000573,0.0,1.0,"{""S0_COMPLETE"":1}",C3,1,0,coco-000000322211-000000495448,1.0,158416896.0,0.0,1.0,1.0000000000000002,,1.0,3.7101564570002665,0.0,1.0
,0.0,0.0,gaussian:10,45.00000900548243,0.9898253263000573,,0.0,"{""S4_HEADER_FAILURE"":3}",C3,3,0,coco-000000322211-000000495448,0.0,156902741.33333334,0.3211413923367512,,,,,2.527338913667336,1.0,0.0
,0.0,0.0,gaussian:15,45.00000900548243,0.9898253263000573,,0.0,"{""S4_HEADER_FAILURE"":3}",C3,3,0,coco-000000322211-000000495448,0.0,156960085.33333334,0.35287821550638604,,,,,2.5140618619989255,1.0,0.0
,0.0,0.0,gaussian:5,45.00000900548243,0.9898253263000573,,0.0,"{""S4_HEADER_FAILURE"":3}",C3,3,0,coco-000000322211-000000495448,0.0,155971584.0,0.2586001678959045,,,,,2.5596674176667875,1.0,0.0
,0.0,0.0,jpeg:50,45.000009005482426,0.9898253263000573,,0.0,"{""S4_HEADER_FAILURE"":1}",C3,1,0,coco-000000322211-000000495448,0.0,154914816.0,0.4679303831624393,,,,,3.514553238001099,1.0,0.0
,0.0,0.0,jpeg:70,45.000009005482426,0.9898253263000573,,0.0,"{""S4_HEADER_FAILURE"":1}",C3,1,0,coco-000000322211-000000495448,0.0,154931200.0,0.4468924266954488,,,,,2.7222478379990207,1.0,0.0
,0.0,0.0,jpeg:90,45.000009005482426,0.9898253263000573,,0.0,"{""S4_HEADER_FAILURE"":1}",C3,1,0,coco-000000322211-000000495448,0.0,157741056.0,0.3377046231336571,,,,,2.5478564969998843,1.0,0.0
,0.0,0.0,salt_pepper:0.01,45.00000900548243,0.9898253263000573,,0.0,"{""S4_HEADER_FAILURE"":3}",C3,3,0,coco-000000322211-000000495448,0.0,156095829.33333334,0.1676365653294957,,,,,2.6592898560005174,1.0,0.0
,0.0,0.0,salt_pepper:0.03,45.00000900548243,0.9898253263000573,,0.0,"{""S4_HEADER_FAILURE"":3}",C3,3,0,coco-000000322211-000000495448,0.0,156809898.66666666,0.3325073454458236,,,,,2.6335757536665674,1.0,0.0
,0.0,0.0,salt_pepper:0.05,45.00000900548243,0.9898253263000573,,0.0,"{""S4_HEADER_FAILURE"":3}",C3,3,0,coco-000000322211-000000495448,0.0,155631616.0,0.40438178329435753,,,,,2.4571369093331064,1.0,0.0
0.0,1.0,1.0,clean,45.000009005482426,0.9898285780370069,0.0,1.0,"{""S0_COMPLETE"":1}",C3_NP,1,0,coco-000000322211-000000495448,1.0,154914816.0,0.0,1.0,1.0000000000000002,,1.0,2.4726368750016263,0.0,1.0
,0.0,0.0,gaussian:10,45.00000900548243,0.9898285780370069,,0.0,"{""S4_HEADER_FAILURE"":3}",C3_NP,3,0,coco-000000322211-000000495448,0.0,157362858.66666666,0.3217380224260958,,,,,1.8798272416673474,1.0,0.0
,0.0,0.0,gaussian:15,45.00000900548243,0.9898285780370069,,0.0,"{""S4_HEADER_FAILURE"":3}",C3_NP,3,0,coco-000000322211-000000495448,0.0,155447296.0,0.3523250584637525,,,,,1.8932107150006534,1.0,0.0
,0.0,0.0,gaussian:5,45.00000900548243,0.9898285780370069,,0.0,"{""S4_HEADER_FAILURE"":3}",C3_NP,3,0,coco-000000322211-000000495448,0.0,155335338.66666666,0.25872459075373266,,,,,1.8379583906662447,1.0,0.0
,0.0,0.0,jpeg:50,45.000009005482426,0.9898285780370069,,0.0,"{""S4_HEADER_FAILURE"":1}",C3_NP,1,0,coco-000000322211-000000495448,0.0,158416896.0,0.4694819212088505,,,,,1.9312874299994292,1.0,0.0
,0.0,0.0,jpeg:70,45.000009005482426,0.9898285780370069,,0.0,"{""S4_HEADER_FAILURE"":1}",C3_NP,1,0,coco-000000322211-000000495448,0.0,157741056.0,0.44874078071595613,,,,,1.8880524819996936,1.0,0.0
,0.0,0.0,jpeg:90,45.000009005482426,0.9898285780370069,,0.0,"{""S4_HEADER_FAILURE"":1}",C3_NP,1,0,coco-000000322211-000000495448,0.0,157753344.0,0.3380014391077532,,,,,1.9883142609996867,1.0,0.0
,0.0,0.0,salt_pepper:0.01,45.00000900548243,0.9898285780370069,,0.0,"{""S4_HEADER_FAILURE"":3}",C3_NP,3,0,coco-000000322211-000000495448,0.0,157427029.33333334,0.16766504767044432,,,,,2.4128311096659067,1.0,0.0
,0.0,0.0,salt_pepper:0.03,45.00000900548243,0.9898285780370069,,0.0,"{""S4_HEADER_FAILURE"":3}",C3_NP,3,0,coco-000000322211-000000495448,0.0,155770880.0,0.3332224021106914,,,,,3.1103177780005353,1.0,0.0
,0.0,0.0,salt_pepper:0.05,45.00000900548243,0.9898285780370069,,0.0,"{""S4_HEADER_FAILURE"":3}",C3_NP,3,0,coco-000000322211-000000495448,0.0,156715690.66666666,0.4051627990645799,,,,,3.2434200486665454,1.0,0.0
,,1.0,clean,45.764587887363824,0.9869085322113578,,,"{""S0_COMPLETE"":1}",B1,1,0,coco-000000340894-000000043435,1.0,157339648.0,0.0,1.0,1.0,,1.0,0.0033734150001691887,0.0,
,,0.0,gaussian:10,45.764587887363824,0.9869085322113578,,,"{""S2_HEADER_VALID_PARTIAL"":3}",B1,3,0,coco-000000340894-000000043435,0.5088704427083334,156289706.66666666,0.4911295572916667,0.5088704427083334,0.8406255277333766,9.879233549029896,0.011906636185485459,0.009043025333085097,0.0,
,,0.0,gaussian:15,45.764587887363824,0.9869085322113578,,,"{""S2_HEADER_VALID_PARTIAL"":3}",B1,3,0,coco-000000340894-000000043435,0.5016581217447916,157575850.66666666,0.4983418782552083,0.5016581217447916,0.8364944200072063,9.776507639483084,0.011203085433621517,0.009654300000571917,0.0,
,,0.0,gaussian:5,45.764587887363824,0.9869085322113578,,,"{""S2_HEADER_VALID_PARTIAL"":3}",B1,3,0,coco-000000340894-000000043435,0.5346806844075521,156508160.0,0.46531931559244794,0.5346806844075521,0.847494418601396,10.098539274800581,0.015052802951922547,0.008718568333279109,0.0,
,,0.0,jpeg:50,45.764587887363824,0.9869085322113578,,,"{""S2_HEADER_VALID_PARTIAL"":1}",B1,1,0,coco-000000340894-000000043435,0.5073928833007812,155951104.0,0.49260711669921875,0.5073928833007812,0.8278297795762402,10.031866397487878,0.013585249380956099,0.006681982000372955,0.0,
,,0.0,jpeg:70,45.764587887363824,0.9869085322113578,,,"{""S2_HEADER_VALID_PARTIAL"":1}",B1,1,0,coco-000000340894-000000043435,0.5220870971679688,157741056.0,0.47791290283203125,0.5220870971679688,0.8523060685297037,10.283997035992819,0.014298484229657987,0.0063844409996818285,0.0,
,,0.0,jpeg:90,45.764587887363824,0.9869085322113578,,,"{""S2_HEADER_VALID_PARTIAL"":1}",B1,1,0,coco-000000340894-000000043435,0.5488357543945312,155897856.0,0.45116424560546875,0.5488357543945312,0.8606599385542691,10.612371087224197,0.013327046387535547,0.00801343400053156,0.0,
,,0.0,salt_pepper:0.01,45.764587887363824,0.9869085322113578,,,"{""S2_HEADER_VALID_PARTIAL"":3}",B1,3,0,coco-000000340894-000000043435,0.9950663248697916,156271957.33333334,0.004933675130208333,0.9950663248697916,0.9965235095845939,26.934108870539507,0.7928542612573589,0.007441293000132039,0.0,
,,0.0,salt_pepper:0.03,45.764587887363824,0.9869085322113578,,,"{""S2_HEADER_VALID_PARTIAL"":3}",B1,3,0,coco-000000340894-000000043435,0.984527587890625,156525909.33333334,0.015472412109375,0.984527587890625,0.9897773918301217,22.227878611570947,0.5269213673823828,0.006825668999226764,0.0,
,,0.0,salt_pepper:0.05,45.764587887363824,0.9869085322113578,,,"{""S2_HEADER_VALID_PARTIAL"":3}",B1,3,0,coco-000000340894-000000043435,0.9749933878580729,157584042.66666666,0.025006612141927082,0.9749933878580729,0.9828681396991513,19.94633238541526,0.37578502954115384,0.0064402343335435335,0.0,
,,0.0,clean,,,,,"{""S5_EXTRACTION_TRANSFORM_FAILURE"":1}",B2,1,0,coco-000000340894-000000043435,,155176960.0,,,,,,,,
,,0.0,gaussian:10,,,,,"{""S5_EXTRACTION_TRANSFORM_FAILURE"":3}",B2,3,0,coco-000000340894-000000043435,,156530005.33333334,,,,,,,,
,,0.0,gaussian:15,,,,,"{""S5_EXTRACTION_TRANSFORM_FAILURE"":3}",B2,3,0,coco-000000340894-000000043435,,156977834.66666666,,,,,,,,
,,0.0,gaussian:5,,,,,"{""S5_EXTRACTION_TRANSFORM_FAILURE"":3}",B2,3,0,coco-000000340894-000000043435,,156854954.66666666,,,,,,,,
,,0.0,jpeg:50,,,,,"{""S5_EXTRACTION_TRANSFORM_FAILURE"":1}",B2,1,0,coco-000000340894-000000043435,,157339648.0,,,,,,,,
,,0.0,jpeg:70,,,,,"{""S5_EXTRACTION_TRANSFORM_FAILURE"":1}",B2,1,0,coco-000000340894-000000043435,,155951104.0,,,,,,,,
,,0.0,jpeg:90,,,,,"{""S5_EXTRACTION_TRANSFORM_FAILURE"":1}",B2,1,0,coco-000000340894-000000043435,,157741056.0,,,,,,,,
,,0.0,salt_pepper:0.01,,,,,"{""S5_EXTRACTION_TRANSFORM_FAILURE"":3}",B2,3,0,coco-000000340894-000000043435,,156854954.66666666,,,,,,,,
,,0.0,salt_pepper:0.03,,,,,"{""S5_EXTRACTION_TRANSFORM_FAILURE"":3}",B2,3,0,coco-000000340894-000000043435,,156530005.33333334,,,,,,,,
,,0.0,salt_pepper:0.05,,,,,"{""S5_EXTRACTION_TRANSFORM_FAILURE"":3}",B2,3,0,coco-000000340894-000000043435,,156977834.66666666,,,,,,,,
0.0,1.0,1.0,clean,45.000009005482426,0.9843499562767982,0.0,1.0,"{""S0_COMPLETE"":1}",C0,1,0,coco-000000340894-000000043435,1.0,158416896.0,0.0005216765605324698,1.0,1.0,,1.0,3.103307130999383,0.0,1.0
,0.0,0.0,gaussian:10,45.00000900548243,0.9843499562767982,,0.0,"{""S4_HEADER_FAILURE"":3}",C0,3,0,coco-000000340894-000000043435,0.0,157448874.66666666,0.3222971757510344,,,,,2.143668174333167,1.0,0.0
,0.0,0.0,gaussian:15,45.00000900548243,0.9843499562767982,,0.0,"{""S4_HEADER_FAILURE"":3}",C0,3,0,coco-000000340894-000000043435,0.0,157010602.66666666,0.3513746477184146,,,,,1.7661311056666211,1.0,0.0
,0.0,0.0,gaussian:5,45.00000900548243,0.9843499562767982,,0.0,"{""S4_HEADER_FAILURE"":3}",C0,3,0,coco-000000340894-000000043435,0.0,156385280.0,0.25908436769203097,,,,,2.1027800620001167,1.0,0.0
,0.0,0.0,jpeg:50,45.000009005482426,0.9843499562767982,,0.0,"{""S4_HEADER_FAILURE"":1}",C0,1,0,coco-000000340894-000000043435,0.0,155615232.0,0.47739701385141214,,,,,1.9655676980000862,1.0,0.0
,0.0,0.0,jpeg:70,45.000009005482426,0.9843499562767982,,0.0,"{""S4_HEADER_FAILURE"":1}",C0,1,0,coco-000000340894-000000043435,0.0,154034176.0,0.45245098039215687,,,,,1.8963749350004946,1.0,0.0
,0.0,0.0,jpeg:90,45.000009005482426,0.9843499562767982,,0.0,"{""S4_HEADER_FAILURE"":1}",C0,1,0,coco-000000340894-000000043435,0.0,156286976.0,0.3507060622414103,,,,,2.2577661870000156,1.0,0.0
,0.0,0.0,salt_pepper:0.01,45.00000900548243,0.9843499562767982,,0.0,"{""S4_HEADER_FAILURE"":3}",C0,3,0,coco-000000340894-000000043435,0.0,156691114.66666666,0.1599208490735744,,,,,1.829138514332347,1.0,0.0
,0.0,0.0,salt_pepper:0.03,45.00000900548243,0.9843499562767982,,0.0,"{""S4_HEADER_FAILURE"":3}",C0,3,0,coco-000000340894-000000043435,0.0,155556522.66666666,0.31741020567248307,,,,,1.6929261219999414,1.0,0.0
,0.0,0.0,salt_pepper:0.05,45.00000900548243,0.9843499562767982,,0.0,"{""S4_HEADER_FAILURE"":3}",C0,3,0,coco-000000340894-000000043435,0.0,154942122.66666666,0.390785213167836,,,,,2.045034178000909,1.0,0.0
0.0,1.0,1.0,clean,45.000000948646374,0.9839565693674248,0.0,1.0,"{""S0_COMPLETE"":1}",C1,1,0,coco-000000340894-000000043435,1.0,156487680.0,0.0005126821370750135,1.0,1.0,,1.0,2.7739626439997664,0.0,1.0
,0.0,0.0,gaussian:10,45.000000948646374,0.9839565693674248,,0.0,"{""S4_HEADER_FAILURE"":3}",C1,3,0,coco-000000340894-000000043435,0.0,157369685.33333334,0.3217754991905019,,,,,1.898445079666999,1.0,0.0
,0.0,0.0,gaussian:15,45.000000948646374,0.9839565693674248,,0.0,"{""S4_HEADER_FAILURE"":3}",C1,3,0,coco-000000340894-000000043435,0.0,156037120.0,0.35264436049649217,,,,,1.9270349673339904,1.0,0.0
,0.0,0.0,gaussian:5,45.000000948646374,0.9839565693674248,,0.0,"{""S4_HEADER_FAILURE"":3}",C1,3,0,coco-000000340894-000000043435,0.0,156510890.66666666,0.25901091323379505,,,,,1.935781529333326,1.0,0.0
,0.0,0.0,jpeg:50,45.000000948646374,0.9839565693674248,,0.0,"{""S4_HEADER_FAILURE"":1}",C1,1,0,coco-000000340894-000000043435,0.0,154914816.0,0.47306619895664687,,,,,2.0163718669991795,1.0,0.0
,0.0,0.0,jpeg:70,45.000000948646374,0.9839565693674248,,0.0,"{""S4_HEADER_FAILURE"":1}",C1,1,0,coco-000000340894-000000043435,0.0,157753344.0,0.4468924266954488,,,,,1.8736101020003844,1.0,0.0
,0.0,0.0,jpeg:90,45.000000948646374,0.9839565693674248,,0.0,"{""S4_HEADER_FAILURE"":1}",C1,1,0,coco-000000340894-000000043435,0.0,159100928.0,0.34181957186544343,,,,,2.0024250019996543,1.0,0.0
,0.0,0.0,salt_pepper:0.01,45.000000948646374,0.9839565693674248,,0.0,"{""S4_HEADER_FAILURE"":3}",C1,3,0,coco-000000340894-000000043435,0.0,156691114.66666666,0.15849073574383882,,,,,1.897781051999118,1.0,0.0
,0.0,0.0,salt_pepper:0.03,45.000000948646374,0.9839565693674248,,0.0,"{""S4_HEADER_FAILURE"":3}",C1,3,0,coco-000000340894-000000043435,0.0,155563349.33333334,0.31911464891767105,,,,,1.8593453303328715,1.0,0.0
,0.0,0.0,salt_pepper:0.05,45.000000948646374,0.9839565693674248,,0.0,"{""S4_HEADER_FAILURE"":3}",C1,3,0,coco-000000340894-000000043435,0.0,157097984.0,0.3939152725310307,,,,,1.9494491693330929,1.0,0.0
0.0,1.0,1.0,clean,45.000000948646374,0.9843372221182,0.0,1.0,"{""S0_COMPLETE"":1}",C2,1,0,coco-000000340894-000000043435,1.0,156286976.0,0.0003912574203993524,1.0,1.0,,1.0,2.8321789749988966,0.0,1.0
,0.0,0.0,gaussian:10,45.000000948646374,0.9843372221182,,0.0,"{""S4_HEADER_FAILURE"":3}",C2,3,0,coco-000000340894-000000043435,0.0,156555946.66666666,0.32128380404149426,,,,,2.0218134113335204,1.0,0.0
,0.0,0.0,gaussian:15,45.000000948646374,0.9843372221182,,0.0,"{""S4_HEADER_FAILURE"":3}",C2,3,0,coco-000000340894-000000043435,0.0,156071253.33333334,0.3512652155663489,,,,,2.038521163334129,1.0,0.0
,0.0,0.0,gaussian:5,45.000000948646374,0.9843372221182,,0.0,"{""S4_HEADER_FAILURE"":3}",C2,3,0,coco-000000340894-000000043435,0.0,156134058.66666666,0.2584067877915692,,,,,2.0663594436664425,1.0,0.0
,0.0,0.0,jpeg:50,45.000000948646374,0.9843372221182,,0.0,"{""S4_HEADER_FAILURE"":1}",C2,1,0,coco-000000340894-000000043435,0.0,157741056.0,0.4773925166396834,,,,,2.1660011510011827,1.0,0.0
,0.0,0.0,jpeg:70,45.000000948646374,0.9843372221182,,0.0,"{""S4_HEADER_FAILURE"":1}",C2,1,0,coco-000000340894-000000043435,0.0,158806016.0,0.4540250044972117,,,,,2.227561200999844,1.0,0.0
,0.0,0.0,jpeg:90,45.000000948646374,0.9843372221182,,0.0,"{""S4_HEADER_FAILURE"":1}",C2,1,0,coco-000000340894-000000043435,0.0,154914816.0,0.3491050548659831,,,,,2.1543618609994155,1.0,0.0
,0.0,0.0,salt_pepper:0.01,45.000000948646374,0.9843372221182,,0.0,"{""S4_HEADER_FAILURE"":3}",C2,3,0,coco-000000340894-000000043435,0.0,155955200.0,0.160412544222582,,,,,1.933485324000382,1.0,0.0
,0.0,0.0,salt_pepper:0.03,45.000000948646374,0.9843372221182,,0.0,"{""S4_HEADER_FAILURE"":3}",C2,3,0,coco-000000340894-000000043435,0.0,155936085.33333334,0.3170009594051688,,,,,3.2440919156670134,1.0,0.0
,0.0,0.0,salt_pepper:0.05,45.000000948646374,0.9843372221182,,0.0,"{""S4_HEADER_FAILURE"":3}",C2,3,0,coco-000000340894-000000043435,0.0,157607253.33333334,0.3921493673922168,,,,,3.15392218899918,1.0,0.0
0.0,1.0,1.0,clean,45.000000948646374,0.9839685409712984,0.0,1.0,"{""S0_COMPLETE"":1}",C3,1,0,coco-000000340894-000000043435,1.0,159100928.0,0.00048569886670264434,1.0,1.0,,1.0,3.4284327210007177,0.0,1.0
,0.0,0.0,gaussian:10,45.000000948646374,0.9839685409712984,,0.0,"{""S4_HEADER_FAILURE"":3}",C3,3,0,coco-000000340894-000000043435,0.0,156663808.0,0.32267494153624754,,,,,2.202062431667097,1.0,0.0
,0.0,0.0,gaussian:15,45.000000948646374,0.9839685409712984,,0.0,"{""S4_HEADER_FAILURE"":3}",C3,3,0,coco-000000340894-000000043435,0.0,156232362.66666666,0.3518903279966421,,,,,2.4244764873328677,1.0,0.0
,0.0,0.0,gaussian:5,45.000000948646374,0.9839685409712984,,0.0,"{""S4_HEADER_FAILURE"":3}",C3,3,0,coco-000000340894-000000043435,0.0,156626944.0,0.2590094141632188,,,,,2.366207413999897,1.0,0.0
,0.0,0.0,jpeg:50,45.000000948646374,0.9839685409712984,,0.0,"{""S4_HEADER_FAILURE"":1}",C3,1,0,coco-000000340894-000000043435,0.0,154931200.0,0.4767988846914913,,,,,2.200127729000087,1.0,0.0
,0.0,0.0,jpeg:70,45.000000948646374,0.9839685409712984,,0.0,"{""S4_HEADER_FAILURE"":1}",C3,1,0,coco-000000340894-000000043435,0.0,154914816.0,0.45037776578521316,,,,,2.13097704699976,1.0,0.0
,0.0,0.0,jpeg:90,45.000000948646374,0.9839685409712984,,0.0,"{""S4_HEADER_FAILURE"":1}",C3,1,0,coco-000000340894-000000043435,0.0,156495872.0,0.3448147148767764,,,,,2.257771941000101,1.0,0.0
,0.0,0.0,salt_pepper:0.01,45.000000948646374,0.9839685409712984,,0.0,"{""S4_HEADER_FAILURE"":3}",C3,3,0,coco-000000340894-000000043435,0.0,156397568.0,0.1583318342627571,,,,,1.733138424666322,1.0,0.0
,0.0,0.0,salt_pepper:0.03,45.000000948646374,0.9839685409712984,,0.0,"{""S4_HEADER_FAILURE"":3}",C3,3,0,coco-000000340894-000000043435,0.0,156442624.0,0.31965281525454214,,,,,1.5804962406667376,1.0,0.0
,0.0,0.0,salt_pepper:0.05,45.000000948646374,0.9839685409712984,,0.0,"{""S4_HEADER_FAILURE"":3}",C3,3,0,coco-000000340894-000000043435,0.0,155447296.0,0.39533489236673264,,,,,1.8613221563343056,1.0,0.0
0.0,1.0,1.0,clean,45.000025119199364,0.9839641213560013,0.0,1.0,"{""S0_COMPLETE"":1}",C3_NP,1,0,coco-000000340894-000000043435,1.0,157741056.0,0.00048569886670264434,1.0,1.0,,1.0,2.9411495869990176,0.0,1.0
,0.0,0.0,gaussian:10,45.000025119199364,0.9839641213560014,,0.0,"{""S4_HEADER_FAILURE"":3}",C3_NP,3,0,coco-000000340894-000000043435,0.0,156374357.33333334,0.3225999880074354,,,,,2.8503645556666015,1.0,0.0
,0.0,0.0,gaussian:15,45.000025119199364,0.9839641213560014,,0.0,"{""S4_HEADER_FAILURE"":3}",C3_NP,3,0,coco-000000340894-000000043435,0.0,155632981.33333334,0.3528557294477424,,,,,2.3556213199996514,1.0,0.0
,0.0,0.0,gaussian:5,45.000025119199364,0.9839641213560014,,0.0,"{""S4_HEADER_FAILURE"":3}",C3_NP,3,0,coco-000000340894-000000043435,0.0,157414741.33333334,0.2594711279007016,,,,,2.840579802000017,1.0,0.0
,0.0,0.0,jpeg:50,45.000025119199364,0.9839641213560013,,0.0,"{""S4_HEADER_FAILURE"":1}",C3_NP,1,0,coco-000000340894-000000043435,0.0,156286976.0,0.473659830904839,,,,,3.7865726390009513,1.0,0.0
,0.0,0.0,jpeg:70,45.000025119199364,0.9839641213560013,,0.0,"{""S4_HEADER_FAILURE"":1}",C3_NP,1,0,coco-000000340894-000000043435,0.0,155951104.0,0.44721172872818854,,,,,3.7809362999996665,1.0,0.0
,0.0,0.0,jpeg:90,45.000025119199364,0.9839641213560013,,0.0,"{""S4_HEADER_FAILURE"":1}",C3_NP,1,0,coco-000000340894-000000043435,0.0,154034176.0,0.34335761827666844,,,,,2.821248583999477,1.0,0.0
,0.0,0.0,salt_pepper:0.01,45.000025119199364,0.9839641213560014,,0.0,"{""S4_HEADER_FAILURE"":3}",C3_NP,3,0,coco-000000340894-000000043435,0.0,155317589.33333334,0.15809947832343949,,,,,2.3915224926665055,1.0,0.0
,0.0,0.0,salt_pepper:0.03,45.000025119199364,0.9839641213560014,,0.0,"{""S4_HEADER_FAILURE"":3}",C3_NP,3,0,coco-000000340894-000000043435,0.0,157189461.33333334,0.3194774239971218,,,,,2.780303252666878,1.0,0.0
,0.0,0.0,salt_pepper:0.05,45.000025119199364,0.9839641213560014,,0.0,"{""S4_HEADER_FAILURE"":3}",C3_NP,3,0,coco-000000340894-000000043435,0.0,155870549.33333334,0.3936649277447983,,,,,2.245951947000018,1.0,0.0
,,1.0,clean,45.93162975139913,0.9938735247007225,,,"{""S0_COMPLETE"":1}",B1,1,0,coco-000000356248-000000422706,1.0,157339648.0,0.0,1.0,1.0000000000000002,,1.0,0.0020449349995033117,0.0,
,,0.0,gaussian:10,45.93162975139913,0.9938735247007225,,,"{""S2_HEADER_VALID_PARTIAL"":3}",B1,3,0,coco-000000356248-000000422706,0.5087941487630209,156446720.0,0.4912058512369792,0.5087941487630209,0.7811424874305386,8.711378999288433,0.006977556784639512,0.009549920998930853,0.0,
,,0.0,gaussian:15,45.93162975139913,0.9938735247007225,,,"{""S2_HEADER_VALID_PARTIAL"":3}",B1,3,0,coco-000000356248-000000422706,0.5017038981119791,154883413.33333334,0.4982961018880208,0.5017038981119791,0.7792852941624743,8.64872261349157,0.010436837056913223,0.009605497999170135,0.0,
,,0.0,gaussian:5,45.93162975139913,0.9938735247007225,,,"{""S2_HEADER_VALID_PARTIAL"":3}",B1,3,0,coco-000000356248-000000422706,0.5312220255533854,155721728.0,0.46877797444661456,0.5312220255533854,0.7933069100357191,9.023768496925141,0.018060781298261257,0.008536315999663202,0.0,
,,0.0,jpeg:50,45.93162975139913,0.9938735247007225,,,"{""S2_HEADER_VALID_PARTIAL"":1}",B1,1,0,coco-000000356248-000000422706,0.501556396484375,153763840.0,0.498443603515625,0.501556396484375,0.7814903700159831,8.68766506321586,0.01089818449473198,0.005062029000328039,0.0,
,,0.0,jpeg:70,45.93162975139913,0.9938735247007225,,,"{""S2_HEADER_VALID_PARTIAL"":1}",B1,1,0,coco-000000356248-000000422706,0.50006103515625,155082752.0,0.49993896484375,0.50006103515625,0.7800398297155478,8.622059158014267,0.008546794038080997,0.00688563299991074,0.0,
,,0.0,jpeg:90,45.93162975139913,0.9938735247007225,,,"{""S2_HEADER_VALID_PARTIAL"":1}",B1,1,0,coco-000000356248-000000422706,0.509124755859375,154742784.0,0.490875244140625,0.509124755859375,0.7867253764646552,8.865046221956883,0.013526480655959332,0.007391224999082624,0.0,
,,0.0,salt_pepper:0.01,45.93162975139913,0.9938735247007225,,,"{""S2_HEADER_VALID_PARTIAL"":3}",B1,3,0,coco-000000356248-000000422706,0.9947586059570312,155694421.33333334,0.00524139404296875,0.9947586059570312,0.9953369845378788,26.314128584884177,0.8067612273875294,0.005772220332801226,0.0,
,,0.0,salt_pepper:0.03,45.93162975139913,0.9938735247007225,,,"{""S2_HEADER_VALID_PARTIAL"":3}",B1,3,0,coco-000000356248-000000422706,0.9850794474283854,155749034.66666666,0.014920552571614584,0.9850794474283854,0.9872464975195028,21.899738835395652,0.5787016624170027,0.005899624999680479,0.0,
,,0.0,salt_pepper:0.05,45.93162975139913,0.9938735247007225,,,"{""S2_HEADER_VALID_PARTIAL"":3}",B1,3,0,coco-000000356248-000000422706,0.9746805826822916,156016640.0,0.025319417317708332,0.9746805826822916,0.9780469674904512,19.498549851035097,0.42322078522479395,0.005269329999767554,0.0,
,,1.0,clean,44.84308708302498,0.9853903892931124,,,"{""S0_COMPLETE"":1}",B2,1,0,coco-000000356248-000000422706,1.0,153763840.0,0.0,1.0,1.0000000000000002,,1.0,0.010057480001705699,0.0,
,,0.0,gaussian:10,44.84308708302498,0.9853903892931125,,,"{""S2_HEADER_VALID_PARTIAL"":3}",B2,3,0,coco-000000356248-000000422706,0.5123570760091146,154854741.33333334,0.48764292399088544,0.5123570760091146,0.7800119321979645,8.75759184194714,0.012919284147294825,0.012336175999735133,0.0,
,,0.0,gaussian:15,44.84308708302498,0.9853903892931125,,,"{""S2_HEADER_VALID_PARTIAL"":3}",B2,3,0,coco-000000356248-000000422706,0.5011215209960938,156016640.0,0.49887847900390625,0.5011215209960938,0.7781343023274685,8.729932521757442,0.008935965751263307,0.012716587666848985,0.0,
,,0.0,gaussian:5,44.84308708302498,0.9853903892931125,,,"{""S2_HEADER_VALID_PARTIAL"":3}",B2,3,0,coco-000000356248-000000422706,0.5791854858398438,155718997.33333334,0.42081451416015625,0.5791854858398438,0.8018640936005594,9.291830264550299,0.029460361613744785,0.013867432332820803,0.0,
,,0.0,jpeg:50,44.84308708302498,0.9853903892931124,,,"{""S2_HEADER_VALID_PARTIAL"":1}",B2,1,0,coco-000000356248-000000422706,0.5165023803710938,157339648.0,0.48349761962890625,0.5165023803710938,0.5245080084804015,7.399111601559964,0.014825514313994969,0.0121020229998976,0.0,
,,0.0,jpeg:70,44.84308708302498,0.9853903892931124,,,"{""S2_HEADER_VALID_PARTIAL"":1}",B2,1,0,coco-000000356248-000000422706,0.4962310791015625,158236672.0,0.5037689208984375,0.4962310791015625,0.6128862242192413,8.03861704046167,0.0024433661565030785,0.010301108999556163,0.0,
,,0.0,jpeg:90,44.84308708302498,0.9853903892931124,,,"{""S2_HEADER_VALID_PARTIAL"":1}",B2,1,0,coco-000000356248-000000422706,0.6482772827148438,155082752.0,0.35172271728515625,0.6482772827148438,0.9134514403723223,13.392446066287548,0.22120796607880105,0.014427927000724594,0.0,
,,0.0,salt_pepper:0.01,44.84308708302498,0.9853903892931125,,,"{""S2_HEADER_VALID_PARTIAL"":3}",B2,3,0,coco-000000356248-000000422706,0.7670542399088541,156119040.0,0.23294576009114584,0.7670542399088541,0.8734205176355482,11.503376783915277,0.08514594605782204,0.012953797333466355,0.0,
,,0.0,salt_pepper:0.03,44.84308708302498,0.9853903892931125,,,"{""S2_HEADER_VALID_PARTIAL"":3}",B2,3,0,coco-000000356248-000000422706,0.5817998250325521,156016640.0,0.41820017496744794,0.5817998250325521,0.8038757367608396,9.35438977636457,0.02751922609563644,0.012067179333219732,0.0,
,,0.0,salt_pepper:0.05,44.84308708302498,0.9853903892931125,,,"{""S2_HEADER_VALID_PARTIAL"":3}",B2,3,0,coco-000000356248-000000422706,0.5226491292317709,155694421.33333334,0.4773508707682292,0.5226491292317709,0.784006290826083,8.858906325757001,0.012381435467769486,0.016372517000490916,0.0,
0.0,1.0,1.0,clean,45.000009005482426,0.9866676217170549,0.0,1.0,"{""S0_COMPLETE"":1}",C0,1,0,coco-000000356248-000000422706,1.0,155729920.0,0.00020237452779276849,1.0,1.0000000000000002,,1.0,2.060134304998428,0.0,1.0
,0.0,0.0,gaussian:10,45.00000900548243,0.9866676217170549,,0.0,"{""S4_HEADER_FAILURE"":3}",C0,3,0,coco-000000356248-000000422706,0.0,155787264.0,0.3217545122024345,,,,,1.6500154699994407,1.0,0.0
,0.0,0.0,gaussian:15,45.00000900548243,0.9866676217170549,,0.0,"{""S4_HEADER_FAILURE"":3}",C0,3,0,coco-000000356248-000000422706,0.0,154913450.66666666,0.35359926845355877,,,,,2.0730952656667796,1.0,0.0
,0.0,0.0,gaussian:5,45.00000900548243,0.9866676217170549,,0.0,"{""S4_HEADER_FAILURE"":3}",C0,3,0,coco-000000356248-000000422706,0.0,154882048.0,0.25787461773700304,,,,,1.7721429439995215,1.0,0.0
,0.0,0.0,jpeg:50,45.000009005482426,0.9866676217170549,,0.0,"{""S4_HEADER_FAILURE"":1}",C0,1,0,coco-000000356248-000000422706,0.0,155365376.0,0.47551268213707504,,,,,1.6979276690017286,1.0,0.0
,0.0,0.0,jpeg:70,45.000009005482426,0.9866676217170549,,0.0,"{""S4_HEADER_FAILURE"":1}",C0,1,0,coco-000000356248-000000422706,0.0,152137728.0,0.452217125382263,,,,,1.5813322020003397,1.0,0.0
,0.0,0.0,jpeg:90,45.000009005482426,0.9866676217170549,,0.0,"{""S4_HEADER_FAILURE"":1}",C0,1,0,coco-000000356248-000000422706,0.0,153718784.0,0.3506880733944954,,,,,1.5407711650004785,1.0,0.0
,0.0,0.0,salt_pepper:0.01,45.00000900548243,0.9866676217170549,,0.0,"{""S4_HEADER_FAILURE"":3}",C0,3,0,coco-000000356248-000000422706,0.0,154921642.66666666,0.1585671883432272,,,,,2.0289547170007913,1.0,0.0
,0.0,0.0,salt_pepper:0.03,45.00000900548243,0.9866676217170549,,0.0,"{""S4_HEADER_FAILURE"":3}",C0,3,0,coco-000000356248-000000422706,0.0,155029504.0,0.3169559872878815,,,,,1.8637080113336804,1.0,0.0
,0.0,0.0,salt_pepper:0.05,45.00000900548243,0.9866676217170549,,0.0,"{""S4_HEADER_FAILURE"":3}",C0,3,0,coco-000000356248-000000422706,0.0,154598058.66666666,0.39057384421658575,,,,,2.8103067756668074,1.0,0.0
0.0,1.0,1.0,clean,45.000000948646374,0.9866000671059276,0.0,1.0,"{""S0_COMPLETE"":1}",C1,1,0,coco-000000356248-000000422706,1.0,155766784.0,0.0001574024105054866,1.0,1.0000000000000002,,1.0,2.7890763119994517,0.0,1.0
,0.0,0.0,gaussian:10,45.000000948646374,0.9866000671059276,,0.0,"{""S4_HEADER_FAILURE"":3}",C1,3,0,coco-000000356248-000000422706,0.0,155273898.66666666,0.32238861905618516,,,,,3.6674407986665756,1.0,0.0
,0.0,0.0,gaussian:15,45.000000948646374,0.9866000671059276,,0.0,"{""S4_HEADER_FAILURE"":3}",C1,3,0,coco-000000356248-000000422706,0.0,155060906.66666666,0.35312706122204235,,,,,3.1841101240000476,1.0,0.0
,0.0,0.0,gaussian:5,45.000000948646374,0.9866000671059276,,0.0,"{""S4_HEADER_FAILURE"":3}",C1,3,0,coco-000000356248-000000422706,0.0,154476544.0,0.2588415182586796,,,,,2.8910212359993843,1.0,0.0
,0.0,0.0,jpeg:50,45.000000948646374,0.9866000671059276,,0.0,"{""S4_HEADER_FAILURE"":1}",C1,1,0,coco-000000356248-000000422706,0.0,155729920.0,0.4718384601547041,,,,,2.6227052320009534,1.0,0.0
,0.0,0.0,jpeg:70,45.000000948646374,0.9866000671059276,,0.0,"{""S4_HEADER_FAILURE"":1}",C1,1,0,coco-000000356248-000000422706,0.0,155615232.0,0.4457591293398093,,,,,2.740620702999877,1.0,0.0
,0.0,0.0,jpeg:90,45.000000948646374,0.9866000671059276,,0.0,"{""S4_HEADER_FAILURE"":1}",C1,1,0,coco-000000356248-000000422706,0.0,157339648.0,0.34414912754092464,,,,,4.12962595099998,1.0,0.0
,0.0,0.0,salt_pepper:0.01,45.000000948646374,0.9866000671059276,,0.0,"{""S4_HEADER_FAILURE"":3}",C1,3,0,coco-000000356248-000000422706,0.0,154520234.66666666,0.1572659950830485,,,,,3.7141129816664034,1.0,0.0
,0.0,0.0,salt_pepper:0.03,45.000000948646374,0.9866000671059276,,0.0,"{""S4_HEADER_FAILURE"":3}",C1,3,0,coco-000000356248-000000422706,0.0,155176960.0,0.31709839899262454,,,,,3.3034237816664245,1.0,0.0
,0.0,0.0,salt_pepper:0.05,45.000000948646374,0.9866000671059276,,0.0,"{""S4_HEADER_FAILURE"":3}",C1,3,0,coco-000000356248-000000422706,0.0,155865088.0,0.39392426695448823,,,,,2.9786721806661567,1.0,0.0
0.0,1.0,1.0,clean,45.000009005482426,0.9866704940041857,0.0,1.0,"{""S0_COMPLETE"":1}",C2,1,0,coco-000000356248-000000422706,1.0,155729920.0,0.0001618996222342148,1.0,1.0000000000000002,,1.0,4.446256475001064,0.0,1.0
,0.0,0.0,gaussian:10,45.00000900548243,0.9866704940041857,,0.0,"{""S4_HEADER_FAILURE"":3}",C2,3,0,coco-000000356248-000000422706,0.0,156019370.66666666,0.32110541464292136,,,,,3.0187961410004696,1.0,0.0
,0.0,0.0,gaussian:15,45.00000900548243,0.9866704940041857,,0.0,"{""S4_HEADER_FAILURE"":3}",C2,3,0,coco-000000356248-000000422706,0.0,154888874.66666666,0.3519997601487079,,,,,2.770034630667093,1.0,0.0
,0.0,0.0,gaussian:5,45.00000900548243,0.9866704940041857,,0.0,"{""S4_HEADER_FAILURE"":3}",C2,3,0,coco-000000356248-000000422706,0.0,155193344.0,0.25750284823409486,,,,,2.8010628593328875,1.0,0.0
,0.0,0.0,jpeg:50,45.000009005482426,0.9866704940041857,,0.0,"{""S4_HEADER_FAILURE"":1}",C2,1,0,coco-000000356248-000000422706,0.0,156581888.0,0.4754452239611441,,,,,3.3742320080000354,1.0,0.0
,0.0,0.0,jpeg:70,45.000009005482426,0.9866704940041857,,0.0,"{""S4_HEADER_FAILURE"":1}",C2,1,0,coco-000000356248-000000422706,0.0,155189248.0,0.45287371829465733,,,,,3.543966363000436,1.0,0.0
,0.0,0.0,jpeg:90,45.000009005482426,0.9866704940041857,,0.0,"{""S4_HEADER_FAILURE"":1}",C2,1,0,coco-000000356248-000000422706,0.0,155615232.0,0.35084997301672965,,,,,3.0716469649996725,1.0,0.0
,0.0,0.0,salt_pepper:0.01,45.00000900548243,0.9866704940041857,,0.0,"{""S4_HEADER_FAILURE"":3}",C2,3,0,coco-000000356248-000000422706,0.0,154421930.66666666,0.15827486958085987,,,,,2.6042512476663737,1.0,0.0
,0.0,0.0,salt_pepper:0.03,45.00000900548243,0.9866704940041857,,0.0,"{""S4_HEADER_FAILURE"":3}",C2,3,0,coco-000000356248-000000422706,0.0,155815936.0,0.31656922707921087,,,,,2.3632193880002887,1.0,0.0
,0.0,0.0,salt_pepper:0.05,45.00000900548243,0.9866704940041857,,0.0,"{""S4_HEADER_FAILURE"":3}",C2,3,0,coco-000000356248-000000422706,0.0,155362645.33333334,0.3918285662889009,,,,,1.8460057376669283,1.0,0.0
0.0,1.0,1.0,clean,45.000025119199364,0.9866227602224389,0.0,1.0,"{""S0_COMPLETE"":1}",C3,1,0,coco-000000356248-000000422706,1.0,154742784.0,0.00022036337470768123,1.0,1.0000000000000002,,1.0,2.3844035070014797,0.0,1.0
,0.0,0.0,gaussian:10,45.000025119199364,0.9866227602224389,,0.0,"{""S4_HEADER_FAILURE"":3}",C3,3,0,coco-000000356248-000000422706,0.0,157181269.33333334,0.322579001019368,,,,,1.7922139973337228,1.0,0.0
,0.0,0.0,gaussian:15,45.000025119199364,0.9866227602224389,,0.0,"{""S4_HEADER_FAILURE"":3}",C3,3,0,coco-000000356248-000000422706,0.0,154998101.33333334,0.35273130658991425,,,,,1.6966482019997784,1.0,0.0
,0.0,0.0,gaussian:5,45.000025119199364,0.9866227602224389,,0.0,"{""S4_HEADER_FAILURE"":3}",C3,3,0,coco-000000356248-000000422706,0.0,155465045.33333334,0.2594696288301253,,,,,1.7838441493337693,1.0,0.0
,0.0,0.0,jpeg:50,45.000025119199364,0.9866227602224389,,0.0,"{""S4_HEADER_FAILURE"":1}",C3,1,0,coco-000000356248-000000422706,0.0,153763840.0,0.471806979672603,,,,,1.8240164239996375,1.0,0.0
,0.0,0.0,jpeg:70,45.000025119199364,0.9866227602224389,,0.0,"{""S4_HEADER_FAILURE"":1}",C3,1,0,coco-000000356248-000000422706,0.0,157339648.0,0.4480032379924447,,,,,1.8625764360003814,1.0,0.0
,0.0,0.0,jpeg:90,45.000025119199364,0.9866227602224389,,0.0,"{""S4_HEADER_FAILURE"":1}",C3,1,0,coco-000000356248-000000422706,0.0,153874432.0,0.3424087066019068,,,,,1.6625558539999474,1.0,0.0
,0.0,0.0,salt_pepper:0.01,45.000025119199364,0.9866227602224389,,0.0,"{""S4_HEADER_FAILURE"":3}",C3,3,0,coco-000000356248-000000422706,0.0,156841301.33333334,0.15676530551058343,,,,,1.688900881000033,1.0,0.0
,0.0,0.0,salt_pepper:0.03,45.000025119199364,0.9866227602224389,,0.0,"{""S4_HEADER_FAILURE"":3}",C3,3,0,coco-000000356248-000000422706,0.0,155176960.0,0.3173187623673322,,,,,1.7411508649996297,1.0,0.0
,0.0,0.0,salt_pepper:0.05,45.000025119199364,0.9866227602224389,,0.0,"{""S4_HEADER_FAILURE"":3}",C3,3,0,coco-000000356248-000000422706,0.0,155215189.33333334,0.394231576422618,,,,,1.8356848339996457,1.0,0.0
0.0,1.0,1.0,clean,45.000025119199364,0.98659749763028,0.0,1.0,"{""S0_COMPLETE"":1}",C3_NP,1,0,coco-000000356248-000000422706,1.0,154742784.0,0.00022036337470768123,1.0,1.0000000000000002,,1.0,2.403050473998519,0.0,1.0
,0.0,0.0,gaussian:10,45.000025119199364,0.9865974976302802,,0.0,"{""S4_HEADER_FAILURE"":3}",C3_NP,3,0,coco-000000356248-000000422706,0.0,155694421.33333334,0.3224021106913713,,,,,1.7447727609996946,1.0,0.0
,0.0,0.0,gaussian:15,45.000025119199364,0.9865974976302802,,0.0,"{""S4_HEADER_FAILURE"":3}",C3_NP,3,0,coco-000000356248-000000422706,0.0,155940181.33333334,0.3533893985728848,,,,,1.7697697019993939,1.0,0.0
,0.0,0.0,gaussian:5,45.000025119199364,0.9865974976302802,,0.0,"{""S4_HEADER_FAILURE"":3}",C3_NP,3,0,coco-000000356248-000000422706,0.0,156659712.0,0.25911434910355574,,,,,1.7327075086674693,1.0,0.0
,0.0,0.0,jpeg:50,45.000025119199364,0.98659749763028,,0.0,"{""S4_HEADER_FAILURE"":1}",C3_NP,1,0,coco-000000356248-000000422706,0.0,155189248.0,0.4726974275948912,,,,,1.5334603749997768,1.0,0.0
,0.0,0.0,jpeg:70,45.000025119199364,0.98659749763028,,0.0,"{""S4_HEADER_FAILURE"":1}",C3_NP,1,0,coco-000000356248-000000422706,0.0,153874432.0,0.44729717575103434,,,,,2.029117488000338,1.0,0.0
,0.0,0.0,jpeg:90,45.000025119199364,0.98659749763028,,0.0,"{""S4_HEADER_FAILURE"":1}",C3_NP,1,0,coco-000000356248-000000422706,0.0,155729920.0,0.34576812376326677,,,,,1.7852926230007142,1.0,0.0
,0.0,0.0,salt_pepper:0.01,45.000025119199364,0.9865974976302802,,0.0,"{""S4_HEADER_FAILURE"":3}",C3_NP,3,0,coco-000000356248-000000422706,0.0,155212458.66666666,0.15736643281165677,,,,,1.899377044666835,1.0,0.0
,0.0,0.0,salt_pepper:0.03,45.000025119199364,0.9865974976302802,,0.0,"{""S4_HEADER_FAILURE"":3}",C3_NP,3,0,coco-000000356248-000000422706,0.0,156551850.66666666,0.3175556155183786,,,,,2.020460534333324,1.0,0.0
,0.0,0.0,salt_pepper:0.05,45.000025119199364,0.9865974976302802,,0.0,"{""S4_HEADER_FAILURE"":3}",C3_NP,3,0,coco-000000356248-000000422706,0.0,155034965.33333334,0.3933141452299574,,,,,2.0440806870004358,1.0,0.0
,,1.0,clean,46.21798648711537,0.9901893996849642,,,"{""S0_COMPLETE"":1}",B1,1,0,coco-000000386134-000000169356,1.0,157339648.0,0.0,1.0,1.0,,1.0,0.014086405999478302,0.0,
,,0.0,gaussian:10,46.217986487115375,0.9901893996849642,,,"{""S2_HEADER_VALID_PARTIAL"":3}",B1,3,0,coco-000000386134-000000169356,0.5060297648111979,154854741.33333334,0.49397023518880206,0.5060297648111979,0.7944492746976154,8.993395874976299,0.01139890297112324,0.02599995233322261,0.0,
,,0.0,gaussian:15,46.217986487115375,0.9901893996849642,,,"{""S2_HEADER_VALID_PARTIAL"":3}",B1,3,0,coco-000000386134-000000169356,0.5016454060872396,156824917.33333334,0.49835459391276044,0.5016454060872396,0.7926360262948396,8.970911457852074,0.012527045474545797,0.012263725000593695,0.0,
,,0.0,gaussian:5,46.217986487115375,0.9901893996849642,,,"{""S2_HEADER_VALID_PARTIAL"":3}",B1,3,0,coco-000000386134-000000169356,0.5301411946614584,157118464.0,0.4698588053385417,0.5301411946614584,0.8052446378298029,9.244485651426695,0.026596685889039868,0.025151610000951525,0.0,
,,0.0,jpeg:50,46.21798648711537,0.9901893996849642,,,"{""S2_HEADER_VALID_PARTIAL"":1}",B1,1,0,coco-000000386134-000000169356,0.50299072265625,154034176.0,0.49700927734375,0.50299072265625,0.7812334404569328,9.167828654709647,0.00990591909300571,0.010886669000683469,0.0,
,,0.0,jpeg:70,46.21798648711537,0.9901893996849642,,,"{""S2_HEADER_VALID_PARTIAL"":1}",B1,1,0,coco-000000386134-000000169356,0.5054779052734375,157339648.0,0.4945220947265625,0.5054779052734375,0.800102434508303,9.192277829527361,0.009105051315121978,0.018029422000836348,0.0,
,,0.0,jpeg:90,46.21798648711537,0.9901893996849642,,,"{""S2_HEADER_VALID_PARTIAL"":1}",B1,1,0,coco-000000386134-000000169356,0.5239410400390625,154914816.0,0.4760589599609375,0.5239410400390625,0.8146912770590381,9.51164894381608,0.041254852739769414,0.026887526999416878,0.0,
,,0.0,salt_pepper:0.01,46.217986487115375,0.9901893996849642,,,"{""S2_HEADER_VALID_PARTIAL"":3}",B1,3,0,coco-000000386134-000000169356,0.9950103759765625,156543658.66666666,0.0049896240234375,0.9950103759765625,0.9961844541150217,26.97864646802188,0.881368754842527,0.012552118334497209,0.0,
,,0.0,salt_pepper:0.03,46.217986487115375,0.9901893996849642,,,"{""S2_HEADER_VALID_PARTIAL"":3}",B1,3,0,coco-000000386134-000000169356,0.98486328125,155429546.66666666,0.01513671875,0.98486328125,0.9881977651265433,22.033210342447955,0.7100147086377354,0.006405691000206086,0.0,
,,0.0,salt_pepper:0.05,46.217986487115375,0.9901893996849642,,,"{""S2_HEADER_VALID_PARTIAL"":3}",B1,3,0,coco-000000386134-000000169356,0.9748611450195312,156250112.0,0.02513885498046875,0.9748611450195312,0.9798591020579518,19.672229324254488,0.5996543378060185,0.007709103333278715,0.0,
,,1.0,clean,44.81052494738173,0.9860834848694978,,,"{""S0_COMPLETE"":1}",B2,1,0,coco-000000386134-000000169356,1.0,157339648.0,0.0,1.0,1.0,,1.0,0.006921580999915022,0.0,
,,0.0,gaussian:10,44.81052494738173,0.9860834848694978,,,"{""S2_HEADER_VALID_PARTIAL"":3}",B2,3,0,coco-000000386134-000000169356,0.5115509033203125,155228842.66666666,0.4884490966796875,0.5115509033203125,0.7926141266661723,8.985797547737322,0.015060420089236498,0.012998662666480717,0.0,
,,0.0,gaussian:15,44.81052494738173,0.9860834848694978,,,"{""S2_HEADER_VALID_PARTIAL"":3}",B2,3,0,coco-000000386134-000000169356,0.5019810994466146,156543658.66666666,0.49801890055338544,0.5019810994466146,0.7912068510493849,8.955419476494937,0.007309704976238919,0.013143890332988425,0.0,
,,0.0,gaussian:5,44.81052494738173,0.9860834848694978,,,"{""S2_HEADER_VALID_PARTIAL"":3}",B2,3,0,coco-000000386134-000000169356,0.5813064575195312,156054869.33333334,0.41869354248046875,0.5813064575195312,0.8136804505712617,9.468477422145435,0.0462294807428626,0.01295305566660924,0.0,
,,0.0,jpeg:50,44.81052494738173,0.9860834848694978,,,"{""S2_HEADER_VALID_PARTIAL"":1}",B2,1,0,coco-000000386134-000000169356,0.5000686645507812,155615232.0,0.49993133544921875,0.5000686645507812,0.524573856624796,7.161645481163145,0.016197342292476408,0.010113708000062616,0.0,
,,0.0,jpeg:70,44.81052494738173,0.9860834848694978,,,"{""S2_HEADER_VALID_PARTIAL"":1}",B2,1,0,coco-000000386134-000000169356,0.4779510498046875,159100928.0,0.5220489501953125,0.4779510498046875,0.5660095234605722,7.322097171996875,-0.017710578063115538,0.012262181000551209,0.0,
,,0.0,jpeg:90,44.81052494738173,0.9860834848694978,,,"{""S2_HEADER_VALID_PARTIAL"":1}",B2,1,0,coco-000000386134-000000169356,0.6449356079101562,154914816.0,0.35506439208984375,0.6449356079101562,0.9073379059523906,13.118363900564095,0.3703655982738767,0.011832359999971231,0.0,
,,0.0,salt_pepper:0.01,44.81052494738173,0.9860834848694978,,,"{""S2_HEADER_VALID_PARTIAL"":3}",B2,3,0,coco-000000386134-000000169356,0.7594451904296875,156581888.0,0.2405548095703125,0.7594451904296875,0.8766538305267263,11.43150470985542,0.15840220171249028,0.009681780999623394,0.0,
,,0.0,salt_pepper:0.03,44.81052494738173,0.9860834848694978,,,"{""S2_HEADER_VALID_PARTIAL"":3}",B2,3,0,coco-000000386134-000000169356,0.5707372029622396,155568810.66666666,0.42926279703776044,0.5707372029622396,0.8105978042348218,9.414464440691733,0.04221926553316371,0.009330782999919999,0.0,
,,0.0,salt_pepper:0.05,44.81052494738173,0.9860834848694978,,,"{""S2_HEADER_VALID_PARTIAL"":3}",B2,3,0,coco-000000386134-000000169356,0.5199457804361979,156842666.66666666,0.48005421956380206,0.5199457804361979,0.7986775545325536,9.089553964188354,0.021945962857966825,0.01224637466718074,0.0,
0.0,1.0,1.0,clean,45.000009005482426,0.9868141687622386,0.0,1.0,"{""S0_COMPLETE"":1}",C0,1,0,coco-000000386134-000000169356,1.0,155897856.0,4.497211728728188e-06,1.0,1.0,,1.0,2.5015762340008223,0.0,1.0
,0.0,0.0,gaussian:10,45.00000900548243,0.9868141687622386,,0.0,"{""S4_HEADER_FAILURE"":3}",C0,3,0,coco-000000386134-000000169356,0.0,156871338.66666666,0.3222866822570007,,,,,2.4085713756667246,1.0,0.0
,0.0,0.0,gaussian:15,45.00000900548243,0.9868141687622386,,0.0,"{""S4_HEADER_FAILURE"":3}",C0,3,0,coco-000000386134-000000169356,0.0,155312128.0,0.3534373688313246,,,,,2.7077045043333783,1.0,0.0
,0.0,0.0,gaussian:5,45.00000900548243,0.9868141687622386,,0.0,"{""S4_HEADER_FAILURE"":3}",C0,3,0,coco-000000386134-000000169356,0.0,157220864.0,0.2571715536367452,,,,,2.5693070313330586,1.0,0.0
,0.0,0.0,jpeg:50,45.000009005482426,0.9868141687622386,,0.0,"{""S4_HEADER_FAILURE"":1}",C0,1,0,coco-000000386134-000000169356,0.0,157741056.0,0.47132128080590036,,,,,2.1298807799994393,1.0,0.0
,0.0,0.0,jpeg:70,45.000009005482426,0.9868141687622386,,0.0,"{""S4_HEADER_FAILURE"":1}",C0,1,0,coco-000000386134-000000169356,0.0,155176960.0,0.451290699766145,,,,,2.536537234000207,1.0,0.0
,0.0,0.0,jpeg:90,45.000009005482426,0.9868141687622386,,0.0,"{""S4_HEADER_FAILURE"":1}",C0,1,0,coco-000000386134-000000169356,0.0,155840512.0,0.35044072674941534,,,,,2.948435647000224,1.0,0.0
,0.0,0.0,salt_pepper:0.01,45.00000900548243,0.9868141687622386,,0.0,"{""S4_HEADER_FAILURE"":3}",C0,3,0,coco-000000386134-000000169356,0.0,156315648.0,0.16213797445583736,,,,,2.2550864289999786,1.0,0.0
,0.0,0.0,salt_pepper:0.03,45.00000900548243,0.9868141687622386,,0.0,"{""S4_HEADER_FAILURE"":3}",C0,3,0,coco-000000386134-000000169356,0.0,156831744.0,0.32245457816153983,,,,,2.3424333156666157,1.0,0.0
,0.0,0.0,salt_pepper:0.05,45.00000900548243,0.9868141687622386,,0.0,"{""S4_HEADER_FAILURE"":3}",C0,3,0,coco-000000386134-000000169356,0.0,157066581.33333334,0.3948461953588775,,,,,1.7594257989997761,1.0,0.0
0.0,1.0,1.0,clean,45.00001706233342,0.9867075185253273,0.0,1.0,"{""S0_COMPLETE"":1}",C1,1,0,coco-000000386134-000000169356,1.0,157741056.0,8.994423457456377e-06,1.0,1.0,,1.0,2.242997658000604,0.0,1.0
,0.0,0.0,gaussian:10,45.00001706233342,0.9867075185253272,,0.0,"{""S4_HEADER_FAILURE"":3}",C1,3,0,coco-000000386134-000000169356,0.0,155896490.66666666,0.3233420279426755,,,,,1.5606509693334374,1.0,0.0
,0.0,0.0,gaussian:15,45.00001706233342,0.9867075185253272,,0.0,"{""S4_HEADER_FAILURE"":3}",C1,3,0,coco-000000386134-000000169356,0.0,156022101.33333334,0.35311656772800865,,,,,2.005356050999884,1.0,0.0
,0.0,0.0,gaussian:5,45.00001706233342,0.9867075185253272,,0.0,"{""S4_HEADER_FAILURE"":3}",C1,3,0,coco-000000386134-000000169356,0.0,156232362.66666666,0.2581759309228278,,,,,1.7260897070003314,1.0,0.0
,0.0,0.0,jpeg:50,45.00001706233342,0.9867075185253273,,0.0,"{""S4_HEADER_FAILURE"":1}",C1,1,0,coco-000000386134-000000169356,0.0,155176960.0,0.46891077531930203,,,,,1.710192022001138,1.0,0.0
,0.0,0.0,jpeg:70,45.00001706233342,0.9867075185253273,,0.0,"{""S4_HEADER_FAILURE"":1}",C1,1,0,coco-000000386134-000000169356,0.0,156786688.0,0.4434745457816154,,,,,1.669000079999023,1.0,0.0
,0.0,0.0,jpeg:90,45.00001706233342,0.9867075185253273,,0.0,"{""S4_HEADER_FAILURE"":1}",C1,1,0,coco-000000386134-000000169356,0.0,157339648.0,0.34124842597589494,,,,,1.7825544589995843,1.0,0.0
,0.0,0.0,salt_pepper:0.01,45.00001706233342,0.9867075185253272,,0.0,"{""S4_HEADER_FAILURE"":3}",C1,3,0,coco-000000386134-000000169356,0.0,156719786.66666666,0.1621529651615998,,,,,2.1989129403330785,1.0,0.0
,0.0,0.0,salt_pepper:0.03,45.00001706233342,0.9867075185253272,,0.0,"{""S4_HEADER_FAILURE"":3}",C1,3,0,coco-000000386134-000000169356,0.0,157084330.66666666,0.32509144330515083,,,,,1.9405026063329085,1.0,0.0
,0.0,0.0,salt_pepper:0.05,45.00001706233342,0.9867075185253272,,0.0,"{""S4_HEADER_FAILURE"":3}",C1,3,0,coco-000000386134-000000169356,0.0,156992853.33333334,0.39780536067638056,,,,,1.9954310720004287,1.0,0.0
0.0,1.0,1.0,clean,45.00003317608025,0.986804492423143,0.0,1.0,"{""S0_COMPLETE"":1}",C2,1,0,coco-000000386134-000000169356,1.0,156786688.0,0.0,1.0,1.0,,1.0,2.5334297959998366,0.0,1.0
,0.0,0.0,gaussian:10,45.00003317608025,0.986804492423143,,0.0,"{""S4_HEADER_FAILURE"":3}",C2,3,0,coco-000000386134-000000169356,0.0,157184000.0,0.32127780775918935,,,,,2.192680307999884,1.0,0.0
,0.0,0.0,gaussian:15,45.00003317608025,0.986804492423143,,0.0,"{""S4_HEADER_FAILURE"":3}",C2,3,0,coco-000000386134-000000169356,0.0,155779072.0,0.35281075733045514,,,,,1.8372587706665702,1.0,0.0
,0.0,0.0,gaussian:5,45.00003317608025,0.986804492423143,,0.0,"{""S4_HEADER_FAILURE"":3}",C2,3,0,coco-000000386134-000000169356,0.0,155280725.33333334,0.25723451460094743,,,,,1.9426341170007315,1.0,0.0
,0.0,0.0,jpeg:50,45.00003317608025,0.986804492423143,,0.0,"{""S4_HEADER_FAILURE"":1}",C2,1,0,coco-000000386134-000000169356,0.0,155840512.0,0.47156413023925164,,,,,1.6019899619986973,1.0,0.0
,0.0,0.0,jpeg:70,45.00003317608025,0.986804492423143,,0.0,"{""S4_HEADER_FAILURE"":1}",C2,1,0,coco-000000386134-000000169356,0.0,156286976.0,0.4501843856808779,,,,,1.5845433119993686,1.0,0.0
,0.0,0.0,jpeg:90,45.00003317608025,0.986804492423143,,0.0,"{""S4_HEADER_FAILURE"":1}",C2,1,0,coco-000000386134-000000169356,0.0,155176960.0,0.34853840618816334,,,,,1.7129715179999039,1.0,0.0
,0.0,0.0,salt_pepper:0.01,45.00003317608025,0.986804492423143,,0.0,"{""S4_HEADER_FAILURE"":3}",C2,3,0,coco-000000386134-000000169356,0.0,156733440.0,0.16300293817832942,,,,,1.7248322873329016,1.0,0.0
,0.0,0.0,salt_pepper:0.03,45.00003317608025,0.986804492423143,,0.0,"{""S4_HEADER_FAILURE"":3}",C2,3,0,coco-000000386134-000000169356,0.0,157962240.0,0.32341398333033516,,,,,2.00314961833404,1.0,0.0
,0.0,0.0,salt_pepper:0.05,45.00003317608025,0.986804492423143,,0.0,"{""S4_HEADER_FAILURE"":3}",C2,3,0,coco-000000386134-000000169356,0.0,155787264.0,0.3972537027043233,,,,,1.8488881339999352,1.0,0.0
0.0,1.0,1.0,clean,45.000009005482426,0.9867134867450973,0.0,1.0,"{""S0_COMPLETE"":1}",C3,1,0,coco-000000386134-000000169356,1.0,155897856.0,0.0,1.0,1.0,,1.0,3.0759467070001847,0.0,1.0
,0.0,0.0,gaussian:10,45.00000900548243,0.9867134867450972,,0.0,"{""S4_HEADER_FAILURE"":3}",C3,3,0,coco-000000386134-000000169356,0.0,157783381.33333334,0.32242009953828626,,,,,2.736871942332679,1.0,0.0
,0.0,0.0,gaussian:15,45.00000900548243,0.9867134867450972,,0.0,"{""S4_HEADER_FAILURE"":3}",C3,3,0,coco-000000386134-000000169356,0.0,156865877.33333334,0.3528242489656413,,,,,2.3316264756667806,1.0,0.0
,0.0,0.0,gaussian:5,45.00000900548243,0.9867134867450972,,0.0,"{""S4_HEADER_FAILURE"":3}",C3,3,0,coco-000000386134-000000169356,0.0,155153749.33333334,0.2579675601127301,,,,,3.0434302049998223,1.0,0.0
,0.0,0.0,jpeg:50,45.000009005482426,0.9867134867450973,,0.0,"{""S4_HEADER_FAILURE"":1}",C3,1,0,coco-000000386134-000000169356,0.0,154034176.0,0.46917161359956827,,,,,3.0559664600004908,1.0,0.0
,0.0,0.0,jpeg:70,45.000009005482426,0.9867134867450973,,0.0,"{""S4_HEADER_FAILURE"":1}",C3,1,0,coco-000000386134-000000169356,0.0,154439680.0,0.4454038496132398,,,,,2.1231762839997828,1.0,0.0
,0.0,0.0,jpeg:90,45.000009005482426,0.9867134867450973,,0.0,"{""S4_HEADER_FAILURE"":1}",C3,1,0,coco-000000386134-000000169356,0.0,158416896.0,0.34158571685554956,,,,,2.4363255749995005,1.0,0.0
,0.0,0.0,salt_pepper:0.01,45.00000900548243,0.9867134867450972,,0.0,"{""S4_HEADER_FAILURE"":3}",C3,3,0,coco-000000386134-000000169356,0.0,156005717.33333334,0.16141092522635966,,,,,2.1828348613332005,1.0,0.0
,0.0,0.0,salt_pepper:0.03,45.00000900548243,0.9867134867450972,,0.0,"{""S4_HEADER_FAILURE"":3}",C3,3,0,coco-000000386134-000000169356,0.0,156497237.33333334,0.32433141452299574,,,,,2.153023272666663,1.0,0.0
,0.0,0.0,salt_pepper:0.05,45.00000900548243,0.9867134867450972,,0.0,"{""S4_HEADER_FAILURE"":3}",C3,3,0,coco-000000386134-000000169356,0.0,156838570.66666666,0.39804071475685077,,,,,2.0626590643326685,1.0,0.0
0.0,1.0,1.0,clean,45.00001706233342,0.9867069467468674,0.0,1.0,"{""S0_COMPLETE"":1}",C3_NP,1,0,coco-000000386134-000000169356,1.0,155840512.0,4.497211728728188e-06,1.0,1.0,,1.0,1.9503664029998617,0.0,1.0
,0.0,0.0,gaussian:10,45.00001706233342,0.9867069467468674,,0.0,"{""S4_HEADER_FAILURE"":3}",C3_NP,3,0,coco-000000386134-000000169356,0.0,156549120.0,0.32198686814175215,,,,,2.2424518113336185,1.0,0.0
,0.0,0.0,gaussian:15,45.00001706233342,0.9867069467468674,,0.0,"{""S4_HEADER_FAILURE"":3}",C3_NP,3,0,coco-000000386134-000000169356,0.0,157013333.33333334,0.35371619595850573,,,,,3.1959131233331086,1.0,0.0
,0.0,0.0,gaussian:5,45.00001706233342,0.9867069467468674,,0.0,"{""S4_HEADER_FAILURE"":3}",C3_NP,3,0,coco-000000386134-000000169356,0.0,155788629.33333334,0.2589764346105415,,,,,1.8184799573330868,1.0,0.0
,0.0,0.0,jpeg:50,45.00001706233342,0.9867069467468674,,0.0,"{""S4_HEADER_FAILURE"":1}",C3_NP,1,0,coco-000000386134-000000169356,0.0,154439680.0,0.4697562511243029,,,,,1.7941943779987923,1.0,0.0
,0.0,0.0,jpeg:70,45.00001706233342,0.9867069467468674,,0.0,"{""S4_HEADER_FAILURE"":1}",C3_NP,1,0,coco-000000386134-000000169356,0.0,156487680.0,0.44584907357438386,,,,,1.6353097689989227,1.0,0.0
,0.0,0.0,jpeg:90,45.00001706233342,0.9867069467468674,,0.0,"{""S4_HEADER_FAILURE"":1}",C3_NP,1,0,coco-000000386134-000000169356,0.0,156786688.0,0.34122144270552257,,,,,1.5772628779996012,1.0,0.0
,0.0,0.0,salt_pepper:0.01,45.00001706233342,0.9867069467468674,,0.0,"{""S4_HEADER_FAILURE"":3}",C3_NP,3,0,coco-000000386134-000000169356,0.0,156865877.33333334,0.16159830904839,,,,,2.7393761856662118,1.0,0.0
,0.0,0.0,salt_pepper:0.03,45.00001706233342,0.9867069467468674,,0.0,"{""S4_HEADER_FAILURE"":3}",C3_NP,3,0,coco-000000386134-000000169356,0.0,157122560.0,0.3249085566948492,,,,,3.3768183036663686,1.0,0.0
,0.0,0.0,salt_pepper:0.05,45.00001706233342,0.9867069467468674,,0.0,"{""S4_HEADER_FAILURE"":3}",C3_NP,3,0,coco-000000386134-000000169356,0.0,156150442.66666666,0.39755201774899557,,,,,2.9062028649993104,1.0,0.0
,,1.0,clean,45.470379104623845,0.9963639305069938,,,"{""S0_COMPLETE"":1}",B1,1,0,coco-000000388056-000000329456,1.0,155176960.0,0.0,1.0,1.0,,1.0,0.0031495160001213662,0.0,
,,0.0,gaussian:10,45.470379104623845,0.9963639305069938,,,"{""S2_HEADER_VALID_PARTIAL"":3}",B1,3,0,coco-000000388056-000000329456,0.5073369344075521,157067946.66666666,0.49266306559244794,0.5073369344075521,0.7006677877896396,7.272742808915164,0.015151681070568078,0.010933355666566058,0.0,
,,0.0,gaussian:15,45.470379104623845,0.9963639305069938,,,"{""S2_HEADER_VALID_PARTIAL"":3}",B1,3,0,coco-000000388056-000000329456,0.5026270548502604,156756650.66666666,0.49737294514973956,0.5026270548502604,0.6971537432697582,7.250048758892074,0.006477462807487853,0.0127392153335677,0.0,
,,0.0,gaussian:5,45.470379104623845,0.9963639305069938,,,"{""S2_HEADER_VALID_PARTIAL"":3}",B1,3,0,coco-000000388056-000000329456,0.5296045939127604,154854741.33333334,0.47039540608723956,0.5296045939127604,0.7151630834957969,7.508361787571279,0.023504070139368657,0.009559383333908045,0.0,
,,0.0,jpeg:50,45.470379104623845,0.9963639305069938,,,"{""S2_HEADER_VALID_PARTIAL"":1}",B1,1,0,coco-000000388056-000000329456,0.4990081787109375,155176960.0,0.5009918212890625,0.4990081787109375,0.6971007757409738,7.241030683951709,0.0030708964218721614,0.009537444999295985,0.0,
,,0.0,jpeg:70,45.470379104623845,0.9963639305069938,,,"{""S2_HEADER_VALID_PARTIAL"":1}",B1,1,0,coco-000000388056-000000329456,0.5022506713867188,154914816.0,0.49774932861328125,0.5022506713867188,0.7001370577495557,7.265731141715372,0.012255962060106193,0.00621151100131101,0.0,
,,0.0,jpeg:90,45.470379104623845,0.9963639305069938,,,"{""S2_HEADER_VALID_PARTIAL"":1}",B1,1,0,coco-000000388056-000000329456,0.51336669921875,155176960.0,0.48663330078125,0.51336669921875,0.7074479672696672,7.410806279909519,0.022364404545935575,0.0053522289999818895,0.0,
,,0.0,salt_pepper:0.01,45.470379104623845,0.9963639305069938,,,"{""S2_HEADER_VALID_PARTIAL"":3}",B1,3,0,coco-000000388056-000000329456,0.9948476155598959,155866453.33333334,0.005152384440104167,0.9948476155598959,0.9953148837193885,25.779706243115594,0.8524327110353211,0.005206788666934396,0.0,
,,0.0,salt_pepper:0.03,45.470379104623845,0.9963639305069938,,,"{""S2_HEADER_VALID_PARTIAL"":3}",B1,3,0,coco-000000388056-000000329456,0.985260009765625,156540928.0,0.014739990234375,0.985260009765625,0.9873415105814564,21.443687310077095,0.6792417933537637,0.0067317049991591675,0.0,
,,0.0,salt_pepper:0.05,45.470379104623845,0.9963639305069938,,,"{""S2_HEADER_VALID_PARTIAL"":3}",B1,3,0,coco-000000388056-000000329456,0.9747848510742188,156902741.33333334,0.02521514892578125,0.9747848510742188,0.9784392624012289,19.11193041813514,0.5505393802628399,0.00588508300036968,0.0,
,,0.0,clean,,,,,"{""S5_EXTRACTION_TRANSFORM_FAILURE"":1}",B2,1,0,coco-000000388056-000000329456,,156786688.0,,,,,,,,
,,0.0,gaussian:10,,,,,"{""S5_EXTRACTION_TRANSFORM_FAILURE"":3}",B2,3,0,coco-000000388056-000000329456,,156725248.0,,,,,,,,
,,0.0,gaussian:15,,,,,"{""S5_EXTRACTION_TRANSFORM_FAILURE"":3}",B2,3,0,coco-000000388056-000000329456,,155672576.0,,,,,,,,
,,0.0,gaussian:5,,,,,"{""S5_EXTRACTION_TRANSFORM_FAILURE"":3}",B2,3,0,coco-000000388056-000000329456,,155769514.66666666,,,,,,,,
,,0.0,jpeg:50,,,,,"{""S5_EXTRACTION_TRANSFORM_FAILURE"":1}",B2,1,0,coco-000000388056-000000329456,,154914816.0,,,,,,,,
,,0.0,jpeg:70,,,,,"{""S5_EXTRACTION_TRANSFORM_FAILURE"":1}",B2,1,0,coco-000000388056-000000329456,,155176960.0,,,,,,,,
,,0.0,jpeg:90,,,,,"{""S5_EXTRACTION_TRANSFORM_FAILURE"":1}",B2,1,0,coco-000000388056-000000329456,,155897856.0,,,,,,,,
,,0.0,salt_pepper:0.01,,,,,"{""S5_EXTRACTION_TRANSFORM_FAILURE"":3}",B2,3,0,coco-000000388056-000000329456,,157293226.66666666,,,,,,,,
,,0.0,salt_pepper:0.03,,,,,"{""S5_EXTRACTION_TRANSFORM_FAILURE"":3}",B2,3,0,coco-000000388056-000000329456,,156344320.0,,,,,,,,
,,0.0,salt_pepper:0.05,,,,,"{""S5_EXTRACTION_TRANSFORM_FAILURE"":3}",B2,3,0,coco-000000388056-000000329456,,155526485.33333334,,,,,,,,
0.0,1.0,1.0,clean,45.000000948646374,0.9906741587319117,0.0,1.0,"{""S0_COMPLETE"":1}",C0,1,0,coco-000000388056-000000329456,1.0,155176960.0,0.0011782694729267854,1.0,1.0,,1.0,2.8902449119996163,0.0,1.0
,0.0,0.0,gaussian:10,45.000000948646374,0.9906741587319118,,0.0,"{""S4_HEADER_FAILURE"":3}",C0,3,0,coco-000000388056-000000329456,0.0,156707498.66666666,0.32195388858907475,,,,,2.0443471686673242,1.0,0.0
,0.0,0.0,gaussian:15,45.000000948646374,0.9906741587319118,,0.0,"{""S4_HEADER_FAILURE"":3}",C0,3,0,coco-000000388056-000000329456,0.0,155936085.33333334,0.352846735024285,,,,,1.9014921003332954,1.0,0.0
,0.0,0.0,gaussian:5,45.000000948646374,0.9906741587319118,,0.0,"{""S4_HEADER_FAILURE"":3}",C0,3,0,coco-000000388056-000000329456,0.0,156826282.66666666,0.25854470228458354,,,,,2.033996110333343,1.0,0.0
,0.0,0.0,jpeg:50,45.000000948646374,0.9906741587319117,,0.0,"{""S4_HEADER_FAILURE"":1}",C0,1,0,coco-000000388056-000000329456,0.0,155897856.0,0.469077172153265,,,,,2.0003470560004644,1.0,0.0
,0.0,0.0,jpeg:70,45.000000948646374,0.9906741587319117,,0.0,"{""S4_HEADER_FAILURE"":1}",C0,1,0,coco-000000388056-000000329456,0.0,154034176.0,0.4476389638424177,,,,,1.96343827200144,1.0,0.0
,0.0,0.0,jpeg:90,45.000000948646374,0.9906741587319117,,0.0,"{""S4_HEADER_FAILURE"":1}",C0,1,0,coco-000000388056-000000329456,0.0,155840512.0,0.35160550458715595,,,,,2.1874396200000774,1.0,0.0
,0.0,0.0,salt_pepper:0.01,45.000000948646374,0.9906741587319118,,0.0,"{""S4_HEADER_FAILURE"":3}",C0,3,0,coco-000000388056-000000329456,0.0,158774613.33333334,0.16545541764106256,,,,,1.7943558870004683,1.0,0.0
,0.0,0.0,salt_pepper:0.03,45.000000948646374,0.9906741587319118,,0.0,"{""S4_HEADER_FAILURE"":3}",C0,3,0,coco-000000388056-000000329456,0.0,156069888.0,0.3225685075253343,,,,,1.86521162333338,1.0,0.0
,0.0,0.0,salt_pepper:0.05,45.000000948646374,0.9906741587319118,,0.0,"{""S4_HEADER_FAILURE"":3}",C0,3,0,coco-000000388056-000000329456,0.0,156480853.33333334,0.398968639443545,,,,,2.8777291193334045,1.0,0.0
0.0,1.0,1.0,clean,45.00001706233342,0.9907942042327742,0.0,1.0,"{""S0_COMPLETE"":1}",C1,1,0,coco-000000388056-000000329456,1.0,154034176.0,0.00129069976614499,1.0,1.0,,1.0,5.462345796999216,0.0,1.0
,0.0,0.0,gaussian:10,45.00001706233342,0.9907942042327743,,0.0,"{""S4_HEADER_FAILURE"":3}",C1,3,0,coco-000000388056-000000329456,0.0,156398933.33333334,0.32318762367332254,,,,,2.8803516063332304,1.0,0.0
,0.0,0.0,gaussian:15,45.00001706233342,0.9907942042327743,,0.0,"{""S4_HEADER_FAILURE"":3}",C1,3,0,coco-000000388056-000000329456,0.0,156631040.0,0.35325748036217547,,,,,3.5970565043335228,1.0,0.0
,0.0,0.0,gaussian:5,45.00001706233342,0.9907942042327743,,0.0,"{""S4_HEADER_FAILURE"":3}",C1,3,0,coco-000000388056-000000329456,0.0,156845397.33333334,0.2601277208130959,,,,,2.8533289286666936,1.0,0.0
,0.0,0.0,jpeg:50,45.00001706233342,0.9907942042327742,,0.0,"{""S4_HEADER_FAILURE"":1}",C1,1,0,coco-000000388056-000000329456,0.0,157339648.0,0.46666216945493794,,,,,4.02934945800007,1.0,0.0
,0.0,0.0,jpeg:70,45.00001706233342,0.9907942042327742,,0.0,"{""S4_HEADER_FAILURE"":1}",C1,1,0,coco-000000388056-000000329456,0.0,155840512.0,0.44271451699946035,,,,,2.031185148000077,1.0,0.0
,0.0,0.0,jpeg:90,45.00001706233342,0.9907942042327742,,0.0,"{""S4_HEADER_FAILURE"":1}",C1,1,0,coco-000000388056-000000329456,0.0,155897856.0,0.3421973376506566,,,,,2.1667556329994113,1.0,0.0
,0.0,0.0,salt_pepper:0.01,45.00001706233342,0.9907942042327743,,0.0,"{""S4_HEADER_FAILURE"":3}",C1,3,0,coco-000000388056-000000329456,0.0,157231786.66666666,0.16443904779036997,,,,,2.539359154000825,1.0,0.0
,0.0,0.0,salt_pepper:0.03,45.00001706233342,0.9907942042327743,,0.0,"{""S4_HEADER_FAILURE"":3}",C1,3,0,coco-000000388056-000000329456,0.0,155228842.66666666,0.32446932901601006,,,,,3.659963987000083,1.0,0.0
,0.0,0.0,salt_pepper:0.05,45.00001706233342,0.9907942042327743,,0.0,"{""S4_HEADER_FAILURE"":3}",C1,3,0,coco-000000388056-000000329456,0.0,156641962.66666666,0.39998051208250884,,,,,3.0908687273337514,1.0,0.0
0.0,1.0,1.0,clean,45.000000948646374,0.9906849234560738,0.0,1.0,"{""S0_COMPLETE"":1}",C2,1,0,coco-000000388056-000000329456,1.0,156495872.0,0.0012322360136715236,1.0,1.0,,1.0,3.0220593079993705,0.0,1.0
,0.0,0.0,gaussian:10,45.000000948646374,0.9906849234560738,,0.0,"{""S4_HEADER_FAILURE"":3}",C2,3,0,coco-000000388056-000000329456,0.0,155514197.33333334,0.32298375007495356,,,,,2.8780455976660355,1.0,0.0
,0.0,0.0,gaussian:15,45.000000948646374,0.9906849234560738,,0.0,"{""S4_HEADER_FAILURE"":3}",C2,3,0,coco-000000388056-000000329456,0.0,156669269.33333334,0.3525244348503927,,,,,2.3758061830000465,1.0,0.0
,0.0,0.0,gaussian:5,45.000000948646374,0.9906849234560738,,0.0,"{""S4_HEADER_FAILURE"":3}",C2,3,0,coco-000000388056-000000329456,0.0,158004565.33333334,0.25876956287102,,,,,2.685723196999485,1.0,0.0
,0.0,0.0,jpeg:50,45.000000948646374,0.9906849234560738,,0.0,"{""S4_HEADER_FAILURE"":1}",C2,1,0,coco-000000388056-000000329456,0.0,155951104.0,0.4704982910595431,,,,,2.81309165499988,1.0,0.0
,0.0,0.0,jpeg:70,45.000000948646374,0.9906849234560738,,0.0,"{""S4_HEADER_FAILURE"":1}",C2,1,0,coco-000000388056-000000329456,0.0,159100928.0,0.4476704443245188,,,,,2.505938641999819,1.0,0.0
,0.0,0.0,jpeg:90,45.000000948646374,0.9906849234560738,,0.0,"{""S4_HEADER_FAILURE"":1}",C2,1,0,coco-000000388056-000000329456,0.0,156786688.0,0.3497481561431912,,,,,2.344374350999715,1.0,0.0
,0.0,0.0,salt_pepper:0.01,45.000000948646374,0.9906849234560738,,0.0,"{""S4_HEADER_FAILURE"":3}",C2,3,0,coco-000000388056-000000329456,0.0,154954410.66666666,0.16520057564310128,,,,,2.2952906660005588,1.0,0.0
,0.0,0.0,salt_pepper:0.03,45.000000948646374,0.9906849234560738,,0.0,"{""S4_HEADER_FAILURE"":3}",C2,3,0,coco-000000388056-000000329456,0.0,156153173.33333334,0.32242009953828626,,,,,2.2211159396665607,1.0,0.0
,0.0,0.0,salt_pepper:0.05,45.000000948646374,0.9906849234560738,,0.0,"{""S4_HEADER_FAILURE"":3}",C2,3,0,coco-000000388056-000000329456,0.0,157076138.66666666,0.399166516759609,,,,,2.443253885333737,1.0,0.0
0.0,1.0,1.0,clean,45.00001706233342,0.9907954375069462,0.0,1.0,"{""S0_COMPLETE"":1}",C3,1,0,coco-000000388056-000000329456,1.0,159100928.0,0.0012996941896024465,1.0,1.0,,1.0,2.8724197459996503,0.0,1.0
,0.0,0.0,gaussian:10,45.00001706233342,0.9907954375069462,,0.0,"{""S4_HEADER_FAILURE"":3}",C3,3,0,coco-000000388056-000000329456,0.0,155800917.33333334,0.3233780056365054,,,,,1.6535070463335917,1.0,0.0
,0.0,0.0,gaussian:15,45.00001706233342,0.9907954375069462,,0.0,"{""S4_HEADER_FAILURE"":3}",C3,3,0,coco-000000388056-000000329456,0.0,155871914.66666666,0.3524614738861905,,,,,1.5837212026672205,1.0,0.0
,0.0,0.0,gaussian:5,45.00001706233342,0.9907954375069462,,0.0,"{""S4_HEADER_FAILURE"":3}",C3,3,0,coco-000000388056-000000329456,0.0,156247381.33333334,0.2602356538945853,,,,,1.8299470056669331,1.0,0.0
,0.0,0.0,jpeg:50,45.00001706233342,0.9907954375069462,,0.0,"{""S4_HEADER_FAILURE"":1}",C3,1,0,coco-000000388056-000000329456,0.0,158806016.0,0.4651421118906278,,,,,1.7822417549996317,1.0,0.0
,0.0,0.0,jpeg:70,45.00001706233342,0.9907954375069462,,0.0,"{""S4_HEADER_FAILURE"":1}",C3,1,0,coco-000000388056-000000329456,0.0,156790784.0,0.4423637344846195,,,,,1.840344752999954,1.0,0.0
,0.0,0.0,jpeg:90,45.00001706233342,0.9907954375069462,,0.0,"{""S4_HEADER_FAILURE"":1}",C3,1,0,coco-000000388056-000000329456,0.0,157741056.0,0.3420264436049649,,,,,1.896738372000982,1.0,0.0
,0.0,0.0,salt_pepper:0.01,45.00001706233342,0.9907954375069462,,0.0,"{""S4_HEADER_FAILURE"":3}",C3,3,0,coco-000000388056-000000329456,0.0,156207786.66666666,0.16386640283024526,,,,,1.671301584333681,1.0,0.0
,0.0,0.0,salt_pepper:0.03,45.00001706233342,0.9907954375069462,,0.0,"{""S4_HEADER_FAILURE"":3}",C3,3,0,coco-000000388056-000000329456,0.0,157369685.33333334,0.32339449541284404,,,,,1.5144985523329524,1.0,0.0
,0.0,0.0,salt_pepper:0.05,45.00001706233342,0.9907954375069462,,0.0,"{""S4_HEADER_FAILURE"":3}",C3,3,0,coco-000000388056-000000329456,0.0,156678826.66666666,0.4006206152185645,,,,,1.7337818629997248,1.0,0.0
0.0,1.0,1.0,clean,45.000025119199364,0.9908118085433493,0.0,1.0,"{""S0_COMPLETE"":1}",C3_NP,1,0,coco-000000388056-000000329456,1.0,156790784.0,0.0012457276488577083,1.0,1.0,,1.0,2.913742539998566,0.0,1.0
,0.0,0.0,gaussian:10,45.000025119199364,0.9908118085433492,,0.0,"{""S4_HEADER_FAILURE"":3}",C3_NP,3,0,coco-000000388056-000000329456,0.0,156669269.33333334,0.32329405768423575,,,,,1.830768998333345,1.0,0.0
,0.0,0.0,gaussian:15,45.000025119199364,0.9908118085433492,,0.0,"{""S4_HEADER_FAILURE"":3}",C3_NP,3,0,coco-000000388056-000000329456,0.0,155182421.33333334,0.353495832583798,,,,,1.7369842419999866,1.0,0.0
,0.0,0.0,gaussian:5,45.000025119199364,0.9908118085433492,,0.0,"{""S4_HEADER_FAILURE"":3}",C3_NP,3,0,coco-000000388056-000000329456,0.0,157678250.66666666,0.2594561371949391,,,,,2.0836586266668746,1.0,0.0
,0.0,0.0,jpeg:50,45.000025119199364,0.9908118085433493,,0.0,"{""S4_HEADER_FAILURE"":1}",C3_NP,1,0,coco-000000388056-000000329456,0.0,154439680.0,0.46735474006116207,,,,,2.0380373480002163,1.0,0.0
,0.0,0.0,jpeg:70,45.000025119199364,0.9908118085433493,,0.0,"{""S4_HEADER_FAILURE"":1}",C3_NP,1,0,coco-000000388056-000000329456,0.0,158416896.0,0.44208041014570965,,,,,1.9990132599996286,1.0,0.0
,0.0,0.0,jpeg:90,45.000025119199364,0.9908118085433493,,0.0,"{""S4_HEADER_FAILURE"":1}",C3_NP,1,0,coco-000000388056-000000329456,0.0,155951104.0,0.34418060802302575,,,,,2.082039214999895,1.0,0.0
,0.0,0.0,salt_pepper:0.01,45.000025119199364,0.9908118085433492,,0.0,"{""S4_HEADER_FAILURE"":3}",C3_NP,3,0,coco-000000388056-000000329456,0.0,156071253.33333334,0.16445253942555615,,,,,1.5097506546674897,1.0,0.0
,0.0,0.0,salt_pepper:0.03,45.000025119199364,0.9908118085433492,,0.0,"{""S4_HEADER_FAILURE"":3}",C3_NP,3,0,coco-000000388056-000000329456,0.0,155768149.33333334,0.3243509024404869,,,,,1.9170726573332406,1.0,0.0
,0.0,0.0,salt_pepper:0.05,45.000025119199364,0.9908118085433492,,0.0,"{""S4_HEADER_FAILURE"":3}",C3_NP,3,0,coco-000000388056-000000329456,0.0,156269226.66666666,0.40066858547700424,,,,,2.012445590000425,1.0,0.0
,,1.0,clean,45.39843238495941,0.9856729009989555,,,"{""S0_COMPLETE"":1}",B1,1,0,coco-000000392722-000000213547,1.0,152059904.0,0.0,1.0,1.0,,1.0,0.0022577939998882357,0.0,
,,0.0,gaussian:10,45.39843238495941,0.9856729009989555,,,"{""S2_HEADER_VALID_PARTIAL"":3}",B1,3,0,coco-000000392722-000000213547,0.5055363972981771,153313280.0,0.49446360270182294,0.5055363972981771,0.6870850940116683,7.53796624191132,0.011876737871668172,0.015744036999725115,0.0,
,,0.0,gaussian:15,45.39843238495941,0.9856729009989555,,,"{""S2_HEADER_VALID_PARTIAL"":3}",B1,3,0,coco-000000392722-000000213547,0.5019353230794271,153354240.0,0.49806467692057294,0.5019353230794271,0.6831434140458122,7.51100709026957,0.00876867928565385,0.025071351999940816,0.0,
,,0.0,gaussian:5,45.39843238495941,0.9856729009989555,,,"{""S2_HEADER_VALID_PARTIAL"":3}",B1,3,0,coco-000000392722-000000213547,0.5288619995117188,152723456.0,0.47113800048828125,0.5288619995117188,0.6897397880368068,7.706398351995424,0.01923306613291619,0.00945910800025255,0.0,
,,0.0,jpeg:50,45.39843238495941,0.9856729009989555,,,"{""S2_HEADER_VALID_PARTIAL"":1}",B1,1,0,coco-000000392722-000000213547,0.5282745361328125,152059904.0,0.4717254638671875,0.5282745361328125,0.7038243931494013,9.160023531397231,0.03080833161139859,0.00760335499944631,0.0,
,,0.0,jpeg:70,45.39843238495941,0.9856729009989555,,,"{""S2_HEADER_VALID_PARTIAL"":1}",B1,1,0,coco-000000392722-000000213547,0.5245895385742188,152059904.0,0.47541046142578125,0.5245895385742188,0.715303569152587,8.381821775106854,0.0326786896751322,0.0080647160011722,0.0,
,,0.0,jpeg:90,45.39843238495941,0.9856729009989555,,,"{""S2_HEADER_VALID_PARTIAL"":1}",B1,1,0,coco-000000392722-000000213547,0.5565261840820312,151871488.0,0.44347381591796875,0.5565261840820312,0.7221174099495691,8.502948039086437,0.04960890393867644,0.008170425999196596,0.0,
,,0.0,salt_pepper:0.01,45.39843238495941,0.9856729009989555,,,"{""S2_HEADER_VALID_PARTIAL"":3}",B1,3,0,coco-000000392722-000000213547,0.9949391682942709,153355605.33333334,0.005060831705729167,0.9949391682942709,0.9917632511472284,26.074428980071776,0.8925509943506604,0.009553371666697785,0.0,
,,0.0,salt_pepper:0.03,45.39843238495941,0.9856729009989555,,,"{""S2_HEADER_VALID_PARTIAL"":3}",B1,3,0,coco-000000392722-000000213547,0.9850311279296875,153100288.0,0.0149688720703125,0.9850311279296875,0.976009823289441,21.321784660244163,0.7352198633828951,0.01437242099988604,0.0,
,,0.0,salt_pepper:0.05,45.39843238495941,0.9856729009989555,,,"{""S2_HEADER_VALID_PARTIAL"":3}",B1,3,0,coco-000000392722-000000213547,0.9749755859375,153567232.0,0.0250244140625,0.9749755859375,0.9603102949744207,19.02044955237925,0.6308673929485393,0.008426129666380197,0.0,
,,1.0,clean,44.825622123546374,0.9854323375384493,,,"{""S0_COMPLETE"":1}",B2,1,0,coco-000000392722-000000213547,1.0,153604096.0,0.0,1.0,1.0,,1.0,0.005914311999731581,0.0,
,,0.0,gaussian:10,44.825622123546374,0.9854323375384494,,,"{""S2_HEADER_VALID_PARTIAL"":3}",B2,3,0,coco-000000392722-000000213547,0.5109685262044271,153615018.66666666,0.48903147379557294,0.5109685262044271,0.6860291621328262,7.591436241111971,0.011244123247288546,0.015691233333806547,0.0,
,,0.0,gaussian:15,44.825622123546374,0.9854323375384494,,,"{""S2_HEADER_VALID_PARTIAL"":3}",B2,3,0,coco-000000392722-000000213547,0.5026321411132812,153089365.33333334,0.49736785888671875,0.5026321411132812,0.681653814525513,7.478497607099477,0.006591930270372332,0.01570206633368798,0.0,
,,0.0,gaussian:5,44.825622123546374,0.9854323375384494,,,"{""S2_HEADER_VALID_PARTIAL"":3}",B2,3,0,coco-000000392722-000000213547,0.5792948404947916,152840874.66666666,0.4207051595052083,0.5792948404947916,0.7124174420616664,8.261853215870675,0.044401380099176636,0.016204390666947194,0.0,
,,0.0,jpeg:50,44.825622123546374,0.9854323375384493,,,"{""S2_HEADER_VALID_PARTIAL"":1}",B2,1,0,coco-000000392722-000000213547,0.54296875,154238976.0,0.45703125,0.54296875,0.49234804296591805,8.723003609344186,0.022591277489972812,0.02759379400049511,0.0,
,,0.0,jpeg:70,44.825622123546374,0.9854323375384493,,,"{""S2_HEADER_VALID_PARTIAL"":1}",B2,1,0,coco-000000392722-000000213547,0.530731201171875,153477120.0,0.469268798828125,0.530731201171875,0.5246326590366202,8.572432270493817,0.0057986787829573195,0.016090351000457304,0.0,
,,0.0,jpeg:90,44.825622123546374,0.9854323375384493,,,"{""S2_HEADER_VALID_PARTIAL"":1}",B2,1,0,coco-000000392722-000000213547,0.6598434448242188,153763840.0,0.34015655517578125,0.6598434448242188,0.8505372035689223,12.937648354916773,0.40391499215353405,0.015541729999313247,0.0,
,,0.0,salt_pepper:0.01,44.825622123546374,0.9854323375384494,,,"{""S2_HEADER_VALID_PARTIAL"":3}",B2,3,0,coco-000000392722-000000213547,0.7601165771484375,153313280.0,0.2398834228515625,0.7601165771484375,0.8059094854822658,10.837198360882297,0.16352587505580585,0.009087311333132675,0.0,
,,0.0,salt_pepper:0.03,44.825622123546374,0.9854323375384494,,,"{""S2_HEADER_VALID_PARTIAL"":3}",B2,3,0,coco-000000392722-000000213547,0.5685933430989584,152858624.0,0.4314066569010417,0.5685933430989584,0.7079259761472936,8.142289057003618,0.034201010626618844,0.008952650333109583,0.0,
,,0.0,salt_pepper:0.05,44.825622123546374,0.9854323375384494,,,"{""S2_HEADER_VALID_PARTIAL"":3}",B2,3,0,coco-000000392722-000000213547,0.5179392496744791,152659285.33333334,0.4820607503255208,0.5179392496744791,0.6894218251849628,7.646515292847336,0.017465055817933343,0.010716394666815177,0.0,
0.0,1.0,1.0,clean,45.00001706233342,0.9860261836546781,0.0,1.0,"{""S0_COMPLETE"":1}",C0,1,0,coco-000000392722-000000213547,1.0,153841664.0,3.597769382982551e-05,1.0,1.0,,1.0,2.470008713000425,0.0,1.0
,0.0,0.0,gaussian:10,45.00001706233342,0.9860261836546781,,0.0,"{""S4_HEADER_FAILURE"":3}",C0,3,0,coco-000000392722-000000213547,0.0,152455850.66666666,0.32186094621334776,,,,,1.915021047333236,1.0,0.0
,0.0,0.0,gaussian:15,45.00001706233342,0.9860261836546781,,0.0,"{""S4_HEADER_FAILURE"":3}",C0,3,0,coco-000000392722-000000213547,0.0,152143189.33333334,0.3523580380164298,,,,,1.9607649800000218,1.0,0.0
,0.0,0.0,gaussian:5,45.00001706233342,0.9860261836546781,,0.0,"{""S4_HEADER_FAILURE"":3}",C0,3,0,coco-000000392722-000000213547,0.0,153460736.0,0.25861815674281946,,,,,1.9495811476669285,1.0,0.0
,0.0,0.0,jpeg:50,45.00001706233342,0.9860261836546781,,0.0,"{""S4_HEADER_FAILURE"":1}",C0,1,0,coco-000000392722-000000213547,0.0,153763840.0,0.4765335491994963,,,,,2.1727532780005276,1.0,0.0
,0.0,0.0,jpeg:70,45.00001706233342,0.9860261836546781,,0.0,"{""S4_HEADER_FAILURE"":1}",C0,1,0,coco-000000392722-000000213547,0.0,154591232.0,0.45512232415902143,,,,,2.1685873989990796,1.0,0.0
,0.0,0.0,jpeg:90,45.00001706233342,0.9860261836546781,,0.0,"{""S4_HEADER_FAILURE"":1}",C0,1,0,coco-000000392722-000000213547,0.0,153935872.0,0.3490061162079511,,,,,2.0884227030001057,1.0,0.0
,0.0,0.0,salt_pepper:0.01,45.00001706233342,0.9860261836546781,,0.0,"{""S4_HEADER_FAILURE"":3}",C0,3,0,coco-000000392722-000000213547,0.0,151835989.33333334,0.16518858307849135,,,,,1.9727590090005833,1.0,0.0
,0.0,0.0,salt_pepper:0.03,45.00001706233342,0.9860261836546781,,0.0,"{""S4_HEADER_FAILURE"":3}",C0,3,0,coco-000000392722-000000213547,0.0,153240917.33333334,0.3258694609342208,,,,,1.6709259293335588,1.0,0.0
,0.0,0.0,salt_pepper:0.05,45.00001706233342,0.9860261836546781,,0.0,"{""S4_HEADER_FAILURE"":3}",C0,3,0,coco-000000392722-000000213547,0.0,152802645.33333334,0.39999100557654255,,,,,2.0789312730000042,1.0,0.0
0.0,1.0,1.0,clean,45.000000948646374,0.9857082886155667,0.0,1.0,"{""S0_COMPLETE"":1}",C1,1,0,coco-000000392722-000000213547,1.0,151953408.0,4.4972117287281886e-05,1.0,1.0,,1.0,2.4579155259998515,0.0,1.0
,0.0,0.0,gaussian:10,45.000000948646374,0.9857082886155667,,0.0,"{""S4_HEADER_FAILURE"":3}",C1,3,0,coco-000000392722-000000213547,0.0,152947370.66666666,0.3224275948911675,,,,,2.096190969333596,1.0,0.0
,0.0,0.0,gaussian:15,45.000000948646374,0.9857082886155667,,0.0,"{""S4_HEADER_FAILURE"":3}",C1,3,0,coco-000000392722-000000213547,0.0,153440256.0,0.3528632248006236,,,,,2.009357630666879,1.0,0.0
,0.0,0.0,gaussian:5,45.000000948646374,0.9857082886155667,,0.0,"{""S4_HEADER_FAILURE"":3}",C1,3,0,coco-000000392722-000000213547,0.0,153142613.33333334,0.25912933980931824,,,,,1.9476821079994504,1.0,0.0
,0.0,0.0,jpeg:50,45.000000948646374,0.9857082886155667,,0.0,"{""S4_HEADER_FAILURE"":1}",C1,1,0,coco-000000392722-000000213547,0.0,153604096.0,0.47351142291779097,,,,,1.9466332360007073,1.0,0.0
,0.0,0.0,jpeg:70,45.000000948646374,0.9857082886155667,,0.0,"{""S4_HEADER_FAILURE"":1}",C1,1,0,coco-000000392722-000000213547,0.0,150859776.0,0.44922647958265877,,,,,2.129009059000964,1.0,0.0
,0.0,0.0,jpeg:90,45.000000948646374,0.9857082886155667,,0.0,"{""S4_HEADER_FAILURE"":1}",C1,1,0,coco-000000392722-000000213547,0.0,152596480.0,0.3396294297535528,,,,,2.157867695001187,1.0,0.0
,0.0,0.0,salt_pepper:0.01,45.000000948646374,0.9857082886155667,,0.0,"{""S4_HEADER_FAILURE"":3}",C1,3,0,coco-000000392722-000000213547,0.0,152387584.0,0.16453199016609701,,,,,1.935969333666435,1.0,0.0
,0.0,0.0,salt_pepper:0.03,45.000000948646374,0.9857082886155667,,0.0,"{""S4_HEADER_FAILURE"":3}",C1,3,0,coco-000000392722-000000213547,0.0,153026560.0,0.32667446183366317,,,,,1.775140198333247,1.0,0.0
,0.0,0.0,salt_pepper:0.05,45.000000948646374,0.9857082886155667,,0.0,"{""S4_HEADER_FAILURE"":3}",C1,3,0,coco-000000392722-000000213547,0.0,152513194.66666666,0.4017763986328477,,,,,1.8033770046671027,1.0,0.0
0.0,1.0,1.0,clean,45.000025119199364,0.9860473738399145,0.0,1.0,"{""S0_COMPLETE"":1}",C2,1,0,coco-000000392722-000000213547,1.0,153841664.0,5.846375247346645e-05,1.0,1.0,,1.0,2.1784720109990303,0.0,1.0
,0.0,0.0,gaussian:10,45.000025119199364,0.9860473738399144,,0.0,"{""S4_HEADER_FAILURE"":3}",C2,3,0,coco-000000392722-000000213547,0.0,153819818.66666666,0.3208400791509264,,,,,1.7901228183327476,1.0,0.0
,0.0,0.0,gaussian:15,45.000025119199364,0.9860473738399144,,0.0,"{""S4_HEADER_FAILURE"":3}",C2,3,0,coco-000000392722-000000213547,0.0,151681706.66666666,0.3517898902680338,,,,,1.8474383293341816,1.0,0.0
,0.0,0.0,gaussian:5,45.000025119199364,0.9860473738399144,,0.0,"{""S4_HEADER_FAILURE"":3}",C2,3,0,coco-000000392722-000000213547,0.0,153063424.0,0.25812046531150684,,,,,1.7407907266666978,1.0,0.0
,0.0,0.0,jpeg:50,45.000025119199364,0.9860473738399145,,0.0,"{""S4_HEADER_FAILURE"":1}",C2,1,0,coco-000000392722-000000213547,0.0,153718784.0,0.4725265335491995,,,,,1.7443754199994146,1.0,0.0
,0.0,0.0,jpeg:70,45.000025119199364,0.9860473738399145,,0.0,"{""S4_HEADER_FAILURE"":1}",C2,1,0,coco-000000392722-000000213547,0.0,152596480.0,0.4539125742039935,,,,,1.7324898869992467,1.0,0.0
,0.0,0.0,jpeg:90,45.000025119199364,0.9860473738399145,,0.0,"{""S4_HEADER_FAILURE"":1}",C2,1,0,coco-000000392722-000000213547,0.0,153604096.0,0.3476254722072315,,,,,1.8398583649995999,1.0,0.0
,0.0,0.0,salt_pepper:0.01,45.000025119199364,0.9860473738399144,,0.0,"{""S4_HEADER_FAILURE"":3}",C2,3,0,coco-000000392722-000000213547,0.0,152659285.33333334,0.16491275409246267,,,,,1.9417156083339553,1.0,0.0
,0.0,0.0,salt_pepper:0.03,45.000025119199364,0.9860473738399144,,0.0,"{""S4_HEADER_FAILURE"":3}",C2,3,0,coco-000000392722-000000213547,0.0,152514560.0,0.32506446003477846,,,,,1.8986847299996346,1.0,0.0
,0.0,0.0,salt_pepper:0.05,45.000025119199364,0.9860473738399144,,0.0,"{""S4_HEADER_FAILURE"":3}",C2,3,0,coco-000000392722-000000213547,0.0,153086634.66666666,0.39991605204773045,,,,,2.6670277536668436,1.0,0.0
0.0,1.0,1.0,clean,45.000009005482426,0.9857144304867619,0.0,1.0,"{""S0_COMPLETE"":1}",C3,1,0,coco-000000392722-000000213547,1.0,153763840.0,1.3491635186184566e-05,1.0,1.0,,1.0,4.214130329999534,0.0,1.0
,0.0,0.0,gaussian:10,45.00000900548243,0.9857144304867619,,0.0,"{""S4_HEADER_FAILURE"":3}",C3,3,0,coco-000000392722-000000213547,0.0,154349568.0,0.32281435509983814,,,,,3.1777598806669025,1.0,0.0
,0.0,0.0,gaussian:15,45.00000900548243,0.9857144304867619,,0.0,"{""S4_HEADER_FAILURE"":3}",C3,3,0,coco-000000392722-000000213547,0.0,151952042.66666666,0.35284223781255625,,,,,2.6579023203327474,1.0,0.0
,0.0,0.0,gaussian:5,45.00000900548243,0.9857144304867619,,0.0,"{""S4_HEADER_FAILURE"":3}",C3,3,0,coco-000000392722-000000213547,0.0,152500906.66666666,0.25895244948132157,,,,,2.613261467333359,1.0,0.0
,0.0,0.0,jpeg:50,45.000009005482426,0.9857144304867619,,0.0,"{""S4_HEADER_FAILURE"":1}",C3,1,0,coco-000000392722-000000213547,0.0,153698304.0,0.47224770642201835,,,,,2.44921617700129,1.0,0.0
,0.0,0.0,jpeg:70,45.000009005482426,0.9857144304867619,,0.0,"{""S4_HEADER_FAILURE"":1}",C3,1,0,coco-000000392722-000000213547,0.0,151871488.0,0.4494153624752653,,,,,3.045643489998838,1.0,0.0
,0.0,0.0,jpeg:90,45.000009005482426,0.9857144304867619,,0.0,"{""S4_HEADER_FAILURE"":1}",C3,1,0,coco-000000392722-000000213547,0.0,153604096.0,0.3388694009713977,,,,,3.185801192001236,1.0,0.0
,0.0,0.0,salt_pepper:0.01,45.00000900548243,0.9857144304867619,,0.0,"{""S4_HEADER_FAILURE"":3}",C3,3,0,coco-000000392722-000000213547,0.0,152528213.33333334,0.1643700905438628,,,,,2.2879631150002147,1.0,0.0
,0.0,0.0,salt_pepper:0.03,45.00000900548243,0.9857144304867619,,0.0,"{""S4_HEADER_FAILURE"":3}",C3,3,0,coco-000000392722-000000213547,0.0,153164458.66666666,0.32709270252443484,,,,,2.7374718820004396,1.0,0.0
,0.0,0.0,salt_pepper:0.05,45.00000900548243,0.9857144304867619,,0.0,"{""S4_HEADER_FAILURE"":3}",C3,3,0,coco-000000392722-000000213547,0.0,152394410.66666666,0.4020717155363675,,,,,2.005020834666842,1.0,0.0
0.0,1.0,1.0,clean,45.000009005482426,0.985705132514052,0.0,1.0,"{""S0_COMPLETE"":1}",C3_NP,1,0,coco-000000392722-000000213547,1.0,153718784.0,8.09498111171074e-05,1.0,1.0,,1.0,2.368606235999323,0.0,1.0
,0.0,0.0,gaussian:10,45.00000900548243,0.985705132514052,,0.0,"{""S4_HEADER_FAILURE"":3}",C3_NP,3,0,coco-000000392722-000000213547,0.0,152438101.33333334,0.32206182167056424,,,,,2.5297049669995126,1.0,0.0
,0.0,0.0,gaussian:15,45.00000900548243,0.985705132514052,,0.0,"{""S4_HEADER_FAILURE"":3}",C3_NP,3,0,coco-000000392722-000000213547,0.0,151648938.66666666,0.3531165677280086,,,,,3.2388719386666103,1.0,0.0
,0.0,0.0,gaussian:5,45.00000900548243,0.985705132514052,,0.0,"{""S4_HEADER_FAILURE"":3}",C3_NP,3,0,coco-000000392722-000000213547,0.0,153888085.33333334,0.258349823109672,,,,,2.8688567970008685,1.0,0.0
,0.0,0.0,jpeg:50,45.000009005482426,0.985705132514052,,0.0,"{""S4_HEADER_FAILURE"":1}",C3_NP,1,0,coco-000000392722-000000213547,0.0,153763840.0,0.47099298434970316,,,,,2.535758899999564,1.0,0.0
,0.0,0.0,jpeg:70,45.000009005482426,0.985705132514052,,0.0,"{""S4_HEADER_FAILURE"":1}",C3_NP,1,0,coco-000000392722-000000213547,0.0,154591232.0,0.45021136895125025,,,,,3.3020021520005685,1.0,0.0
,0.0,0.0,jpeg:90,45.000009005482426,0.985705132514052,,0.0,"{""S4_HEADER_FAILURE"":1}",C3_NP,1,0,coco-000000392722-000000213547,0.0,150900736.0,0.33975984889368593,,,,,1.6299231060002057,1.0,0.0
,0.0,0.0,salt_pepper:0.01,45.00000900548243,0.985705132514052,,0.0,"{""S4_HEADER_FAILURE"":3}",C3_NP,3,0,coco-000000392722-000000213547,0.0,152702976.0,0.16458295856568927,,,,,2.6051329743331735,1.0,0.0
,0.0,0.0,salt_pepper:0.03,45.00000900548243,0.985705132514052,,0.0,"{""S4_HEADER_FAILURE"":3}",C3_NP,3,0,coco-000000392722-000000213547,0.0,153171285.33333334,0.3263086886130599,,,,,2.8189255463336544,1.0,0.0
,0.0,0.0,salt_pepper:0.05,45.00000900548243,0.985705132514052,,0.0,"{""S4_HEADER_FAILURE"":3}",C3_NP,3,0,coco-000000392722-000000213547,0.0,152727552.0,0.4013296756011273,,,,,2.9706180626671994,1.0,0.0
,,1.0,clean,45.631001842737824,0.9873794884157338,,,"{""S0_COMPLETE"":1}",B1,1,0,coco-000000412362-000000147745,1.0,152903680.0,0.0,1.0,0.9999999999999999,,1.0,0.0023110950005502673,0.0,
,,0.0,gaussian:10,45.631001842737824,0.9873794884157338,,,"{""S2_HEADER_VALID_PARTIAL"":3}",B1,3,0,coco-000000412362-000000147745,0.5080744425455729,153688746.66666666,0.49192555745442706,0.5080744425455729,0.7637784840229228,7.355074435508051,0.01212429330494102,0.011119878333071634,0.0,
,,0.0,gaussian:15,45.631001842737824,0.9873794884157338,,,"{""S2_HEADER_VALID_PARTIAL"":3}",B1,3,0,coco-000000412362-000000147745,0.5018310546875,153437525.33333334,0.4981689453125,0.5018310546875,0.7616159752207157,7.315042174033091,0.01069165466042521,0.00970387533258569,0.0,
,,0.0,gaussian:5,45.631001842737824,0.9873794884157338,,,"{""S2_HEADER_VALID_PARTIAL"":3}",B1,3,0,coco-000000412362-000000147745,0.5304590861002604,152324778.66666666,0.46954091389973956,0.5304590861002604,0.7734758891270929,7.523924943017516,0.027464324079424025,0.011191505667132636,0.0,
,,0.0,jpeg:50,45.631001842737824,0.9873794884157338,,,"{""S2_HEADER_VALID_PARTIAL"":1}",B1,1,0,coco-000000412362-000000147745,0.509368896484375,152903680.0,0.490631103515625,0.509368896484375,0.7767671411617724,7.668028294602182,0.022232442928073498,0.005734460999519797,0.0,
,,0.0,jpeg:70,45.631001842737824,0.9873794884157338,,,"{""S2_HEADER_VALID_PARTIAL"":1}",B1,1,0,coco-000000412362-000000147745,0.5216751098632812,153763840.0,0.47832489013671875,0.5216751098632812,0.7962053344941489,7.950078747596136,0.031876271846113524,0.007928116001494345,0.0,
,,0.0,jpeg:90,45.631001842737824,0.9873794884157338,,,"{""S2_HEADER_VALID_PARTIAL"":1}",B1,1,0,coco-000000412362-000000147745,0.547393798828125,153763840.0,0.452606201171875,0.547393798828125,0.800368261696954,8.014056482231142,0.04260326784428016,0.021631221999996342,0.0,
,,0.0,salt_pepper:0.01,45.631001842737824,0.9873794884157338,,,"{""S2_HEADER_VALID_PARTIAL"":3}",B1,3,0,coco-000000412362-000000147745,0.9950612386067709,152640170.66666666,0.004938761393229167,0.9950612386067709,0.9971480092322892,26.167077273338535,0.869246328155631,0.005574307666392997,0.0,
,,0.0,salt_pepper:0.03,45.631001842737824,0.9873794884157338,,,"{""S2_HEADER_VALID_PARTIAL"":3}",B1,3,0,coco-000000412362-000000147745,0.9851862589518229,153635498.66666666,0.014813741048177084,0.9851862589518229,0.9916078197486863,21.463244594774,0.7077170817641218,0.00584930766672187,0.0,
,,0.0,salt_pepper:0.05,45.631001842737824,0.9873794884157338,,,"{""S2_HEADER_VALID_PARTIAL"":3}",B1,3,0,coco-000000412362-000000147745,0.9749476114908854,152324778.66666666,0.025052388509114582,0.9749476114908854,0.9856136196855042,19.13195778970213,0.5966361232078164,0.006262364666933233,0.0,
,,1.0,clean,45.34757367053607,0.9831035776862923,,,"{""S0_COMPLETE"":1}",B2,1,0,coco-000000412362-000000147745,1.0,152621056.0,0.0,1.0,0.9999999999999999,,1.0,0.00953761900018435,0.0,
,,0.0,gaussian:10,45.34757367053607,0.9831035776862923,,,"{""S2_HEADER_VALID_PARTIAL"":3}",B2,3,0,coco-000000412362-000000147745,0.5046793619791666,152713898.66666666,0.4953206380208333,0.5046793619791666,0.7636065591254358,7.348429494800278,0.011091570849346588,0.018201721333753085,0.0,
,,0.0,gaussian:15,45.34757367053607,0.9831035776862923,,,"{""S2_HEADER_VALID_PARTIAL"":3}",B2,3,0,coco-000000412362-000000147745,0.5010732014973959,152995157.33333334,0.4989267985026042,0.5010732014973959,0.7613927670862725,7.319199830645661,0.011033204143486887,0.014159106999917034,0.0,
,,0.0,gaussian:5,45.34757367053607,0.9831035776862923,,,"{""S2_HEADER_VALID_PARTIAL"":3}",B2,3,0,coco-000000412362-000000147745,0.5584742228190104,153246378.66666666,0.44152577718098956,0.5584742228190104,0.7926055355539888,7.885304236207396,0.04135036561913628,0.01660193233328755,0.0,
,,0.0,jpeg:50,45.34757367053607,0.9831035776862923,,,"{""S2_HEADER_VALID_PARTIAL"":1}",B2,1,0,coco-000000412362-000000147745,0.48384857177734375,151965696.0,0.5161514282226562,0.48384857177734375,0.47578943488992426,4.781165457509108,0.01624855783015248,0.00989789000050223,0.0,
,,0.0,jpeg:70,45.34757367053607,0.9831035776862923,,,"{""S2_HEADER_VALID_PARTIAL"":1}",B2,1,0,coco-000000412362-000000147745,0.46730804443359375,154398720.0,0.5326919555664062,0.46730804443359375,0.4786180498926749,4.8364444063983285,-0.010348116245543946,0.008300415998746757,0.0,
,,0.0,jpeg:90,45.34757367053607,0.9831035776862923,,,"{""S2_HEADER_VALID_PARTIAL"":1}",B2,1,0,coco-000000412362-000000147745,0.6581573486328125,153698304.0,0.3418426513671875,0.6581573486328125,0.9318730736170191,12.515219243674853,0.3295742873430342,0.010729720001108944,0.0,
,,0.0,salt_pepper:0.01,45.34757367053607,0.9831035776862923,,,"{""S2_HEADER_VALID_PARTIAL"":3}",B2,3,0,coco-000000412362-000000147745,0.7554270426432291,153613653.33333334,0.24457295735677084,0.7554270426432291,0.8948285718257676,10.67579064919074,0.17649516480871422,0.012307466999724662,0.0,
,,0.0,salt_pepper:0.03,45.34757367053607,0.9831035776862923,,,"{""S2_HEADER_VALID_PARTIAL"":3}",B2,3,0,coco-000000412362-000000147745,0.5727488199869791,152713898.66666666,0.4272511800130208,0.5727488199869791,0.8016581322231912,8.070492586780711,0.052245942483125835,0.013566215999768852,0.0,
,,0.0,salt_pepper:0.05,45.34757367053607,0.9831035776862923,,,"{""S2_HEADER_VALID_PARTIAL"":3}",B2,3,0,coco-000000412362-000000147745,0.52117919921875,152394410.66666666,0.47882080078125,0.52117919921875,0.771005725999157,7.482306084842868,0.024940373621591547,0.01351649266628859,0.0,
0.0,1.0,1.0,clean,45.00003317608025,0.9820710908972743,0.0,1.0,"{""S0_COMPLETE"":1}",C0,1,0,coco-000000412362-000000147745,1.0,152969216.0,0.00012142471667566109,1.0,0.9999999999999999,,1.0,2.274285420999149,0.0,1.0
,0.0,0.0,gaussian:10,45.00003317608025,0.9820710908972744,,0.0,"{""S4_HEADER_FAILURE"":3}",C0,3,0,coco-000000412362-000000147745,0.0,152375296.0,0.3225415242549619,,,,,1.6564997763331728,1.0,0.0
,0.0,0.0,gaussian:15,45.00003317608025,0.9820710908972744,,0.0,"{""S4_HEADER_FAILURE"":3}",C0,3,0,coco-000000412362-000000147745,0.0,152574634.66666666,0.3525664088265275,,,,,1.788748993666862,1.0,0.0
,0.0,0.0,gaussian:5,45.00003317608025,0.9820710908972744,,0.0,"{""S4_HEADER_FAILURE"":3}",C0,3,0,coco-000000412362-000000147745,0.0,153444352.0,0.25826137794567366,,,,,1.9134538179999556,1.0,0.0
,0.0,0.0,jpeg:50,45.00003317608025,0.9820710908972743,,0.0,"{""S4_HEADER_FAILURE"":1}",C0,1,0,coco-000000412362-000000147745,0.0,154591232.0,0.47839089764346104,,,,,1.8533131090007373,1.0,0.0
,0.0,0.0,jpeg:70,45.00003317608025,0.9820710908972743,,0.0,"{""S4_HEADER_FAILURE"":1}",C0,1,0,coco-000000412362-000000147745,0.0,151871488.0,0.4552257600287822,,,,,1.5929692049994628,1.0,0.0
,0.0,0.0,jpeg:90,45.00003317608025,0.9820710908972743,,0.0,"{""S4_HEADER_FAILURE"":1}",C0,1,0,coco-000000412362-000000147745,0.0,153477120.0,0.35335941716135993,,,,,2.050864511000327,1.0,0.0
,0.0,0.0,salt_pepper:0.01,45.00003317608025,0.9820710908972744,,0.0,"{""S4_HEADER_FAILURE"":3}",C0,3,0,coco-000000412362-000000147745,0.0,153171285.33333334,0.16083828026623495,,,,,1.7395282489997044,1.0,0.0
,0.0,0.0,salt_pepper:0.03,45.00003317608025,0.9820710908972744,,0.0,"{""S4_HEADER_FAILURE"":3}",C0,3,0,coco-000000412362-000000147745,0.0,152394410.66666666,0.31809977813755475,,,,,1.8048381886662053,1.0,0.0
,0.0,0.0,salt_pepper:0.05,45.00003317608025,0.9820710908972744,,0.0,"{""S4_HEADER_FAILURE"":3}",C0,3,0,coco-000000412362-000000147745,0.0,152259242.66666666,0.3925301313185825,,,,,1.8519039630003438,1.0,0.0
0.0,1.0,1.0,clean,45.000025119199364,0.9820756762753456,0.0,1.0,"{""S0_COMPLETE"":1}",C1,1,0,coco-000000412362-000000147745,1.0,154591232.0,0.00017988846914912754,1.0,0.9999999999999999,,1.0,2.4734456129990576,0.0,1.0
,0.0,0.0,gaussian:10,45.000025119199364,0.9820756762753456,,0.0,"{""S4_HEADER_FAILURE"":3}",C1,3,0,coco-000000412362-000000147745,0.0,153444352.0,0.32379174911554837,,,,,1.911995949332777,1.0,0.0
,0.0,0.0,gaussian:15,45.000025119199364,0.9820756762753456,,0.0,"{""S4_HEADER_FAILURE"":3}",C1,3,0,coco-000000412362-000000147745,0.0,153488042.66666666,0.3520252443485039,,,,,1.7861391833333375,1.0,0.0
,0.0,0.0,gaussian:5,45.000025119199364,0.9820756762753456,,0.0,"{""S4_HEADER_FAILURE"":3}",C1,3,0,coco-000000412362-000000147745,0.0,152914602.66666666,0.25846675061461893,,,,,1.907387247000467,1.0,0.0
,0.0,0.0,jpeg:50,45.000025119199364,0.9820756762753456,,0.0,"{""S4_HEADER_FAILURE"":1}",C1,1,0,coco-000000412362-000000147745,0.0,153477120.0,0.47712718114768843,,,,,1.7121319130001211,1.0,0.0
,0.0,0.0,jpeg:70,45.000025119199364,0.9820756762753456,,0.0,"{""S4_HEADER_FAILURE"":1}",C1,1,0,coco-000000412362-000000147745,0.0,151678976.0,0.4517449181507465,,,,,1.9524745179987804,1.0,0.0
,0.0,0.0,jpeg:90,45.000025119199364,0.9820756762753456,,0.0,"{""S4_HEADER_FAILURE"":1}",C1,1,0,coco-000000412362-000000147745,0.0,153763840.0,0.3446168375607124,,,,,1.8140368809999927,1.0,0.0
,0.0,0.0,salt_pepper:0.01,45.000025119199364,0.9820756762753456,,0.0,"{""S4_HEADER_FAILURE"":3}",C1,3,0,coco-000000412362-000000147745,0.0,152390314.66666666,0.1599103555795407,,,,,1.7252204616670497,1.0,0.0
,0.0,0.0,salt_pepper:0.03,45.000025119199364,0.9820756762753456,,0.0,"{""S4_HEADER_FAILURE"":3}",C1,3,0,coco-000000412362-000000147745,0.0,152511829.33333334,0.3184835402050728,,,,,1.6906637109999185,1.0,0.0
,0.0,0.0,salt_pepper:0.05,45.000025119199364,0.9820756762753456,,0.0,"{""S4_HEADER_FAILURE"":3}",C1,3,0,coco-000000412362-000000147745,0.0,153015637.33333334,0.3931282604785033,,,,,2.172101094333508,1.0,0.0
0.0,1.0,1.0,clean,45.00001706233342,0.9820739627429828,0.0,1.0,"{""S0_COMPLETE"":1}",C2,1,0,coco-000000412362-000000147745,1.0,151207936.0,0.00020687173952149668,1.0,0.9999999999999999,,1.0,2.6307876009996107,0.0,1.0
,0.0,0.0,gaussian:10,45.00001706233342,0.9820739627429828,,0.0,"{""S4_HEADER_FAILURE"":3}",C2,3,0,coco-000000412362-000000147745,0.0,152879104.0,0.3223856209150327,,,,,1.8496919430005316,1.0,0.0
,0.0,0.0,gaussian:15,45.00001706233342,0.9820739627429828,,0.0,"{""S4_HEADER_FAILURE"":3}",C2,3,0,coco-000000412362-000000147745,0.0,153612288.0,0.35256341068537506,,,,,1.8456976413338755,1.0,0.0
,0.0,0.0,gaussian:5,45.00001706233342,0.9820739627429828,,0.0,"{""S4_HEADER_FAILURE"":3}",C2,3,0,coco-000000412362-000000147745,0.0,152257877.33333334,0.2575733045511783,,,,,2.0115645616666975,1.0,0.0
,0.0,0.0,jpeg:50,45.00001706233342,0.9820739627429828,,0.0,"{""S4_HEADER_FAILURE"":1}",C2,1,0,coco-000000412362-000000147745,0.0,153477120.0,0.47893506026263716,,,,,1.9662575319998723,1.0,0.0
,0.0,0.0,jpeg:70,45.00001706233342,0.9820739627429828,,0.0,"{""S4_HEADER_FAILURE"":1}",C2,1,0,coco-000000412362-000000147745,0.0,154238976.0,0.4568897283684116,,,,,1.9440984079992631,1.0,0.0
,0.0,0.0,jpeg:90,45.00001706233342,0.9820739627429828,,0.0,"{""S4_HEADER_FAILURE"":1}",C2,1,0,coco-000000412362-000000147745,0.0,154591232.0,0.3531750314804821,,,,,2.3109032749998732,1.0,0.0
,0.0,0.0,salt_pepper:0.01,45.00001706233342,0.9820739627429828,,0.0,"{""S4_HEADER_FAILURE"":3}",C2,3,0,coco-000000412362-000000147745,0.0,152761685.33333334,0.16058643640942613,,,,,1.7991229109993583,1.0,0.0
,0.0,0.0,salt_pepper:0.03,45.00001706233342,0.9820739627429828,,0.0,"{""S4_HEADER_FAILURE"":3}",C2,3,0,coco-000000412362-000000147745,0.0,152342528.0,0.31733825028482343,,,,,2.41236814366736,1.0,0.0
,0.0,0.0,salt_pepper:0.05,45.00001706233342,0.9820739627429828,,0.0,"{""S4_HEADER_FAILURE"":3}",C2,3,0,coco-000000412362-000000147745,0.0,153655978.66666666,0.3920939017808958,,,,,2.904745065666551,1.0,0.0
0.0,1.0,1.0,clean,45.00001706233342,0.982065633736523,0.0,1.0,"{""S0_COMPLETE"":1}",C3,1,0,coco-000000412362-000000147745,1.0,151953408.0,0.00021136895125022486,1.0,0.9999999999999999,,1.0,2.652850426000441,0.0,1.0
,0.0,0.0,gaussian:10,45.00001706233342,0.9820656337365229,,0.0,"{""S4_HEADER_FAILURE"":3}",C3,3,0,coco-000000412362-000000147745,0.0,152114517.33333334,0.3227364034298735,,,,,2.107434615333356,1.0,0.0
,0.0,0.0,gaussian:15,45.00001706233342,0.9820656337365229,,0.0,"{""S4_HEADER_FAILURE"":3}",C3,3,0,coco-000000412362-000000147745,0.0,153269589.33333334,0.35338640043173236,,,,,1.9572487116662767,1.0,0.0
,0.0,0.0,gaussian:5,45.00001706233342,0.9820656337365229,,0.0,"{""S4_HEADER_FAILURE"":3}",C3,3,0,coco-000000412362-000000147745,0.0,153269589.33333334,0.2583168435569947,,,,,2.2179414513338997,1.0,0.0
,0.0,0.0,jpeg:50,45.00001706233342,0.982065633736523,,0.0,"{""S4_HEADER_FAILURE"":1}",C3,1,0,coco-000000412362-000000147745,0.0,152903680.0,0.4743928764166217,,,,,2.4163474409997434,1.0,0.0
,0.0,0.0,jpeg:70,45.00001706233342,0.982065633736523,,0.0,"{""S4_HEADER_FAILURE"":1}",C3,1,0,coco-000000412362-000000147745,0.0,153763840.0,0.4524419859686994,,,,,2.600457765000101,1.0,0.0
,0.0,0.0,jpeg:90,45.00001706233342,0.982065633736523,,0.0,"{""S4_HEADER_FAILURE"":1}",C3,1,0,coco-000000412362-000000147745,0.0,154398720.0,0.3440456916711639,,,,,2.639759290999791,1.0,0.0
,0.0,0.0,salt_pepper:0.01,45.00001706233342,0.9820656337365229,,0.0,"{""S4_HEADER_FAILURE"":3}",C3,3,0,coco-000000412362-000000147745,0.0,152922794.66666666,0.15979942435689873,,,,,1.7653861263333965,1.0,0.0
,0.0,0.0,salt_pepper:0.03,45.00001706233342,0.9820656337365229,,0.0,"{""S4_HEADER_FAILURE"":3}",C3,3,0,coco-000000412362-000000147745,0.0,153291434.66666666,0.3185689872279187,,,,,1.8721423670000756,1.0,0.0
,0.0,0.0,salt_pepper:0.05,45.00001706233342,0.9820656337365229,,0.0,"{""S4_HEADER_FAILURE"":3}",C3,3,0,coco-000000412362-000000147745,0.0,152629248.0,0.3936394435450021,,,,,1.5939217923344888,1.0,0.0
0.0,1.0,1.0,clean,45.00001706233342,0.9820832073865489,0.0,1.0,"{""S0_COMPLETE"":1}",C3_NP,1,0,coco-000000412362-000000147745,1.0,150900736.0,0.0001933801043353121,1.0,0.9999999999999999,,1.0,3.7877011459986534,0.0,1.0
,0.0,0.0,gaussian:10,45.00001706233342,0.9820832073865488,,0.0,"{""S4_HEADER_FAILURE"":3}",C3_NP,3,0,coco-000000412362-000000147745,0.0,153149440.0,0.3233795047070816,,,,,2.4140120266668723,1.0,0.0
,0.0,0.0,gaussian:15,45.00001706233342,0.9820832073865488,,0.0,"{""S4_HEADER_FAILURE"":3}",C3_NP,3,0,coco-000000412362-000000147745,0.0,152394410.66666666,0.35297865323499433,,,,,2.247147928332803,1.0,0.0
,0.0,0.0,gaussian:5,45.00001706233342,0.9820832073865488,,0.0,"{""S4_HEADER_FAILURE"":3}",C3_NP,3,0,coco-000000412362-000000147745,0.0,153070250.66666666,0.2579630629010014,,,,,2.2869766480004423,1.0,0.0
,0.0,0.0,jpeg:50,45.00001706233342,0.9820832073865489,,0.0,"{""S4_HEADER_FAILURE"":1}",C3_NP,1,0,coco-000000412362-000000147745,0.0,153841664.0,0.47410055765425435,,,,,1.9745266239988268,1.0,0.0
,0.0,0.0,jpeg:70,45.00001706233342,0.9820832073865489,,0.0,"{""S4_HEADER_FAILURE"":1}",C3_NP,1,0,coco-000000412362-000000147745,0.0,153718784.0,0.45109731966180966,,,,,2.041151624000122,1.0,0.0
,0.0,0.0,jpeg:90,45.00001706233342,0.9820832073865489,,0.0,"{""S4_HEADER_FAILURE"":1}",C3_NP,1,0,coco-000000412362-000000147745,0.0,152969216.0,0.343249685195179,,,,,2.0789815749994887,1.0,0.0
,0.0,0.0,salt_pepper:0.01,45.00001706233342,0.9820832073865488,,0.0,"{""S4_HEADER_FAILURE"":3}",C3_NP,3,0,coco-000000412362-000000147745,0.0,152844970.66666666,0.15913833423277568,,,,,2.6836078069997407,1.0,0.0
,0.0,0.0,salt_pepper:0.03,45.00001706233342,0.9820832073865488,,0.0,"{""S4_HEADER_FAILURE"":3}",C3_NP,3,0,coco-000000412362-000000147745,0.0,153430698.66666666,0.3196588115368471,,,,,2.6021462786666234,1.0,0.0
,0.0,0.0,salt_pepper:0.05,45.00001706233342,0.9820832073865488,,0.0,"{""S4_HEADER_FAILURE"":3}",C3_NP,3,0,coco-000000412362-000000147745,0.0,152242858.66666666,0.3939902260598429,,,,,2.217271883999274,1.0,0.0
,,1.0,clean,45.86718102547277,0.9863236862927223,,,"{""S0_COMPLETE"":1}",B1,1,0,coco-000000415882-000000236426,1.0,158806016.0,0.0,1.0,1.0000000000000002,,1.0,0.002990805000081309,0.0,
,,0.0,gaussian:10,45.86718102547277,0.9863236862927223,,,"{""S2_HEADER_VALID_PARTIAL"":3}",B1,3,0,coco-000000415882-000000236426,0.5112533569335938,156164096.0,0.48874664306640625,0.5112533569335938,0.7576026010867215,8.485823024929628,0.013079547859549187,0.010462161000153477,0.0,
,,0.0,gaussian:15,45.86718102547277,0.9863236862927223,,,"{""S2_HEADER_VALID_PARTIAL"":3}",B1,3,0,coco-000000415882-000000236426,0.5065892537434896,157903530.66666666,0.49341074625651044,0.5065892537434896,0.7564686942027361,8.465752615600158,0.01523672908949216,0.009282122666869933,0.0,
,,0.0,gaussian:5,45.86718102547277,0.9863236862927223,,,"{""S2_HEADER_VALID_PARTIAL"":3}",B1,3,0,coco-000000415882-000000236426,0.53546142578125,157903530.66666666,0.46453857421875,0.53546142578125,0.7740579058813699,8.788325263148442,0.026232676226986485,0.008622268333662456,0.0,
,,0.0,jpeg:50,45.86718102547277,0.9863236862927223,,,"{""S2_HEADER_VALID_PARTIAL"":1}",B1,1,0,coco-000000415882-000000236426,0.5029373168945312,156487680.0,0.49706268310546875,0.5029373168945312,0.7689926952923847,8.558649877254055,0.010524044691102399,0.007280142999661621,0.0,
,,0.0,jpeg:70,45.86718102547277,0.9863236862927223,,,"{""S2_HEADER_VALID_PARTIAL"":1}",B1,1,0,coco-000000415882-000000236426,0.5075836181640625,158806016.0,0.4924163818359375,0.5075836181640625,0.7682727818649997,8.598564101362683,0.014093977036586618,0.006526631001179339,0.0,
,,0.0,jpeg:90,45.86718102547277,0.9863236862927223,,,"{""S2_HEADER_VALID_PARTIAL"":1}",B1,1,0,coco-000000415882-000000236426,0.5225982666015625,158806016.0,0.4774017333984375,0.5225982666015625,0.7742213331521883,8.753093587692533,0.020116919218348777,0.008645894999062875,0.0,
,,0.0,salt_pepper:0.01,45.86718102547277,0.9863236862927223,,,"{""S2_HEADER_VALID_PARTIAL"":3}",B1,3,0,coco-000000415882-000000236426,0.9947713216145834,156164096.0,0.005228678385416667,0.9947713216145834,0.9954266678226623,26.376571393347277,0.8518768975663084,0.005605913333056378,0.0,
,,0.0,salt_pepper:0.03,45.86718102547277,0.9863236862927223,,,"{""S2_HEADER_VALID_PARTIAL"":3}",B1,3,0,coco-000000415882-000000236426,0.9847284952799479,157360128.0,0.015271504720052084,0.9847284952799479,0.9871824880998781,21.852428896052505,0.6635029572677332,0.0060760736669180915,0.0,
,,0.0,salt_pepper:0.05,45.86718102547277,0.9863236862927223,,,"{""S2_HEADER_VALID_PARTIAL"":3}",B1,3,0,coco-000000415882-000000236426,0.9750264485677084,157052928.0,0.024973551432291668,0.9750264485677084,0.9789122357544396,19.66289182437468,0.5457360230956442,0.004581840999890119,0.0,
,,0.0,clean,,,,,"{""S5_EXTRACTION_TRANSFORM_FAILURE"":1}",B2,1,0,coco-000000415882-000000236426,,154914816.0,,,,,,,,
,,0.0,gaussian:10,,,,,"{""S5_EXTRACTION_TRANSFORM_FAILURE"":3}",B2,3,0,coco-000000415882-000000236426,,157231786.66666666,,,,,,,,
,,0.0,gaussian:15,,,,,"{""S5_EXTRACTION_TRANSFORM_FAILURE"":3}",B2,3,0,coco-000000415882-000000236426,,155884202.66666666,,,,,,,,
,,0.0,gaussian:5,,,,,"{""S5_EXTRACTION_TRANSFORM_FAILURE"":3}",B2,3,0,coco-000000415882-000000236426,,156539562.66666666,,,,,,,,
,,0.0,jpeg:50,,,,,"{""S5_EXTRACTION_TRANSFORM_FAILURE"":1}",B2,1,0,coco-000000415882-000000236426,,156487680.0,,,,,,,,
,,0.0,jpeg:70,,,,,"{""S5_EXTRACTION_TRANSFORM_FAILURE"":1}",B2,1,0,coco-000000415882-000000236426,,158806016.0,,,,,,,,
,,0.0,jpeg:90,,,,,"{""S5_EXTRACTION_TRANSFORM_FAILURE"":1}",B2,1,0,coco-000000415882-000000236426,,155897856.0,,,,,,,,
,,0.0,salt_pepper:0.01,,,,,"{""S5_EXTRACTION_TRANSFORM_FAILURE"":3}",B2,3,0,coco-000000415882-000000236426,,157063850.66666666,,,,,,,,
,,0.0,salt_pepper:0.03,,,,,"{""S5_EXTRACTION_TRANSFORM_FAILURE"":3}",B2,3,0,coco-000000415882-000000236426,,157052928.0,,,,,,,,
,,0.0,salt_pepper:0.05,,,,,"{""S5_EXTRACTION_TRANSFORM_FAILURE"":3}",B2,3,0,coco-000000415882-000000236426,,155866453.33333334,,,,,,,,
0.0,1.0,1.0,clean,45.000009005482426,0.9864359816581058,0.0,1.0,"{""S0_COMPLETE"":1}",C0,1,0,coco-000000415882-000000236426,1.0,154914816.0,0.0011108112969958625,1.0,1.0000000000000002,,1.0,2.70282259600026,0.0,1.0
,0.0,0.0,gaussian:10,45.00000900548243,0.9864359816581058,,0.0,"{""S4_HEADER_FAILURE"":3}",C0,3,0,coco-000000415882-000000236426,0.0,156134058.66666666,0.322622474066079,,,,,2.034149459000522,1.0,0.0
,0.0,0.0,gaussian:15,45.00000900548243,0.9864359816581058,,0.0,"{""S4_HEADER_FAILURE"":3}",C0,3,0,coco-000000415882-000000236426,0.0,155971584.0,0.353953049109552,,,,,1.9633414290007447,1.0,0.0
,0.0,0.0,gaussian:5,45.00000900548243,0.9864359816581058,,0.0,"{""S4_HEADER_FAILURE"":3}",C0,3,0,coco-000000415882-000000236426,0.0,156715690.66666666,0.25914732865623313,,,,,1.9704278779997064,1.0,0.0
,0.0,0.0,jpeg:50,45.000009005482426,0.9864359816581058,,0.0,"{""S4_HEADER_FAILURE"":1}",C0,1,0,coco-000000415882-000000236426,0.0,159100928.0,0.4761872638963842,,,,,2.031822476999878,1.0,0.0
,0.0,0.0,jpeg:70,45.000009005482426,0.9864359816581058,,0.0,"{""S4_HEADER_FAILURE"":1}",C0,1,0,coco-000000415882-000000236426,0.0,156786688.0,0.4537012052527433,,,,,2.048679166000511,1.0,0.0
,0.0,0.0,jpeg:90,45.000009005482426,0.9864359816581058,,0.0,"{""S4_HEADER_FAILURE"":1}",C0,1,0,coco-000000415882-000000236426,0.0,158806016.0,0.3554776038855909,,,,,1.9303151309995883,1.0,0.0
,0.0,0.0,salt_pepper:0.01,45.00000900548243,0.9864359816581058,,0.0,"{""S4_HEADER_FAILURE"":3}",C0,3,0,coco-000000415882-000000236426,0.0,156489045.33333334,0.1590274030101337,,,,,1.8651933306664432,1.0,0.0
,0.0,0.0,salt_pepper:0.03,45.00000900548243,0.9864359816581058,,0.0,"{""S4_HEADER_FAILURE"":3}",C0,3,0,coco-000000415882-000000236426,0.0,156276053.33333334,0.3132322959764946,,,,,1.8759922429993214,1.0,0.0
,0.0,0.0,salt_pepper:0.05,45.00000900548243,0.9864359816581058,,0.0,"{""S4_HEADER_FAILURE"":3}",C0,3,0,coco-000000415882-000000236426,0.0,156157269.33333334,0.3876071835462014,,,,,2.4533390076661212,1.0,0.0
0.0,1.0,1.0,clean,45.000009005482426,0.9863443909861129,0.0,1.0,"{""S0_COMPLETE"":1}",C1,1,0,coco-000000415882-000000236426,1.0,155840512.0,0.0012007555315704263,1.0,1.0000000000000002,,1.0,3.125284562000161,0.0,1.0
,0.0,0.0,gaussian:10,45.00000900548243,0.986344390986113,,0.0,"{""S4_HEADER_FAILURE"":3}",C1,3,0,coco-000000415882-000000236426,0.0,156386645.33333334,0.3225834982310967,,,,,2.628376658666942,1.0,0.0
,0.0,0.0,gaussian:15,45.00000900548243,0.986344390986113,,0.0,"{""S4_HEADER_FAILURE"":3}",C1,3,0,coco-000000415882-000000236426,0.0,156104021.33333334,0.35386760208670626,,,,,2.873911117333288,1.0,0.0
,0.0,0.0,gaussian:5,45.00000900548243,0.986344390986113,,0.0,"{""S4_HEADER_FAILURE"":3}",C1,3,0,coco-000000415882-000000236426,0.0,156804437.33333334,0.2592837440786712,,,,,2.286448107333854,1.0,0.0
,0.0,0.0,jpeg:50,45.000009005482426,0.9863443909861129,,0.0,"{""S4_HEADER_FAILURE"":1}",C1,1,0,coco-000000415882-000000236426,0.0,156495872.0,0.4751933801043353,,,,,4.038050008999562,1.0,0.0
,0.0,0.0,jpeg:70,45.000009005482426,0.9863443909861129,,0.0,"{""S4_HEADER_FAILURE"":1}",C1,1,0,coco-000000415882-000000236426,0.0,156790784.0,0.45117377226119804,,,,,2.5402137429991853,1.0,0.0
,0.0,0.0,jpeg:90,45.000009005482426,0.9863443909861129,,0.0,"{""S4_HEADER_FAILURE"":1}",C1,1,0,coco-000000415882-000000236426,0.0,158806016.0,0.3498560892246807,,,,,3.1427005710011144,1.0,0.0
,0.0,0.0,salt_pepper:0.01,45.00000900548243,0.986344390986113,,0.0,"{""S4_HEADER_FAILURE"":3}",C1,3,0,coco-000000415882-000000236426,0.0,156206421.33333334,0.15758229897463572,,,,,2.7495076103332394,1.0,0.0
,0.0,0.0,salt_pepper:0.03,45.00000900548243,0.986344390986113,,0.0,"{""S4_HEADER_FAILURE"":3}",C1,3,0,coco-000000415882-000000236426,0.0,155708074.66666666,0.3145095041074533,,,,,3.495032894000057,1.0,0.0
,0.0,0.0,salt_pepper:0.05,45.00000900548243,0.986344390986113,,0.0,"{""S4_HEADER_FAILURE"":3}",C1,3,0,coco-000000415882-000000236426,0.0,156230997.33333334,0.39082868621454697,,,,,2.61476091400012,1.0,0.0
0.0,1.0,1.0,clean,45.000000948646374,0.9864411905059803,0.0,1.0,"{""S0_COMPLETE"":1}",C2,1,0,coco-000000415882-000000236426,1.0,159100928.0,0.0010343586976074833,1.0,1.0000000000000002,,1.0,2.8049498119999043,0.0,1.0
,0.0,0.0,gaussian:10,45.000000948646374,0.9864411905059803,,0.0,"{""S4_HEADER_FAILURE"":3}",C2,3,0,coco-000000415882-000000236426,0.0,156169557.33333334,0.32317862924986507,,,,,2.9939264209994385,1.0,0.0
,0.0,0.0,gaussian:15,45.000000948646374,0.9864411905059803,,0.0,"{""S4_HEADER_FAILURE"":3}",C2,3,0,coco-000000415882-000000236426,0.0,156884992.0,0.351908316843557,,,,,2.9084900516663765,1.0,0.0
,0.0,0.0,gaussian:5,45.000000948646374,0.9864411905059803,,0.0,"{""S4_HEADER_FAILURE"":3}",C2,3,0,coco-000000415882-000000236426,0.0,157029717.33333334,0.2586856149187504,,,,,2.5706252886672396,1.0,0.0
,0.0,0.0,jpeg:50,45.000000948646374,0.9864411905059803,,0.0,"{""S4_HEADER_FAILURE"":1}",C2,1,0,coco-000000415882-000000236426,0.0,156487680.0,0.4767224320921029,,,,,2.4368713410003693,1.0,0.0
,0.0,0.0,jpeg:70,45.000000948646374,0.9864411905059803,,0.0,"{""S4_HEADER_FAILURE"":1}",C2,1,0,coco-000000415882-000000236426,0.0,154034176.0,0.4534628530311207,,,,,2.7278143079984147,1.0,0.0
,0.0,0.0,jpeg:90,45.000000948646374,0.9864411905059803,,0.0,"{""S4_HEADER_FAILURE"":1}",C2,1,0,coco-000000415882-000000236426,0.0,157339648.0,0.35653894585357077,,,,,2.6461824250000063,1.0,0.0
,0.0,0.0,salt_pepper:0.01,45.000000948646374,0.9864411905059803,,0.0,"{""S4_HEADER_FAILURE"":3}",C2,3,0,coco-000000415882-000000236426,0.0,155370837.33333334,0.158658631648378,,,,,2.8198303109996536,1.0,0.0
,0.0,0.0,salt_pepper:0.03,45.000000948646374,0.9864411905059803,,0.0,"{""S4_HEADER_FAILURE"":3}",C2,3,0,coco-000000415882-000000236426,0.0,155901952.0,0.3122519038196318,,,,,2.326288787999753,1.0,0.0
,0.0,0.0,salt_pepper:0.05,45.000000948646374,0.9864411905059803,,0.0,"{""S4_HEADER_FAILURE"":3}",C2,3,0,coco-000000415882-000000236426,0.0,157427029.33333334,0.38841068537506745,,,,,2.3976653656670046,1.0,0.0
0.0,1.0,1.0,clean,45.000000948646374,0.9863455553883717,0.0,1.0,"{""S0_COMPLETE"":1}",C3,1,0,coco-000000415882-000000236426,1.0,158416896.0,0.0011422917790969598,1.0,1.0000000000000002,,1.0,2.716666685999371,0.0,1.0
,0.0,0.0,gaussian:10,45.000000948646374,0.9863455553883717,,0.0,"{""S4_HEADER_FAILURE"":3}",C3,3,0,coco-000000415882-000000236426,0.0,155587925.33333334,0.3233615158601667,,,,,2.009108972000225,1.0,0.0
,0.0,0.0,gaussian:15,45.000000948646374,0.9863455553883717,,0.0,"{""S4_HEADER_FAILURE"":3}",C3,3,0,coco-000000415882-000000236426,0.0,155301205.33333334,0.3538631048749776,,,,,1.9630327253338085,1.0,0.0
,0.0,0.0,gaussian:5,45.000000948646374,0.9863455553883717,,0.0,"{""S4_HEADER_FAILURE"":3}",C3,3,0,coco-000000415882-000000236426,0.0,157461162.66666666,0.2600812496252323,,,,,1.9561976503337064,1.0,0.0
,0.0,0.0,jpeg:50,45.000000948646374,0.9863455553883717,,0.0,"{""S4_HEADER_FAILURE"":1}",C3,1,0,coco-000000415882-000000236426,0.0,156495872.0,0.4734934340708761,,,,,1.5209477959997457,1.0,0.0
,0.0,0.0,jpeg:70,45.000000948646374,0.9863455553883717,,0.0,"{""S4_HEADER_FAILURE"":1}",C3,1,0,coco-000000415882-000000236426,0.0,157753344.0,0.44912754092462676,,,,,1.5715801549995376,1.0,0.0
,0.0,0.0,jpeg:90,45.000000948646374,0.9863455553883717,,0.0,"{""S4_HEADER_FAILURE"":1}",C3,1,0,coco-000000415882-000000236426,0.0,156487680.0,0.34831354560172695,,,,,1.9896227009994618,1.0,0.0
,0.0,0.0,salt_pepper:0.01,45.000000948646374,0.9863455553883717,,0.0,"{""S4_HEADER_FAILURE"":3}",C3,3,0,coco-000000415882-000000236426,0.0,157123925.33333334,0.15761078131558434,,,,,1.8378773110010418,1.0,0.0
,0.0,0.0,salt_pepper:0.03,45.000000948646374,0.9863455553883717,,0.0,"{""S4_HEADER_FAILURE"":3}",C3,3,0,coco-000000415882-000000236426,0.0,155163306.66666666,0.3139608442765485,,,,,1.7917339640001348,1.0,0.0
,0.0,0.0,salt_pepper:0.05,45.000000948646374,0.9863455553883717,,0.0,"{""S4_HEADER_FAILURE"":3}",C3,3,0,coco-000000415882-000000236426,0.0,157330090.66666666,0.3901900821490676,,,,,1.6156295103331406,1.0,0.0
0.0,1.0,1.0,clean,45.000009005482426,0.9863502024926045,0.0,1.0,"{""S0_COMPLETE"":1}",C3_NP,1,0,coco-000000415882-000000236426,1.0,156790784.0,0.0010568447562511244,1.0,1.0000000000000002,,1.0,3.4509692749998067,0.0,1.0
,0.0,0.0,gaussian:10,45.00000900548243,0.9863502024926044,,0.0,"{""S4_HEADER_FAILURE"":3}",C3_NP,3,0,coco-000000415882-000000236426,0.0,156411221.33333334,0.32301822869820707,,,,,2.2545192333339705,1.0,0.0
,0.0,0.0,gaussian:15,45.00000900548243,0.9863502024926044,,0.0,"{""S4_HEADER_FAILURE"":3}",C3_NP,3,0,coco-000000415882-000000236426,0.0,155699882.66666666,0.35428884091863044,,,,,1.9261438019996906,1.0,0.0
,0.0,0.0,gaussian:5,45.00000900548243,0.9863502024926044,,0.0,"{""S4_HEADER_FAILURE"":3}",C3_NP,3,0,coco-000000415882-000000236426,0.0,158325418.66666666,0.259442645559753,,,,,2.4756287749999806,1.0,0.0
,0.0,0.0,jpeg:50,45.000009005482426,0.9863502024926045,,0.0,"{""S4_HEADER_FAILURE"":1}",C3_NP,1,0,coco-000000415882-000000236426,0.0,157741056.0,0.473246087425796,,,,,2.518218532000901,1.0,0.0
,0.0,0.0,jpeg:70,45.000009005482426,0.9863502024926045,,0.0,"{""S4_HEADER_FAILURE"":1}",C3_NP,1,0,coco-000000415882-000000236426,0.0,154034176.0,0.44889818312646157,,,,,2.045901079000032,1.0,0.0
,0.0,0.0,jpeg:90,45.000009005482426,0.9863502024926045,,0.0,"{""S4_HEADER_FAILURE"":1}",C3_NP,1,0,coco-000000415882-000000236426,0.0,155615232.0,0.3478953049109552,,,,,2.284932517000925,1.0,0.0
,0.0,0.0,salt_pepper:0.01,45.00000900548243,0.9863502024926044,,0.0,"{""S4_HEADER_FAILURE"":3}",C3_NP,3,0,coco-000000415882-000000236426,0.0,154849280.0,0.1588969838700006,,,,,1.656919139333695,1.0,0.0
,0.0,0.0,salt_pepper:0.03,45.00000900548243,0.9863502024926044,,0.0,"{""S4_HEADER_FAILURE"":3}",C3_NP,3,0,coco-000000415882-000000236426,0.0,156824917.33333334,0.314747856329076,,,,,1.580856589999409,1.0,0.0
,0.0,0.0,salt_pepper:0.05,45.00000900548243,0.9863502024926044,,0.0,"{""S4_HEADER_FAILURE"":3}",C3_NP,3,0,coco-000000415882-000000236426,0.0,156398933.33333334,0.3910310607423398,,,,,1.680275730666229,1.0,0.0
,,1.0,clean,45.8128167036773,0.9843976713934943,,,"{""S0_COMPLETE"":1}",B1,1,0,coco-000000440336-000000403385,1.0,155951104.0,0.0,1.0,1.0000000000000002,,1.0,0.0027051650013163453,0.0,
,,0.0,gaussian:10,45.8128167036773,0.9843976713934944,,,"{""S2_HEADER_VALID_PARTIAL"":3}",B1,3,0,coco-000000440336-000000403385,0.5070012410481771,156342954.66666666,0.49299875895182294,0.5070012410481771,0.8036524987158908,8.814575426986691,0.010103272612994684,0.009915108000010756,0.0,
,,0.0,gaussian:15,45.8128167036773,0.9843976713934944,,,"{""S2_HEADER_VALID_PARTIAL"":3}",B1,3,0,coco-000000440336-000000403385,0.5022862752278646,156532736.0,0.49771372477213544,0.5022862752278646,0.7982355373728726,8.689973648039464,0.0068145220790337925,0.00894623599985304,0.0,
,,0.0,gaussian:5,45.8128167036773,0.9843976713934944,,,"{""S2_HEADER_VALID_PARTIAL"":3}",B1,3,0,coco-000000440336-000000403385,0.5309956868489584,156005717.33333334,0.4690043131510417,0.5309956868489584,0.813089345019303,9.044223115890688,0.016366973322793372,0.007632849666454907,0.0,
,,0.0,jpeg:50,45.8128167036773,0.9843976713934943,,,"{""S2_HEADER_VALID_PARTIAL"":1}",B1,1,0,coco-000000440336-000000403385,0.5127487182617188,156790784.0,0.48725128173828125,0.5127487182617188,0.8140187430890022,9.485983083709257,0.02011094730007162,0.0045460490000550635,0.0,
,,0.0,jpeg:70,45.8128167036773,0.9843976713934943,,,"{""S2_HEADER_VALID_PARTIAL"":1}",B1,1,0,coco-000000440336-000000403385,0.5382003784179688,155615232.0,0.46179962158203125,0.5382003784179688,0.8462701904829243,9.931403590168957,0.018826099794066124,0.006681672999548027,0.0,
,,0.0,jpeg:90,45.8128167036773,0.9843976713934943,,,"{""S2_HEADER_VALID_PARTIAL"":1}",B1,1,0,coco-000000440336-000000403385,0.5719680786132812,155951104.0,0.42803192138671875,0.5719680786132812,0.8495307192038616,10.003029178712367,0.028745724175140777,0.00752251499943668,0.0,
,,0.0,salt_pepper:0.01,45.8128167036773,0.9843976713934944,,,"{""S2_HEADER_VALID_PARTIAL"":3}",B1,3,0,coco-000000440336-000000403385,0.9951222737630209,155424085.33333334,0.004877726236979167,0.9951222737630209,0.9967889694879473,26.689523111091336,0.8119739016583035,0.0069393716664005,0.0,
,,0.0,salt_pepper:0.03,45.8128167036773,0.9843976713934944,,,"{""S2_HEADER_VALID_PARTIAL"":3}",B1,3,0,coco-000000440336-000000403385,0.9851888020833334,157461162.66666666,0.014811197916666666,0.9851888020833334,0.9903578748074507,21.90858685949949,0.5597997969719846,0.005716500332709984,0.0,
,,0.0,salt_pepper:0.05,45.8128167036773,0.9843976713934944,,,"{""S2_HEADER_VALID_PARTIAL"":3}",B1,3,0,coco-000000440336-000000403385,0.9757105509440104,154942122.66666666,0.024289449055989582,0.9757105509440104,0.9844461680122233,19.814050472582718,0.41445940680987975,0.005480170333612477,0.0,
,,1.0,clean,45.1365785235444,0.9811329224985679,,,"{""S0_COMPLETE"":1}",B2,1,0,coco-000000440336-000000403385,1.0,155951104.0,0.0,1.0,1.0000000000000002,,1.0,0.00973387699923478,0.0,
,,0.0,gaussian:10,45.136578523544394,0.9811329224985679,,,"{""S2_HEADER_VALID_PARTIAL"":3}",B2,3,0,coco-000000440336-000000403385,0.5041478474934896,155805013.33333334,0.49585215250651044,0.5041478474934896,0.7997751863564119,8.761521227117983,0.01212859728450652,0.01713041033387223,0.0,
,,0.0,gaussian:15,45.136578523544394,0.9811329224985679,,,"{""S2_HEADER_VALID_PARTIAL"":3}",B2,3,0,coco-000000440336-000000403385,0.5000813802083334,156491776.0,0.4999186197916667,0.5000813802083334,0.7976798177718729,8.695934108040243,0.00853662454889236,0.0160982453332205,0.0,
,,0.0,gaussian:5,45.136578523544394,0.9811329224985679,,,"{""S2_HEADER_VALID_PARTIAL"":3}",B2,3,0,coco-000000440336-000000403385,0.5570348103841146,156151808.0,0.44296518961588544,0.5570348103841146,0.8163852728991063,9.113660303943076,0.01713096222664091,0.01824288600012854,0.0,
,,0.0,jpeg:50,45.1365785235444,0.9811329224985679,,,"{""S2_HEADER_VALID_PARTIAL"":1}",B2,1,0,coco-000000440336-000000403385,0.49658966064453125,156790784.0,0.5034103393554688,0.49658966064453125,0.4404700272758029,5.649463346914874,0.005046596644924522,0.01417747500090627,0.0,
,,0.0,jpeg:70,45.1365785235444,0.9811329224985679,,,"{""S2_HEADER_VALID_PARTIAL"":1}",B2,1,0,coco-000000440336-000000403385,0.4962921142578125,156786688.0,0.5037078857421875,0.4962921142578125,0.5649691034731837,6.4363622953197925,0.008696391241353844,0.013940573000581935,0.0,
,,0.0,jpeg:90,45.1365785235444,0.9811329224985679,,,"{""S2_HEADER_VALID_PARTIAL"":1}",B2,1,0,coco-000000440336-000000403385,0.6592483520507812,156286976.0,0.34075164794921875,0.6592483520507812,0.9151298283534083,12.64797104611798,0.2097287014999042,0.009545197999614174,0.0,
,,0.0,salt_pepper:0.01,45.136578523544394,0.9811329224985679,,,"{""S2_HEADER_VALID_PARTIAL"":3}",B2,3,0,coco-000000440336-000000403385,0.7611668904622396,156157269.33333334,0.2388331095377604,0.7611668904622396,0.8931560664689048,11.422432172684518,0.05828541918553021,0.014944419666183725,0.0,
,,0.0,salt_pepper:0.03,45.136578523544394,0.9811329224985679,,,"{""S2_HEADER_VALID_PARTIAL"":3}",B2,3,0,coco-000000440336-000000403385,0.5714823404947916,156005717.33333334,0.4285176595052083,0.5714823404947916,0.824243723275797,9.270986073196168,0.020099512234467574,0.0125073926665209,0.0,
,,0.0,salt_pepper:0.05,45.136578523544394,0.9811329224985679,,,"{""S2_HEADER_VALID_PARTIAL"":3}",B2,3,0,coco-000000440336-000000403385,0.5234756469726562,157113002.66666666,0.47652435302734375,0.5234756469726562,0.8066712968509431,8.87960576019948,0.012253386400705312,0.013494257333756346,0.0,
0.0,1.0,1.0,clean,45.00001706233342,0.9797566138212277,0.0,1.0,"{""S0_COMPLETE"":1}",C0,1,0,coco-000000440336-000000403385,1.0,156790784.0,9.444144630329196e-05,1.0,1.0000000000000002,,1.0,2.3295086460002494,0.0,1.0
,0.0,0.0,gaussian:10,45.00001706233342,0.9797566138212277,,0.0,"{""S4_HEADER_FAILURE"":3}",C0,3,0,coco-000000440336-000000403385,0.0,155559253.33333334,0.3208565689272651,,,,,1.758954112666591,1.0,0.0
,0.0,0.0,gaussian:15,45.00001706233342,0.9797566138212277,,0.0,"{""S4_HEADER_FAILURE"":3}",C0,3,0,coco-000000440336-000000403385,0.0,156621482.66666666,0.3521871439707381,,,,,1.8274686589999571,1.0,0.0
,0.0,0.0,gaussian:5,45.00001706233342,0.9797566138212277,,0.0,"{""S4_HEADER_FAILURE"":3}",C0,3,0,coco-000000440336-000000403385,0.0,155335338.66666666,0.25778917071415725,,,,,2.00463816566662,1.0,0.0
,0.0,0.0,jpeg:50,45.00001706233342,0.9797566138212277,,0.0,"{""S4_HEADER_FAILURE"":1}",C0,1,0,coco-000000440336-000000403385,0.0,155840512.0,0.4804371289800324,,,,,1.6169384289987647,1.0,0.0
,0.0,0.0,jpeg:70,45.00001706233342,0.9797566138212277,,0.0,"{""S4_HEADER_FAILURE"":1}",C0,1,0,coco-000000440336-000000403385,0.0,157741056.0,0.459331714337111,,,,,1.886152065000715,1.0,0.0
,0.0,0.0,jpeg:90,45.00001706233342,0.9797566138212277,,0.0,"{""S4_HEADER_FAILURE"":1}",C0,1,0,coco-000000440336-000000403385,0.0,158416896.0,0.3523790250044972,,,,,1.9148350369996479,1.0,0.0
,0.0,0.0,salt_pepper:0.01,45.00001706233342,0.9797566138212277,,0.0,"{""S4_HEADER_FAILURE"":3}",C0,3,0,coco-000000440336-000000403385,0.0,158131541.33333334,0.16261317982850634,,,,,1.7518903126662433,1.0,0.0
,0.0,0.0,salt_pepper:0.03,45.00001706233342,0.9797566138212277,,0.0,"{""S4_HEADER_FAILURE"":3}",C0,3,0,coco-000000440336-000000403385,0.0,156347050.66666666,0.325451220243449,,,,,1.9985465143333083,1.0,0.0
,0.0,0.0,salt_pepper:0.05,45.00001706233342,0.9797566138212277,,0.0,"{""S4_HEADER_FAILURE"":3}",C0,3,0,coco-000000440336-000000403385,0.0,154771456.0,0.3957891107513342,,,,,2.449731264999476,1.0,0.0
0.0,1.0,1.0,clean,45.000000948646374,0.9800244162058676,0.0,1.0,"{""S0_COMPLETE"":1}",C1,1,0,coco-000000440336-000000403385,1.0,157753344.0,0.00013491635186184566,1.0,1.0000000000000002,,1.0,3.2243391899992275,0.0,1.0
,0.0,0.0,gaussian:10,45.000000948646374,0.9800244162058677,,0.0,"{""S4_HEADER_FAILURE"":3}",C1,3,0,coco-000000440336-000000403385,0.0,156289706.66666666,0.32158062001559035,,,,,2.793642078000024,1.0,0.0
,0.0,0.0,gaussian:15,45.000000948646374,0.9800244162058677,,0.0,"{""S4_HEADER_FAILURE"":3}",C1,3,0,coco-000000440336-000000403385,0.0,156969642.66666666,0.3528512322360136,,,,,2.784095608999754,1.0,0.0
,0.0,0.0,gaussian:5,45.000000948646374,0.9800244162058677,,0.0,"{""S4_HEADER_FAILURE"":3}",C1,3,0,coco-000000440336-000000403385,0.0,156394837.33333334,0.25956257120585235,,,,,2.35615731233338,1.0,0.0
,0.0,0.0,jpeg:50,45.000000948646374,0.9800244162058676,,0.0,"{""S4_HEADER_FAILURE"":1}",C1,1,0,coco-000000440336-000000403385,0.0,156286976.0,0.47562061521856447,,,,,2.3566644029997406,1.0,0.0
,0.0,0.0,jpeg:70,45.000000948646374,0.9800244162058676,,0.0,"{""S4_HEADER_FAILURE"":1}",C1,1,0,coco-000000440336-000000403385,0.0,158416896.0,0.45196977873718297,,,,,2.4810704390001774,1.0,0.0
,0.0,0.0,jpeg:90,45.000000948646374,0.9800244162058676,,0.0,"{""S4_HEADER_FAILURE"":1}",C1,1,0,coco-000000440336-000000403385,0.0,154931200.0,0.343398093182227,,,,,2.532951912000499,1.0,0.0
,0.0,0.0,salt_pepper:0.01,45.000000948646374,0.9800244162058677,,0.0,"{""S4_HEADER_FAILURE"":3}",C1,3,0,coco-000000440336-000000403385,0.0,157118464.0,0.16107063620555254,,,,,2.916604753999612,1.0,0.0
,0.0,0.0,salt_pepper:0.03,45.000000948646374,0.9800244162058677,,0.0,"{""S4_HEADER_FAILURE"":3}",C1,3,0,coco-000000440336-000000403385,0.0,155702613.33333334,0.32712568207711223,,,,,3.4997324843334354,1.0,0.0
,0.0,0.0,salt_pepper:0.05,45.000000948646374,0.9800244162058677,,0.0,"{""S4_HEADER_FAILURE"":3}",C1,3,0,coco-000000440336-000000403385,0.0,157009237.33333334,0.39783234394675304,,,,,4.0308239573332685,1.0,0.0
0.0,1.0,1.0,clean,45.00003317608025,0.9797810704719128,0.0,1.0,"{""S0_COMPLETE"":1}",C2,1,0,coco-000000440336-000000403385,1.0,155840512.0,0.00012142471667566109,1.0,1.0000000000000002,,1.0,4.54631954999968,0.0,1.0
,0.0,0.0,gaussian:10,45.00003317608025,0.9797810704719128,,0.0,"{""S4_HEADER_FAILURE"":3}",C2,3,0,coco-000000440336-000000403385,0.0,157840725.33333334,0.3212148467949871,,,,,4.122828161667106,1.0,0.0
,0.0,0.0,gaussian:15,45.00003317608025,0.9797810704719128,,0.0,"{""S4_HEADER_FAILURE"":3}",C2,3,0,coco-000000440336-000000403385,0.0,155526485.33333334,0.3519937638664028,,,,,2.6630738789996635,1.0,0.0
,0.0,0.0,gaussian:5,45.00003317608025,0.9797810704719128,,0.0,"{""S4_HEADER_FAILURE"":3}",C2,3,0,coco-000000440336-000000403385,0.0,156211882.66666666,0.25773670324398873,,,,,4.111231948666803,1.0,0.0
,0.0,0.0,jpeg:50,45.00003317608025,0.9797810704719128,,0.0,"{""S4_HEADER_FAILURE"":1}",C2,1,0,coco-000000440336-000000403385,0.0,154439680.0,0.4801852851232236,,,,,2.9504764819994307,1.0,0.0
,0.0,0.0,jpeg:70,45.00003317608025,0.9797810704719128,,0.0,"{""S4_HEADER_FAILURE"":1}",C2,1,0,coco-000000440336-000000403385,0.0,155897856.0,0.4598039215686274,,,,,2.8466073349991348,1.0,0.0
,0.0,0.0,jpeg:90,45.00003317608025,0.9797810704719128,,0.0,"{""S4_HEADER_FAILURE"":1}",C2,1,0,coco-000000440336-000000403385,0.0,158416896.0,0.3506565929123943,,,,,2.904130607999832,1.0,0.0
,0.0,0.0,salt_pepper:0.01,45.00003317608025,0.9797810704719128,,0.0,"{""S4_HEADER_FAILURE"":3}",C2,3,0,coco-000000440336-000000403385,0.0,156053504.0,0.1625981891227439,,,,,2.908508005333109,1.0,0.0
,0.0,0.0,salt_pepper:0.03,45.00003317608025,0.9797810704719128,,0.0,"{""S4_HEADER_FAILURE"":3}",C2,3,0,coco-000000440336-000000403385,0.0,157351936.0,0.32622773880194283,,,,,2.122264689999914,1.0,0.0
,0.0,0.0,salt_pepper:0.05,45.00003317608025,0.9797810704719128,,0.0,"{""S4_HEADER_FAILURE"":3}",C2,3,0,coco-000000440336-000000403385,0.0,155286186.66666666,0.39587155963302756,,,,,2.5593063280005786,1.0,0.0
0.0,1.0,1.0,clean,45.00003317608025,0.9800414314717987,0.0,1.0,"{""S0_COMPLETE"":1}",C3,1,0,coco-000000440336-000000403385,1.0,155840512.0,7.195538765965101e-05,1.0,1.0000000000000002,,1.0,2.648246750000908,0.0,1.0
,0.0,0.0,gaussian:10,45.00003317608025,0.9800414314717987,,0.0,"{""S4_HEADER_FAILURE"":3}",C3,3,0,coco-000000440336-000000403385,0.0,157293226.66666666,0.32323709300233855,,,,,1.840815828666867,1.0,0.0
,0.0,0.0,gaussian:15,45.00003317608025,0.9800414314717987,,0.0,"{""S4_HEADER_FAILURE"":3}",C3,3,0,coco-000000440336-000000403385,0.0,157218133.33333334,0.3530760928224501,,,,,1.8867453816668178,1.0,0.0
,0.0,0.0,gaussian:5,45.00003317608025,0.9800414314717987,,0.0,"{""S4_HEADER_FAILURE"":3}",C3,3,0,coco-000000440336-000000403385,0.0,155480064.0,0.2588340229057984,,,,,1.8476823960008915,1.0,0.0
,0.0,0.0,jpeg:50,45.00003317608025,0.9800414314717987,,0.0,"{""S4_HEADER_FAILURE"":1}",C3,1,0,coco-000000440336-000000403385,0.0,155176960.0,0.4760523475445224,,,,,1.9903940460008016,1.0,0.0
,0.0,0.0,jpeg:70,45.00003317608025,0.9800414314717987,,0.0,"{""S4_HEADER_FAILURE"":1}",C3,1,0,coco-000000440336-000000403385,0.0,155951104.0,0.4541419320021587,,,,,1.7670268430010765,1.0,0.0
,0.0,0.0,jpeg:90,45.00003317608025,0.9800414314717987,,0.0,"{""S4_HEADER_FAILURE"":1}",C3,1,0,coco-000000440336-000000403385,0.0,156495872.0,0.3447562511243029,,,,,1.8626302150005358,1.0,0.0
,0.0,0.0,salt_pepper:0.01,45.00003317608025,0.9800414314717987,,0.0,"{""S4_HEADER_FAILURE"":3}",C3,3,0,coco-000000440336-000000403385,0.0,157093888.0,0.16115758229897464,,,,,1.6698225050004112,1.0,0.0
,0.0,0.0,salt_pepper:0.03,45.00003317608025,0.9800414314717987,,0.0,"{""S4_HEADER_FAILURE"":3}",C3,3,0,coco-000000440336-000000403385,0.0,155444565.33333334,0.32606134196797987,,,,,1.6038111786668499,1.0,0.0
,0.0,0.0,salt_pepper:0.05,45.00003317608025,0.9800414314717987,,0.0,"{""S4_HEADER_FAILURE"":3}",C3,3,0,coco-000000440336-000000403385,0.0,156696576.0,0.3984604545181987,,,,,1.6510029560001083,1.0,0.0
0.0,1.0,1.0,clean,45.000000948646374,0.9800359267409078,0.0,1.0,"{""S0_COMPLETE"":1}",C3_NP,1,0,coco-000000440336-000000403385,1.0,156495872.0,0.00010343586976074834,1.0,1.0000000000000002,,1.0,3.2155662570003187,0.0,1.0
,0.0,0.0,gaussian:10,45.000000948646374,0.9800359267409077,,0.0,"{""S4_HEADER_FAILURE"":3}",C3_NP,3,0,coco-000000440336-000000403385,0.0,154942122.66666666,0.3225864963722492,,,,,2.0724736170007723,1.0,0.0
,0.0,0.0,gaussian:15,45.000000948646374,0.9800359267409077,,0.0,"{""S4_HEADER_FAILURE"":3}",C3_NP,3,0,coco-000000440336-000000403385,0.0,157163520.0,0.35211518858307844,,,,,1.985126461332887,1.0,0.0
,0.0,0.0,gaussian:5,45.000000948646374,0.9800359267409077,,0.0,"{""S4_HEADER_FAILURE"":3}",C3_NP,3,0,coco-000000440336-000000403385,0.0,157182634.66666666,0.25820141512262396,,,,,2.1157813979995503,1.0,0.0
,0.0,0.0,jpeg:50,45.000000948646374,0.9800359267409078,,0.0,"{""S4_HEADER_FAILURE"":1}",C3_NP,1,0,coco-000000440336-000000403385,0.0,157753344.0,0.4743793847814355,,,,,2.3486991750014568,1.0,0.0
,0.0,0.0,jpeg:70,45.000000948646374,0.9800359267409078,,0.0,"{""S4_HEADER_FAILURE"":1}",C3_NP,1,0,coco-000000440336-000000403385,0.0,155840512.0,0.4523790250044972,,,,,2.7127681609999854,1.0,0.0
,0.0,0.0,jpeg:90,45.000000948646374,0.9800359267409078,,0.0,"{""S4_HEADER_FAILURE"":1}",C3_NP,1,0,coco-000000440336-000000403385,0.0,154914816.0,0.3447832343946753,,,,,2.5700643440013664,1.0,0.0
,0.0,0.0,salt_pepper:0.01,45.000000948646374,0.9800359267409077,,0.0,"{""S4_HEADER_FAILURE"":3}",C3_NP,3,0,coco-000000440336-000000403385,0.0,156026197.33333334,0.16176470588235295,,,,,1.8082069483334635,1.0,0.0
,0.0,0.0,salt_pepper:0.03,45.000000948646374,0.9800359267409077,,0.0,"{""S4_HEADER_FAILURE"":3}",C3_NP,3,0,coco-000000440336-000000403385,0.0,157123925.33333334,0.3263446663068897,,,,,1.667272123332926,1.0,0.0
,0.0,0.0,salt_pepper:0.05,45.000000948646374,0.9800359267409077,,0.0,"{""S4_HEADER_FAILURE"":3}",C3_NP,3,0,coco-000000440336-000000403385,0.0,156385280.0,0.3980661989566469,,,,,1.7343187703336298,1.0,0.0
,,1.0,clean,45.71119082178327,0.983841645081675,,,"{""S0_COMPLETE"":1}",B1,1,0,coco-000000456292-000000100624,1.0,156798976.0,0.0,1.0,0.9999999999999998,,1.0,0.0028982050007471116,0.0,
,,0.0,gaussian:10,45.71119082178327,0.983841645081675,,,"{""S2_HEADER_VALID_PARTIAL"":3}",B1,3,0,coco-000000456292-000000100624,0.5062306722005209,156407125.33333334,0.4937693277994792,0.5062306722005209,0.7059603525789159,7.791675104456804,0.011901087501114446,0.007686990333847159,0.0,
,,0.0,gaussian:15,45.71119082178327,0.983841645081675,,,"{""S2_HEADER_VALID_PARTIAL"":3}",B1,3,0,coco-000000456292-000000100624,0.5010553995768229,156489045.33333334,0.49894460042317706,0.5010553995768229,0.7076336942569803,7.756170324047414,0.011178994078936716,0.009927668666932732,0.0,
,,0.0,gaussian:5,45.71119082178327,0.983841645081675,,,"{""S2_HEADER_VALID_PARTIAL"":3}",B1,3,0,coco-000000456292-000000100624,0.5301335652669271,156808533.33333334,0.46986643473307294,0.5301335652669271,0.7141680407362888,8.013203840983584,0.018722763688787284,0.00981611466644002,0.0,
,,0.0,jpeg:50,45.71119082178327,0.983841645081675,,,"{""S2_HEADER_VALID_PARTIAL"":1}",B1,1,0,coco-000000456292-000000100624,0.5070266723632812,156581888.0,0.49297332763671875,0.5070266723632812,0.7050241155163893,7.8311019583214305,0.012622293783405151,0.004931079000016325,0.0,
,,0.0,jpeg:70,45.71119082178327,0.983841645081675,,,"{""S2_HEADER_VALID_PARTIAL"":1}",B1,1,0,coco-000000456292-000000100624,0.5104217529296875,157339648.0,0.4895782470703125,0.5104217529296875,0.7119350726732451,7.966916892517815,0.009974636528337034,0.007026741999652586,0.0,
,,0.0,jpeg:90,45.71119082178327,0.983841645081675,,,"{""S2_HEADER_VALID_PARTIAL"":1}",B1,1,0,coco-000000456292-000000100624,0.5294342041015625,156286976.0,0.4705657958984375,0.5294342041015625,0.7227110569702154,8.131088835856788,0.025197884134379896,0.0065689620005287,0.0,
,,0.0,salt_pepper:0.01,45.71119082178327,0.983841645081675,,,"{""S2_HEADER_VALID_PARTIAL"":3}",B1,3,0,coco-000000456292-000000100624,0.9954274495442709,157488469.33333334,0.004572550455729167,0.9954274495442709,0.9924049895080685,26.722384722696077,0.8737728438694923,0.005197879999589834,0.0,
,,0.0,salt_pepper:0.03,45.71119082178327,0.983841645081675,,,"{""S2_HEADER_VALID_PARTIAL"":3}",B1,3,0,coco-000000456292-000000100624,0.9855270385742188,156590080.0,0.01447296142578125,0.9855270385742188,0.9766406253021934,21.680838838670457,0.6836640149402307,0.006446671667314756,0.0,
,,0.0,salt_pepper:0.05,45.71119082178327,0.983841645081675,,,"{""S2_HEADER_VALID_PARTIAL"":3}",B1,3,0,coco-000000456292-000000100624,0.9759292602539062,156370261.33333334,0.02407073974609375,0.9759292602539062,0.9602256811335447,19.24502688870901,0.5448625917909116,0.006795846333261579,0.0,
,,1.0,clean,43.72661026236668,0.974263399666458,,,"{""S0_COMPLETE"":1}",B2,1,0,coco-000000456292-000000100624,1.0,156286976.0,0.0,1.0,0.9999999999999998,,1.0,0.010862528999496135,0.0,
,,0.0,gaussian:10,43.72661026236668,0.9742633996664581,,,"{""S2_HEADER_VALID_PARTIAL"":3}",B2,3,0,coco-000000456292-000000100624,0.5289230346679688,156508160.0,0.47107696533203125,0.5289230346679688,0.7122485994789116,7.952867637431656,0.017797158499706752,0.016465633333912894,0.0,
,,0.0,gaussian:15,43.72661026236668,0.9742633996664581,,,"{""S2_HEADER_VALID_PARTIAL"":3}",B2,3,0,coco-000000456292-000000100624,0.5064697265625,157070677.33333334,0.4935302734375,0.5064697265625,0.7068497451961404,7.749781724541404,0.010117943892038746,0.01698439100012668,0.0,
,,0.0,gaussian:5,43.72661026236668,0.9742633996664581,,,"{""S2_HEADER_VALID_PARTIAL"":3}",B2,3,0,coco-000000456292-000000100624,0.6303507486979166,155836416.0,0.3696492513020833,0.6303507486979166,0.7473356904016922,8.980199927015434,0.05592342666783384,0.017855473000357353,0.0,
,,0.0,jpeg:50,43.72661026236668,0.974263399666458,,,"{""S2_HEADER_VALID_PARTIAL"":1}",B2,1,0,coco-000000456292-000000100624,0.5470123291015625,159084544.0,0.4529876708984375,0.5470123291015625,0.27561750714845845,8.407713934938482,0.006336223479089583,0.011962151998886839,0.0,
,,0.0,jpeg:70,43.72661026236668,0.974263399666458,,,"{""S2_HEADER_VALID_PARTIAL"":1}",B2,1,0,coco-000000456292-000000100624,0.5313720703125,156798976.0,0.4686279296875,0.5313720703125,0.4060743193078806,8.555407032001614,0.00672393072879565,0.015253047999067348,0.0,
,,0.0,jpeg:90,43.72661026236668,0.974263399666458,,,"{""S2_HEADER_VALID_PARTIAL"":1}",B2,1,0,coco-000000456292-000000100624,0.7079544067382812,155840512.0,0.29204559326171875,0.7079544067382812,0.9121786049669456,16.208911660526645,0.5791558669629391,0.0159060000005411,0.0,
,,0.0,salt_pepper:0.01,43.72661026236668,0.9742633996664581,,,"{""S2_HEADER_VALID_PARTIAL"":3}",B2,3,0,coco-000000456292-000000100624,0.7764104207356771,156330666.66666666,0.2235895792643229,0.7764104207356771,0.8144719586894315,11.085434852045688,0.13115836471302578,0.011598991666687652,0.0,
,,0.0,salt_pepper:0.03,43.72661026236668,0.9742633996664581,,,"{""S2_HEADER_VALID_PARTIAL"":3}",B2,3,0,coco-000000456292-000000100624,0.5828679402669271,156086272.0,0.41713205973307294,0.5828679402669271,0.7301163532535258,8.484083655208986,0.03576446789803488,0.016922685666941106,0.0,
,,0.0,salt_pepper:0.05,43.72661026236668,0.9742633996664581,,,"{""S2_HEADER_VALID_PARTIAL"":3}",B2,3,0,coco-000000456292-000000100624,0.5343500773111979,156236458.66666666,0.46564992268880206,0.5343500773111979,0.7158343961803739,8.02781084382145,0.01987274632020487,0.012959500666814469,0.0,
0.0,1.0,1.0,clean,45.000025119199364,0.9794093941245915,0.0,1.0,"{""S0_COMPLETE"":1}",C0,1,0,coco-000000456292-000000100624,1.0,154763264.0,0.00013041914013311746,1.0,0.9999999999999998,,1.0,2.3200269729986758,0.0,1.0
,0.0,0.0,gaussian:10,45.000025119199364,0.9794093941245915,,0.0,"{""S4_HEADER_FAILURE"":3}",C0,3,0,coco-000000456292-000000100624,0.0,155436373.33333334,0.32114289140732744,,,,,1.9688469899992924,1.0,0.0
,0.0,0.0,gaussian:15,45.000025119199364,0.9794093941245915,,0.0,"{""S4_HEADER_FAILURE"":3}",C0,3,0,coco-000000456292-000000100624,0.0,157425664.0,0.35144810217665046,,,,,2.5967850596662174,1.0,0.0
,0.0,0.0,gaussian:5,45.000025119199364,0.9794093941245915,,0.0,"{""S4_HEADER_FAILURE"":3}",C0,3,0,coco-000000456292-000000100624,0.0,154987178.66666666,0.2574773640342987,,,,,1.7827027413331962,1.0,0.0
,0.0,0.0,jpeg:50,45.000025119199364,0.9794093941245915,,0.0,"{""S4_HEADER_FAILURE"":1}",C0,1,0,coco-000000456292-000000100624,0.0,155840512.0,0.4764076272710919,,,,,1.8764666189999843,1.0,0.0
,0.0,0.0,jpeg:70,45.000025119199364,0.9794093941245915,,0.0,"{""S4_HEADER_FAILURE"":1}",C0,1,0,coco-000000456292-000000100624,0.0,155176960.0,0.45033729087965463,,,,,1.962834138999824,1.0,0.0
,0.0,0.0,jpeg:90,45.000025119199364,0.9794093941245915,,0.0,"{""S4_HEADER_FAILURE"":1}",C0,1,0,coco-000000456292-000000100624,0.0,157339648.0,0.35161899622234216,,,,,1.9419819409995398,1.0,0.0
,0.0,0.0,salt_pepper:0.01,45.000025119199364,0.9794093941245915,,0.0,"{""S4_HEADER_FAILURE"":3}",C0,3,0,coco-000000456292-000000100624,0.0,155773610.66666666,0.1548375007495353,,,,,2.1797385009995196,1.0,0.0
,0.0,0.0,salt_pepper:0.03,45.000025119199364,0.9794093941245915,,0.0,"{""S4_HEADER_FAILURE"":3}",C0,3,0,coco-000000456292-000000100624,0.0,155833685.33333334,0.3126476584517599,,,,,2.5414811260003867,1.0,0.0
,0.0,0.0,salt_pepper:0.05,45.000025119199364,0.9794093941245915,,0.0,"{""S4_HEADER_FAILURE"":3}",C0,3,0,coco-000000456292-000000100624,0.0,154955776.0,0.3855774419859687,,,,,2.8783734513326635,1.0,0.0
0.0,1.0,1.0,clean,45.000009005482426,0.9801065263870348,0.0,1.0,"{""S0_COMPLETE"":1}",C1,1,0,coco-000000456292-000000100624,1.0,156057600.0,0.00012142471667566109,1.0,0.9999999999999998,,1.0,3.277901600000405,0.0,1.0
,0.0,0.0,gaussian:10,45.00000900548243,0.9801065263870349,,0.0,"{""S4_HEADER_FAILURE"":3}",C1,3,0,coco-000000456292-000000100624,0.0,155942912.0,0.32303022126281705,,,,,2.7408327183335737,1.0,0.0
,0.0,0.0,gaussian:15,45.00000900548243,0.9801065263870349,,0.0,"{""S4_HEADER_FAILURE"":3}",C1,3,0,coco-000000456292-000000100624,0.0,155962026.66666666,0.3525139413563591,,,,,3.0218227256658188,1.0,0.0
,0.0,0.0,gaussian:5,45.00000900548243,0.9801065263870349,,0.0,"{""S4_HEADER_FAILURE"":3}",C1,3,0,coco-000000456292-000000100624,0.0,155557888.0,0.2584937338849913,,,,,3.0576960869996888,1.0,0.0
,0.0,0.0,jpeg:50,45.000009005482426,0.9801065263870348,,0.0,"{""S4_HEADER_FAILURE"":1}",C1,1,0,coco-000000456292-000000100624,0.0,157249536.0,0.4759084367692031,,,,,2.7747117360013362,1.0,0.0
,0.0,0.0,jpeg:70,45.000009005482426,0.9801065263870348,,0.0,"{""S4_HEADER_FAILURE"":1}",C1,1,0,coco-000000456292-000000100624,0.0,153763840.0,0.44561521856449,,,,,2.229050181000275,1.0,0.0
,0.0,0.0,jpeg:90,45.000009005482426,0.9801065263870348,,0.0,"{""S4_HEADER_FAILURE"":1}",C1,1,0,coco-000000456292-000000100624,0.0,157339648.0,0.3427055225760029,,,,,2.5274454049995256,1.0,0.0
,0.0,0.0,salt_pepper:0.01,45.00000900548243,0.9801065263870349,,0.0,"{""S4_HEADER_FAILURE"":3}",C1,3,0,coco-000000456292-000000100624,0.0,155794090.66666666,0.15335791809078372,,,,,2.9047568973334514,1.0,0.0
,0.0,0.0,salt_pepper:0.03,45.00000900548243,0.9801065263870349,,0.0,"{""S4_HEADER_FAILURE"":3}",C1,3,0,coco-000000456292-000000100624,0.0,155358549.33333334,0.3140223061701745,,,,,2.4543331176670713,1.0,0.0
,0.0,0.0,salt_pepper:0.05,45.00000900548243,0.9801065263870349,,0.0,"{""S4_HEADER_FAILURE"":3}",C1,3,0,coco-000000456292-000000100624,0.0,156119040.0,0.3872683935959705,,,,,2.4608662016665526,1.0,0.0
0.0,1.0,1.0,clean,45.000000948646374,0.9794378658067413,0.0,1.0,"{""S0_COMPLETE"":1}",C2,1,0,coco-000000456292-000000100624,1.0,154763264.0,9.893865803202014e-05,1.0,0.9999999999999998,,1.0,3.1175486579995777,0.0,1.0
,0.0,0.0,gaussian:10,45.000000948646374,0.9794378658067413,,0.0,"{""S4_HEADER_FAILURE"":3}",C2,3,0,coco-000000456292-000000100624,0.0,156442624.0,0.3215836181567428,,,,,2.383976381333317,1.0,0.0
,0.0,0.0,gaussian:15,45.000000948646374,0.9794378658067413,,0.0,"{""S4_HEADER_FAILURE"":3}",C2,3,0,coco-000000456292-000000100624,0.0,156874069.33333334,0.3526218744378485,,,,,1.7371025836655463,1.0,0.0
,0.0,0.0,gaussian:5,45.000000948646374,0.9794378658067413,,0.0,"{""S4_HEADER_FAILURE"":3}",C2,3,0,coco-000000456292-000000100624,0.0,156225536.0,0.257330455117827,,,,,2.079030969666443,1.0,0.0
,0.0,0.0,jpeg:50,45.000000948646374,0.9794378658067413,,0.0,"{""S4_HEADER_FAILURE"":1}",C2,1,0,coco-000000456292-000000100624,0.0,155140096.0,0.47672692930383165,,,,,2.2713812359997974,1.0,0.0
,0.0,0.0,jpeg:70,45.000000948646374,0.9794378658067413,,0.0,"{""S4_HEADER_FAILURE"":1}",C2,1,0,coco-000000456292-000000100624,0.0,156057600.0,0.4502248605864364,,,,,2.2536522739992506,1.0,0.0
,0.0,0.0,jpeg:90,45.000000948646374,0.9794378658067413,,0.0,"{""S4_HEADER_FAILURE"":1}",C2,1,0,coco-000000456292-000000100624,0.0,157249536.0,0.35129969418960244,,,,,2.441983284001253,1.0,0.0
,0.0,0.0,salt_pepper:0.01,45.000000948646374,0.9794378658067413,,0.0,"{""S4_HEADER_FAILURE"":3}",C2,3,0,coco-000000456292-000000100624,0.0,155119616.0,0.154434250764526,,,,,1.793012230333261,1.0,0.0
,0.0,0.0,salt_pepper:0.03,45.000000948646374,0.9794378658067413,,0.0,"{""S4_HEADER_FAILURE"":3}",C2,3,0,coco-000000456292-000000100624,0.0,154599424.0,0.3135935719853691,,,,,2.151174108333483,1.0,0.0
,0.0,0.0,salt_pepper:0.05,45.000000948646374,0.9794378658067413,,0.0,"{""S4_HEADER_FAILURE"":3}",C2,3,0,coco-000000456292-000000100624,0.0,155855530.66666666,0.38517119385980697,,,,,2.225500518667104,1.0,0.0
0.0,1.0,1.0,clean,45.00003317608025,0.9800921923921744,0.0,1.0,"{""S0_COMPLETE"":1}",C3,1,0,coco-000000456292-000000100624,1.0,155140096.0,0.00013041914013311746,1.0,0.9999999999999998,,1.0,2.472372952999649,0.0,1.0
,0.0,0.0,gaussian:10,45.00003317608025,0.9800921923921745,,0.0,"{""S4_HEADER_FAILURE"":3}",C3,3,0,coco-000000456292-000000100624,0.0,155833685.33333334,0.3223721292798465,,,,,1.8429491300000034,1.0,0.0
,0.0,0.0,gaussian:15,45.00003317608025,0.9800921923921745,,0.0,"{""S4_HEADER_FAILURE"":3}",C3,3,0,coco-000000456292-000000100624,0.0,155318954.66666666,0.3528647238711999,,,,,1.8609952696660912,1.0,0.0
,0.0,0.0,gaussian:5,45.00003317608025,0.9800921923921745,,0.0,"{""S4_HEADER_FAILURE"":3}",C3,3,0,coco-000000456292-000000100624,0.0,156818090.66666666,0.25822839839299633,,,,,1.727910403333226,1.0,0.0
,0.0,0.0,jpeg:50,45.00003317608025,0.9800921923921744,,0.0,"{""S4_HEADER_FAILURE"":1}",C3,1,0,coco-000000456292-000000100624,0.0,156798976.0,0.4741455297715416,,,,,1.8739745450002374,1.0,0.0
,0.0,0.0,jpeg:70,45.00003317608025,0.9800921923921744,,0.0,"{""S4_HEADER_FAILURE"":1}",C3,1,0,coco-000000456292-000000100624,0.0,153976832.0,0.4446618096779996,,,,,1.7745944899997994,1.0,0.0
,0.0,0.0,jpeg:90,45.00003317608025,0.9800921923921744,,0.0,"{""S4_HEADER_FAILURE"":1}",C3,1,0,coco-000000456292-000000100624,0.0,157511680.0,0.34303381903220004,,,,,1.5682546770003682,1.0,0.0
,0.0,0.0,salt_pepper:0.01,45.00003317608025,0.9800921923921745,,0.0,"{""S4_HEADER_FAILURE"":3}",C3,3,0,coco-000000456292-000000100624,0.0,156809898.66666666,0.15434430652995143,,,,,2.0613789200003034,1.0,0.0
,0.0,0.0,salt_pepper:0.03,45.00003317608025,0.9800921923921745,,0.0,"{""S4_HEADER_FAILURE"":3}",C3,3,0,coco-000000456292-000000100624,0.0,155531946.66666666,0.3141092522635966,,,,,2.0538180549998892,1.0,0.0
,0.0,0.0,salt_pepper:0.05,45.00003317608025,0.9800921923921745,,0.0,"{""S4_HEADER_FAILURE"":3}",C3,3,0,coco-000000456292-000000100624,0.0,154733226.66666666,0.3867856928704203,,,,,2.8840110459999173,1.0,0.0
0.0,1.0,1.0,clean,45.00001706233342,0.9801025469089324,0.0,1.0,"{""S0_COMPLETE"":1}",C3_NP,1,0,coco-000000456292-000000100624,1.0,155840512.0,0.00013041914013311746,1.0,0.9999999999999998,,1.0,2.6369499819993507,0.0,1.0
,0.0,0.0,gaussian:10,45.00001706233342,0.9801025469089324,,0.0,"{""S4_HEADER_FAILURE"":3}",C3_NP,3,0,coco-000000456292-000000100624,0.0,156154538.66666666,0.321250824488817,,,,,1.7700227363335823,1.0,0.0
,0.0,0.0,gaussian:15,45.00001706233342,0.9801025469089324,,0.0,"{""S4_HEADER_FAILURE"":3}",C3_NP,3,0,coco-000000456292-000000100624,0.0,156224170.66666666,0.3528662229417761,,,,,1.7305074896661001,1.0,0.0
,0.0,0.0,gaussian:5,45.00001706233342,0.9801025469089324,,0.0,"{""S4_HEADER_FAILURE"":3}",C3_NP,3,0,coco-000000456292-000000100624,0.0,156471296.0,0.25852671343766864,,,,,1.7774154476671054,1.0,0.0
,0.0,0.0,jpeg:50,45.00001706233342,0.9801025469089324,,0.0,"{""S4_HEADER_FAILURE"":1}",C3_NP,1,0,coco-000000456292-000000100624,0.0,157339648.0,0.47497751394135634,,,,,1.918522818999918,1.0,0.0
,0.0,0.0,jpeg:70,45.00001706233342,0.9801025469089324,,0.0,"{""S4_HEADER_FAILURE"":1}",C3_NP,1,0,coco-000000456292-000000100624,0.0,154763264.0,0.44764346105414643,,,,,2.0928348319994257,1.0,0.0
,0.0,0.0,jpeg:90,45.00001706233342,0.9801025469089324,,0.0,"{""S4_HEADER_FAILURE"":1}",C3_NP,1,0,coco-000000456292-000000100624,0.0,159084544.0,0.3428539305630509,,,,,2.2343481250009063,1.0,0.0
,0.0,0.0,salt_pepper:0.01,45.00001706233342,0.9801025469089324,,0.0,"{""S4_HEADER_FAILURE"":3}",C3_NP,3,0,coco-000000456292-000000100624,0.0,154460160.0,0.15368471547640464,,,,,1.6585316926666565,1.0,0.0
,0.0,0.0,salt_pepper:0.03,45.00001706233342,0.9801025469089324,,0.0,"{""S4_HEADER_FAILURE"":3}",C3_NP,3,0,coco-000000456292-000000100624,0.0,156667904.0,0.314173712298375,,,,,1.782181806999991,1.0,0.0
,0.0,0.0,salt_pepper:0.05,45.00001706233342,0.9801025469089324,,0.0,"{""S4_HEADER_FAILURE"":3}",C3_NP,3,0,coco-000000456292-000000100624,0.0,155837781.33333334,0.3880793907777178,,,,,1.799337646333394,1.0,0.0
,,1.0,clean,43.43395283066732,0.9890828198776137,,,"{""S0_COMPLETE"":1}",B1,1,0,coco-000000479126-000000199771,1.0,155176960.0,0.0,1.0,1.0,,1.0,0.003257035999922664,0.0,
,,0.0,gaussian:10,43.43395283066732,0.9890828198776137,,,"{""S2_HEADER_VALID_PARTIAL"":3}",B1,3,0,coco-000000479126-000000199771,0.5530624389648438,156053504.0,0.44693756103515625,0.5530624389648438,0.7783340377903212,7.558356427201126,0.06470189629321871,0.011730650667232112,0.0,
,,0.0,gaussian:15,43.43395283066732,0.9890828198776137,,,"{""S2_HEADER_VALID_PARTIAL"":3}",B1,3,0,coco-000000479126-000000199771,0.5424423217773438,156624213.33333334,0.45755767822265625,0.5424423217773438,0.772868452162876,7.267228462522444,0.0535409458930415,0.010918983000616814,0.0,
,,0.0,gaussian:5,43.43395283066732,0.9890828198776137,,,"{""S2_HEADER_VALID_PARTIAL"":3}",B1,3,0,coco-000000479126-000000199771,0.5774739583333334,156577792.0,0.4225260416666667,0.5774739583333334,0.7902974997132121,8.073790349921005,0.08256888493864156,0.010653955666081552,0.0,
,,0.0,jpeg:50,43.43395283066732,0.9890828198776137,,,"{""S2_HEADER_VALID_PARTIAL"":1}",B1,1,0,coco-000000479126-000000199771,0.5309524536132812,156495872.0,0.46904754638671875,0.5309524536132812,0.7887034715067981,9.790968583969894,0.049365764752746004,0.005783018999863998,0.0,
,,0.0,jpeg:70,43.43395283066732,0.9890828198776137,,,"{""S2_HEADER_VALID_PARTIAL"":1}",B1,1,0,coco-000000479126-000000199771,0.5451507568359375,155951104.0,0.4548492431640625,0.5451507568359375,0.7919725212815296,9.050005909542067,0.056083601784606925,0.01055270800134167,0.0,
,,0.0,jpeg:90,43.43395283066732,0.9890828198776137,,,"{""S2_HEADER_VALID_PARTIAL"":1}",B1,1,0,coco-000000479126-000000199771,0.5831680297851562,156790784.0,0.41683197021484375,0.5831680297851562,0.8046533826304778,9.13108997071369,0.09124728730843737,0.008579755000027944,0.0,
,,0.0,salt_pepper:0.01,43.43395283066732,0.9890828198776137,,,"{""S2_HEADER_VALID_PARTIAL"":3}",B1,3,0,coco-000000479126-000000199771,0.9948654174804688,157485738.66666666,0.00513458251953125,0.9948654174804688,0.9949583063253925,25.724377281227092,0.8842056454684436,0.005895997333330645,0.0,
,,0.0,salt_pepper:0.03,43.43395283066732,0.9890828198776137,,,"{""S2_HEADER_VALID_PARTIAL"":3}",B1,3,0,coco-000000479126-000000199771,0.9848759969075521,156090368.0,0.015124003092447916,0.9848759969075521,0.9851842582374216,21.020694401033005,0.7329554248432334,0.006299980999756372,0.0,
,,0.0,salt_pepper:0.05,43.43395283066732,0.9890828198776137,,,"{""S2_HEADER_VALID_PARTIAL"":3}",B1,3,0,coco-000000479126-000000199771,0.9748636881510416,155955200.0,0.025136311848958332,0.9748636881510416,0.9771583178945615,19.100947650818345,0.6389240449115294,0.007936976666921206,0.0,
,,0.0,clean,,,,,"{""S5_EXTRACTION_TRANSFORM_FAILURE"":1}",B2,1,0,coco-000000479126-000000199771,,155951104.0,,,,,,,,
,,0.0,gaussian:10,,,,,"{""S5_EXTRACTION_TRANSFORM_FAILURE"":3}",B2,3,0,coco-000000479126-000000199771,,156474026.66666666,,,,,,,,
,,0.0,gaussian:15,,,,,"{""S5_EXTRACTION_TRANSFORM_FAILURE"":3}",B2,3,0,coco-000000479126-000000199771,,155070464.0,,,,,,,,
,,0.0,gaussian:5,,,,,"{""S5_EXTRACTION_TRANSFORM_FAILURE"":3}",B2,3,0,coco-000000479126-000000199771,,157644117.33333334,,,,,,,,
,,0.0,jpeg:50,,,,,"{""S5_EXTRACTION_TRANSFORM_FAILURE"":1}",B2,1,0,coco-000000479126-000000199771,,156487680.0,,,,,,,,
,,0.0,jpeg:70,,,,,"{""S5_EXTRACTION_TRANSFORM_FAILURE"":1}",B2,1,0,coco-000000479126-000000199771,,154439680.0,,,,,,,,
,,0.0,jpeg:90,,,,,"{""S5_EXTRACTION_TRANSFORM_FAILURE"":1}",B2,1,0,coco-000000479126-000000199771,,156495872.0,,,,,,,,
,,0.0,salt_pepper:0.01,,,,,"{""S5_EXTRACTION_TRANSFORM_FAILURE"":3}",B2,3,0,coco-000000479126-000000199771,,156311552.0,,,,,,,,
,,0.0,salt_pepper:0.03,,,,,"{""S5_EXTRACTION_TRANSFORM_FAILURE"":3}",B2,3,0,coco-000000479126-000000199771,,156803072.0,,,,,,,,
,,0.0,salt_pepper:0.05,,,,,"{""S5_EXTRACTION_TRANSFORM_FAILURE"":3}",B2,3,0,coco-000000479126-000000199771,,157218133.33333334,,,,,,,,
,,0.0,clean,45.00003317608025,0.9877086240287165,,,"{""S4_HEADER_FAILURE"":1}",C0,1,0,coco-000000479126-000000199771,,155897856.0,,,,,,,,
,,0.0,gaussian:10,45.00003317608025,0.9877086240287166,,,"{""S4_HEADER_FAILURE"":3}",C0,3,0,coco-000000479126-000000199771,,155163306.66666666,,,,,,,,
,,0.0,gaussian:15,45.00003317608025,0.9877086240287166,,,"{""S4_HEADER_FAILURE"":3}",C0,3,0,coco-000000479126-000000199771,,155953834.66666666,,,,,,,,
,,0.0,gaussian:5,45.00003317608025,0.9877086240287166,,,"{""S4_HEADER_FAILURE"":3}",C0,3,0,coco-000000479126-000000199771,,157256362.66666666,,,,,,,,
,,0.0,jpeg:50,45.00003317608025,0.9877086240287165,,,"{""S4_HEADER_FAILURE"":1}",C0,1,0,coco-000000479126-000000199771,,154931200.0,,,,,,,,
,,0.0,jpeg:70,45.00003317608025,0.9877086240287165,,,"{""S4_HEADER_FAILURE"":1}",C0,1,0,coco-000000479126-000000199771,,156495872.0,,,,,,,,
,,0.0,jpeg:90,45.00003317608025,0.9877086240287165,,,"{""S4_HEADER_FAILURE"":1}",C0,1,0,coco-000000479126-000000199771,,156286976.0,,,,,,,,
,,0.0,salt_pepper:0.01,45.00003317608025,0.9877086240287166,,,"{""S4_HEADER_FAILURE"":3}",C0,3,0,coco-000000479126-000000199771,,155904682.66666666,,,,,,,,
,,0.0,salt_pepper:0.03,45.00003317608025,0.9877086240287166,,,"{""S4_HEADER_FAILURE"":3}",C0,3,0,coco-000000479126-000000199771,,157097984.0,,,,,,,,
,,0.0,salt_pepper:0.05,45.00003317608025,0.9877086240287166,,,"{""S4_HEADER_FAILURE"":3}",C0,3,0,coco-000000479126-000000199771,,154929834.66666666,,,,,,,,
,,0.0,clean,45.000009005482426,0.987862466772583,,,"{""S4_HEADER_FAILURE"":1}",C1,1,0,coco-000000479126-000000199771,,155615232.0,,,,,,,,
,,0.0,gaussian:10,45.00000900548243,0.987862466772583,,,"{""S4_HEADER_FAILURE"":3}",C1,3,0,coco-000000479126-000000199771,,155708074.66666666,,,,,,,,
,,0.0,gaussian:15,45.00000900548243,0.987862466772583,,,"{""S4_HEADER_FAILURE"":3}",C1,3,0,coco-000000479126-000000199771,,156618752.0,,,,,,,,
,,0.0,gaussian:5,45.00000900548243,0.987862466772583,,,"{""S4_HEADER_FAILURE"":3}",C1,3,0,coco-000000479126-000000199771,,156524544.0,,,,,,,,
,,0.0,jpeg:50,45.000009005482426,0.987862466772583,,,"{""S4_HEADER_FAILURE"":1}",C1,1,0,coco-000000479126-000000199771,,155897856.0,,,,,,,,
,,0.0,jpeg:70,45.000009005482426,0.987862466772583,,,"{""S4_HEADER_FAILURE"":1}",C1,1,0,coco-000000479126-000000199771,,155176960.0,,,,,,,,
,,0.0,jpeg:90,45.000009005482426,0.987862466772583,,,"{""S4_HEADER_FAILURE"":1}",C1,1,0,coco-000000479126-000000199771,,156786688.0,,,,,,,,
,,0.0,salt_pepper:0.01,45.00000900548243,0.987862466772583,,,"{""S4_HEADER_FAILURE"":3}",C1,3,0,coco-000000479126-000000199771,,154942122.66666666,,,,,,,,
,,0.0,salt_pepper:0.03,45.00000900548243,0.987862466772583,,,"{""S4_HEADER_FAILURE"":3}",C1,3,0,coco-000000479126-000000199771,,156325205.33333334,,,,,,,,
,,0.0,salt_pepper:0.05,45.00000900548243,0.987862466772583,,,"{""S4_HEADER_FAILURE"":3}",C1,3,0,coco-000000479126-000000199771,,155907413.33333334,,,,,,,,
,,0.0,clean,45.00001706233342,0.9877224496691859,,,"{""S4_HEADER_FAILURE"":1}",C2,1,0,coco-000000479126-000000199771,,159100928.0,,,,,,,,
,,0.0,gaussian:10,45.00001706233342,0.9877224496691858,,,"{""S4_HEADER_FAILURE"":3}",C2,3,0,coco-000000479126-000000199771,,156084906.66666666,,,,,,,,
,,0.0,gaussian:15,45.00001706233342,0.9877224496691858,,,"{""S4_HEADER_FAILURE"":3}",C2,3,0,coco-000000479126-000000199771,,156284245.33333334,,,,,,,,
,,0.0,gaussian:5,45.00001706233342,0.9877224496691858,,,"{""S4_HEADER_FAILURE"":3}",C2,3,0,coco-000000479126-000000199771,,154929834.66666666,,,,,,,,
,,0.0,jpeg:50,45.00001706233342,0.9877224496691859,,,"{""S4_HEADER_FAILURE"":1}",C2,1,0,coco-000000479126-000000199771,,155951104.0,,,,,,,,
,,0.0,jpeg:70,45.00001706233342,0.9877224496691859,,,"{""S4_HEADER_FAILURE"":1}",C2,1,0,coco-000000479126-000000199771,,157753344.0,,,,,,,,
,,0.0,jpeg:90,45.00001706233342,0.9877224496691859,,,"{""S4_HEADER_FAILURE"":1}",C2,1,0,coco-000000479126-000000199771,,154931200.0,,,,,,,,
,,0.0,salt_pepper:0.01,45.00001706233342,0.9877224496691858,,,"{""S4_HEADER_FAILURE"":3}",C2,3,0,coco-000000479126-000000199771,,155907413.33333334,,,,,,,,
,,0.0,salt_pepper:0.03,45.00001706233342,0.9877224496691858,,,"{""S4_HEADER_FAILURE"":3}",C2,3,0,coco-000000479126-000000199771,,157601792.0,,,,,,,,
,,0.0,salt_pepper:0.05,45.00001706233342,0.9877224496691858,,,"{""S4_HEADER_FAILURE"":3}",C2,3,0,coco-000000479126-000000199771,,155862357.33333334,,,,,,,,
,,0.0,clean,45.000009005482426,0.9878220507201382,,,"{""S4_HEADER_FAILURE"":1}",C3,1,0,coco-000000479126-000000199771,,156495872.0,,,,,,,,
,,0.0,gaussian:10,45.00000900548243,0.9878220507201382,,,"{""S4_HEADER_FAILURE"":3}",C3,3,0,coco-000000479126-000000199771,,156964181.33333334,,,,,,,,
,,0.0,gaussian:15,45.00000900548243,0.9878220507201382,,,"{""S4_HEADER_FAILURE"":3}",C3,3,0,coco-000000479126-000000199771,,155862357.33333334,,,,,,,,
,,0.0,gaussian:5,45.00000900548243,0.9878220507201382,,,"{""S4_HEADER_FAILURE"":3}",C3,3,0,coco-000000479126-000000199771,,155904682.66666666,,,,,,,,
,,0.0,jpeg:50,45.000009005482426,0.9878220507201382,,,"{""S4_HEADER_FAILURE"":1}",C3,1,0,coco-000000479126-000000199771,,157339648.0,,,,,,,,
,,0.0,jpeg:70,45.000009005482426,0.9878220507201382,,,"{""S4_HEADER_FAILURE"":1}",C3,1,0,coco-000000479126-000000199771,,155897856.0,,,,,,,,
,,0.0,jpeg:90,45.000009005482426,0.9878220507201382,,,"{""S4_HEADER_FAILURE"":1}",C3,1,0,coco-000000479126-000000199771,,156286976.0,,,,,,,,
,,0.0,salt_pepper:0.01,45.00000900548243,0.9878220507201382,,,"{""S4_HEADER_FAILURE"":3}",C3,3,0,coco-000000479126-000000199771,,156734805.33333334,,,,,,,,
,,0.0,salt_pepper:0.03,45.00000900548243,0.9878220507201382,,,"{""S4_HEADER_FAILURE"":3}",C3,3,0,coco-000000479126-000000199771,,156175018.66666666,,,,,,,,
,,0.0,salt_pepper:0.05,45.00000900548243,0.9878220507201382,,,"{""S4_HEADER_FAILURE"":3}",C3,3,0,coco-000000479126-000000199771,,157261824.0,,,,,,,,
,,0.0,clean,45.00001706233342,0.9878593532044533,,,"{""S4_HEADER_FAILURE"":1}",C3_NP,1,0,coco-000000479126-000000199771,,155840512.0,,,,,,,,
,,0.0,gaussian:10,45.00001706233342,0.9878593532044532,,,"{""S4_HEADER_FAILURE"":3}",C3_NP,3,0,coco-000000479126-000000199771,,155892394.66666666,,,,,,,,
,,0.0,gaussian:15,45.00001706233342,0.9878593532044532,,,"{""S4_HEADER_FAILURE"":3}",C3_NP,3,0,coco-000000479126-000000199771,,156934144.0,,,,,,,,
,,0.0,gaussian:5,45.00001706233342,0.9878593532044532,,,"{""S4_HEADER_FAILURE"":3}",C3_NP,3,0,coco-000000479126-000000199771,,156300629.33333334,,,,,,,,
,,0.0,jpeg:50,45.00001706233342,0.9878593532044533,,,"{""S4_HEADER_FAILURE"":1}",C3_NP,1,0,coco-000000479126-000000199771,,156286976.0,,,,,,,,
,,0.0,jpeg:70,45.00001706233342,0.9878593532044533,,,"{""S4_HEADER_FAILURE"":1}",C3_NP,1,0,coco-000000479126-000000199771,,155176960.0,,,,,,,,
,,0.0,jpeg:90,45.00001706233342,0.9878593532044533,,,"{""S4_HEADER_FAILURE"":1}",C3_NP,1,0,coco-000000479126-000000199771,,154034176.0,,,,,,,,
,,0.0,salt_pepper:0.01,45.00001706233342,0.9878593532044532,,,"{""S4_HEADER_FAILURE"":3}",C3_NP,3,0,coco-000000479126-000000199771,,156211882.66666666,,,,,,,,
,,0.0,salt_pepper:0.03,45.00001706233342,0.9878593532044532,,,"{""S4_HEADER_FAILURE"":3}",C3_NP,3,0,coco-000000479126-000000199771,,155871914.66666666,,,,,,,,
,,0.0,salt_pepper:0.05,45.00001706233342,0.9878593532044532,,,"{""S4_HEADER_FAILURE"":3}",C3_NP,3,0,coco-000000479126-000000199771,,155860992.0,,,,,,,,
,,1.0,clean,47.538278382210414,0.9886940151451403,,,"{""S0_COMPLETE"":1}",B1,1,0,coco-000000500257-000000526103,1.0,158416896.0,0.0,1.0,1.0,,1.0,0.0025729200006026076,0.0,
,,0.0,gaussian:10,47.538278382210414,0.9886940151451403,,,"{""S2_HEADER_VALID_PARTIAL"":3}",B1,3,0,coco-000000500257-000000526103,0.540130615234375,155522389.33333334,0.459869384765625,0.540130615234375,0.8305369309226124,8.905926952290395,0.023320106842791153,0.020412382332627505,0.0,
,,0.0,gaussian:15,47.538278382210414,0.9886940151451403,,,"{""S2_HEADER_VALID_PARTIAL"":3}",B1,3,0,coco-000000500257-000000526103,0.5314229329427084,156545024.0,0.4685770670572917,0.5314229329427084,0.829697593972203,8.709453782953522,0.023337945562454582,0.017730322665859905,0.0,
,,0.0,gaussian:5,47.538278382210414,0.9886940151451403,,,"{""S2_HEADER_VALID_PARTIAL"":3}",B1,3,0,coco-000000500257-000000526103,0.5648117065429688,156008448.0,0.43518829345703125,0.5648117065429688,0.8326630100503852,9.27922316330349,0.0356928895752781,0.02390177566667262,0.0,
,,0.0,jpeg:50,47.538278382210414,0.9886940151451403,,,"{""S2_HEADER_VALID_PARTIAL"":1}",B1,1,0,coco-000000500257-000000526103,0.5097732543945312,158416896.0,0.49022674560546875,0.5097732543945312,0.7819141614105385,9.320077760051204,0.021520465817980623,0.024706352000066545,0.0,
,,0.0,jpeg:70,47.538278382210414,0.9886940151451403,,,"{""S2_HEADER_VALID_PARTIAL"":1}",B1,1,0,coco-000000500257-000000526103,0.5196914672851562,155840512.0,0.48030853271484375,0.5196914672851562,0.8133308777741569,9.392069827818887,0.023880984303390876,0.007415441001285217,0.0,
,,0.0,jpeg:90,47.538278382210414,0.9886940151451403,,,"{""S2_HEADER_VALID_PARTIAL"":1}",B1,1,0,coco-000000500257-000000526103,0.5570144653320312,155897856.0,0.44298553466796875,0.5570144653320312,0.8334807155981011,9.798908861595892,0.0375906954623342,0.007493900999179459,0.0,
,,0.0,salt_pepper:0.01,47.538278382210414,0.9886940151451403,,,"{""S2_HEADER_VALID_PARTIAL"":3}",B1,3,0,coco-000000500257-000000526103,0.9951171875,156175018.66666666,0.0048828125,0.9951171875,0.9955648214747231,26.058307310732477,0.8655303201368806,0.010836610333475013,0.0,
,,0.0,salt_pepper:0.03,47.538278382210414,0.9886940151451403,,,"{""S2_HEADER_VALID_PARTIAL"":3}",B1,3,0,coco-000000500257-000000526103,0.9851888020833334,155301205.33333334,0.014811197916666666,0.9851888020833334,0.9891356206615707,22.134707990852707,0.7021224944604635,0.006947725666880918,0.0,
,,0.0,salt_pepper:0.05,47.538278382210414,0.9886940151451403,,,"{""S2_HEADER_VALID_PARTIAL"":3}",B1,3,0,coco-000000500257-000000526103,0.9749755859375,156514986.66666666,0.0250244140625,0.9749755859375,0.9806119224091633,19.591978800420122,0.5618557404000348,0.006220245666554547,0.0,
,,0.0,clean,,,,,"{""S5_EXTRACTION_TRANSFORM_FAILURE"":1}",B2,1,0,coco-000000500257-000000526103,,155897856.0,,,,,,,,
,,0.0,gaussian:10,,,,,"{""S5_EXTRACTION_TRANSFORM_FAILURE"":3}",B2,3,0,coco-000000500257-000000526103,,155837781.33333334,,,,,,,,
,,0.0,gaussian:15,,,,,"{""S5_EXTRACTION_TRANSFORM_FAILURE"":3}",B2,3,0,coco-000000500257-000000526103,,156396202.66666666,,,,,,,,
,,0.0,gaussian:5,,,,,"{""S5_EXTRACTION_TRANSFORM_FAILURE"":3}",B2,3,0,coco-000000500257-000000526103,,155556522.66666666,,,,,,,,
,,0.0,jpeg:50,,,,,"{""S5_EXTRACTION_TRANSFORM_FAILURE"":1}",B2,1,0,coco-000000500257-000000526103,,156786688.0,,,,,,,,
,,0.0,jpeg:70,,,,,"{""S5_EXTRACTION_TRANSFORM_FAILURE"":1}",B2,1,0,coco-000000500257-000000526103,,154439680.0,,,,,,,,
,,0.0,jpeg:90,,,,,"{""S5_EXTRACTION_TRANSFORM_FAILURE"":1}",B2,1,0,coco-000000500257-000000526103,,156286976.0,,,,,,,,
,,0.0,salt_pepper:0.01,,,,,"{""S5_EXTRACTION_TRANSFORM_FAILURE"":3}",B2,3,0,coco-000000500257-000000526103,,155541504.0,,,,,,,,
,,0.0,salt_pepper:0.03,,,,,"{""S5_EXTRACTION_TRANSFORM_FAILURE"":3}",B2,3,0,coco-000000500257-000000526103,,156711594.66666666,,,,,,,,
,,0.0,salt_pepper:0.05,,,,,"{""S5_EXTRACTION_TRANSFORM_FAILURE"":3}",B2,3,0,coco-000000500257-000000526103,,156008448.0,,,,,,,,
0.0,1.0,1.0,clean,45.00004123297609,0.9846932894374463,0.0,1.0,"{""S0_COMPLETE"":1}",C0,1,0,coco-000000500257-000000526103,1.0,154914816.0,0.0002338550098938658,1.0,1.0,,1.0,2.849770725999406,0.0,1.0
,0.0,0.0,gaussian:10,45.00004123297609,0.9846932894374462,,0.0,"{""S4_HEADER_FAILURE"":3}",C0,3,0,coco-000000500257-000000526103,0.0,157649578.66666666,0.32210379564669905,,,,,3.1256231460004833,1.0,0.0
,0.0,0.0,gaussian:15,45.00004123297609,0.9846932894374462,,0.0,"{""S4_HEADER_FAILURE"":3}",C0,3,0,coco-000000500257-000000526103,0.0,156852224.0,0.35408496732026146,,,,,3.5774833593332005,1.0,0.0
,0.0,0.0,gaussian:5,45.00004123297609,0.9846932894374462,,0.0,"{""S4_HEADER_FAILURE"":3}",C0,3,0,coco-000000500257-000000526103,0.0,155772245.33333334,0.2583048509923847,,,,,2.6119970816659284,1.0,0.0
,0.0,0.0,jpeg:50,45.00004123297609,0.9846932894374463,,0.0,"{""S4_HEADER_FAILURE"":1}",C0,1,0,coco-000000500257-000000526103,0.0,157339648.0,0.47376776398632847,,,,,2.2822772250001435,1.0,0.0
,0.0,0.0,jpeg:70,45.00004123297609,0.9846932894374463,,0.0,"{""S4_HEADER_FAILURE"":1}",C0,1,0,coco-000000500257-000000526103,0.0,155176960.0,0.453242489656413,,,,,2.1203447619991493,1.0,0.0
,0.0,0.0,jpeg:90,45.00004123297609,0.9846932894374463,,0.0,"{""S4_HEADER_FAILURE"":1}",C0,1,0,coco-000000500257-000000526103,0.0,154931200.0,0.35213167835941717,,,,,2.5584366819985007,1.0,0.0
,0.0,0.0,salt_pepper:0.01,45.00004123297609,0.9846932894374462,,0.0,"{""S4_HEADER_FAILURE"":3}",C0,3,0,coco-000000500257-000000526103,0.0,157081600.0,0.15342537626671462,,,,,2.715542286666581,1.0,0.0
,0.0,0.0,salt_pepper:0.03,45.00004123297609,0.9846932894374462,,0.0,"{""S4_HEADER_FAILURE"":3}",C0,3,0,coco-000000500257-000000526103,0.0,156030293.33333334,0.3112820051568028,,,,,2.7247607043330695,1.0,0.0
,0.0,0.0,salt_pepper:0.05,45.00004123297609,0.9846932894374462,,0.0,"{""S4_HEADER_FAILURE"":3}",C0,3,0,coco-000000500257-000000526103,0.0,155465045.33333334,0.3836391437308868,,,,,2.129049301333604,1.0,0.0
0.0,1.0,1.0,clean,45.00001706233342,0.9847905169971417,0.0,1.0,"{""S0_COMPLETE"":1}",C1,1,0,coco-000000500257-000000526103,1.0,154034176.0,0.00022935779816513763,1.0,1.0,,1.0,3.335541750999255,0.0,1.0
,0.0,0.0,gaussian:10,45.00001706233342,0.9847905169971417,,0.0,"{""S4_HEADER_FAILURE"":3}",C1,3,0,coco-000000500257-000000526103,0.0,157779285.33333334,0.32410505486598307,,,,,2.1710912983332187,1.0,0.0
,0.0,0.0,gaussian:15,45.00001706233342,0.9847905169971417,,0.0,"{""S4_HEADER_FAILURE"":3}",C1,3,0,coco-000000500257-000000526103,0.0,156439893.33333334,0.35449271451699943,,,,,1.9115420530003273,1.0,0.0
,0.0,0.0,gaussian:5,45.00001706233342,0.9847905169971417,,0.0,"{""S4_HEADER_FAILURE"":3}",C1,3,0,coco-000000500257-000000526103,0.0,155847338.66666666,0.2594606344066679,,,,,2.515573402000276,1.0,0.0
,0.0,0.0,jpeg:50,45.00001706233342,0.9847905169971417,,0.0,"{""S4_HEADER_FAILURE"":1}",C1,1,0,coco-000000500257-000000526103,0.0,158416896.0,0.4706287101996762,,,,,2.8891398510004365,1.0,0.0
,0.0,0.0,jpeg:70,45.00001706233342,0.9847905169971417,,0.0,"{""S4_HEADER_FAILURE"":1}",C1,1,0,coco-000000500257-000000526103,0.0,157339648.0,0.4470813095880554,,,,,2.7718136519997643,1.0,0.0
,0.0,0.0,jpeg:90,45.00001706233342,0.9847905169971417,,0.0,"{""S4_HEADER_FAILURE"":1}",C1,1,0,coco-000000500257-000000526103,0.0,156495872.0,0.34372638963842417,,,,,2.9365911730001244,1.0,0.0
,0.0,0.0,salt_pepper:0.01,45.00001706233342,0.9847905169971417,,0.0,"{""S4_HEADER_FAILURE"":3}",C1,3,0,coco-000000500257-000000526103,0.0,155541504.0,0.15267434190801701,,,,,1.8297557329994258,1.0,0.0
,0.0,0.0,salt_pepper:0.03,45.00001706233342,0.9847905169971417,,0.0,"{""S4_HEADER_FAILURE"":3}",C1,3,0,coco-000000500257-000000526103,0.0,155531946.66666666,0.3124497811356959,,,,,1.6541745743331073,1.0,0.0
,0.0,0.0,salt_pepper:0.05,45.00001706233342,0.9847905169971417,,0.0,"{""S4_HEADER_FAILURE"":3}",C1,3,0,coco-000000500257-000000526103,0.0,156837205.33333334,0.3854005516579721,,,,,2.126765834666609,1.0,0.0
0.0,1.0,1.0,clean,45.00001706233342,0.9846663164411229,0.0,1.0,"{""S0_COMPLETE"":1}",C2,1,0,coco-000000500257-000000526103,1.0,157339648.0,0.0002653354919949631,1.0,1.0,,1.0,2.7166284449995146,0.0,1.0
,0.0,0.0,gaussian:10,45.00001706233342,0.9846663164411229,,0.0,"{""S4_HEADER_FAILURE"":3}",C2,3,0,coco-000000500257-000000526103,0.0,156439893.33333334,0.32243658931462493,,,,,2.0848261386666613,1.0,0.0
,0.0,0.0,gaussian:15,45.00001706233342,0.9846663164411229,,0.0,"{""S4_HEADER_FAILURE"":3}",C2,3,0,coco-000000500257-000000526103,0.0,157193557.33333334,0.3538016429813515,,,,,1.919608272333183,1.0,0.0
,0.0,0.0,gaussian:5,45.00001706233342,0.9846663164411229,,0.0,"{""S4_HEADER_FAILURE"":3}",C2,3,0,coco-000000500257-000000526103,0.0,157649578.66666666,0.25934520597229715,,,,,2.1344198396661036,1.0,0.0
,0.0,0.0,jpeg:50,45.00001706233342,0.9846663164411229,,0.0,"{""S4_HEADER_FAILURE"":1}",C2,1,0,coco-000000500257-000000526103,0.0,154034176.0,0.47420849073574384,,,,,2.005285934001222,1.0,0.0
,0.0,0.0,jpeg:70,45.00001706233342,0.9846663164411229,,0.0,"{""S4_HEADER_FAILURE"":1}",C2,1,0,coco-000000500257-000000526103,0.0,156786688.0,0.45383162439287644,,,,,2.039288634001423,1.0,0.0
,0.0,0.0,jpeg:90,45.00001706233342,0.9846663164411229,,0.0,"{""S4_HEADER_FAILURE"":1}",C2,1,0,coco-000000500257-000000526103,0.0,155840512.0,0.35182586796186366,,,,,2.051573180999185,1.0,0.0
,0.0,0.0,salt_pepper:0.01,45.00001706233342,0.9846663164411229,,0.0,"{""S4_HEADER_FAILURE"":3}",C2,3,0,coco-000000500257-000000526103,0.0,155089578.66666666,0.1538406188163339,,,,,1.8815174806671469,1.0,0.0
,0.0,0.0,salt_pepper:0.03,45.00001706233342,0.9846663164411229,,0.0,"{""S4_HEADER_FAILURE"":3}",C2,3,0,coco-000000500257-000000526103,0.0,156924586.66666666,0.31105414642921386,,,,,1.7516827260005812,1.0,0.0
,0.0,0.0,salt_pepper:0.05,45.00001706233342,0.9846663164411229,,0.0,"{""S4_HEADER_FAILURE"":3}",C2,3,0,coco-000000500257-000000526103,0.0,155847338.66666666,0.38417731006775807,,,,,1.8773550483329018,1.0,0.0
0.0,1.0,1.0,clean,45.000009005482426,0.984784976393305,0.0,1.0,"{""S0_COMPLETE"":1}",C3,1,0,coco-000000500257-000000526103,1.0,158416896.0,0.0002743299154524195,1.0,1.0,,1.0,3.0892605030003324,0.0,1.0
,0.0,0.0,gaussian:10,45.00000900548243,0.9847849763933049,,0.0,"{""S4_HEADER_FAILURE"":3}",C3,3,0,coco-000000500257-000000526103,0.0,156224170.66666666,0.3233135456017269,,,,,2.2988530856661478,1.0,0.0
,0.0,0.0,gaussian:15,45.00000900548243,0.9847849763933049,,0.0,"{""S4_HEADER_FAILURE"":3}",C3,3,0,coco-000000500257-000000526103,0.0,156157269.33333334,0.3543757870120525,,,,,2.9034083759997884,1.0,0.0
,0.0,0.0,gaussian:5,45.00000900548243,0.9847849763933049,,0.0,"{""S4_HEADER_FAILURE"":3}",C3,3,0,coco-000000500257-000000526103,0.0,156865877.33333334,0.26046950890447923,,,,,3.3383282413330257,1.0,0.0
,0.0,0.0,jpeg:50,45.000009005482426,0.984784976393305,,0.0,"{""S4_HEADER_FAILURE"":1}",C3,1,0,coco-000000500257-000000526103,0.0,154034176.0,0.47258050008994423,,,,,4.312949895000202,1.0,0.0
,0.0,0.0,jpeg:70,45.000009005482426,0.984784976393305,,0.0,"{""S4_HEADER_FAILURE"":1}",C3,1,0,coco-000000500257-000000526103,0.0,156790784.0,0.44707231516459794,,,,,2.5408477280016086,1.0,0.0
,0.0,0.0,jpeg:90,45.000009005482426,0.984784976393305,,0.0,"{""S4_HEADER_FAILURE"":1}",C3,1,0,coco-000000500257-000000526103,0.0,155615232.0,0.34252563410685377,,,,,2.234353227000611,1.0,0.0
,0.0,0.0,salt_pepper:0.01,45.00000900548243,0.9847849763933049,,0.0,"{""S4_HEADER_FAILURE"":3}",C3,3,0,coco-000000500257-000000526103,0.0,156471296.0,0.1528662229417761,,,,,2.660116574333491,1.0,0.0
,0.0,0.0,salt_pepper:0.03,45.00000900548243,0.9847849763933049,,0.0,"{""S4_HEADER_FAILURE"":3}",C3,3,0,coco-000000500257-000000526103,0.0,156094464.0,0.3114244168615458,,,,,2.571269789333504,1.0,0.0
,0.0,0.0,salt_pepper:0.05,45.00000900548243,0.9847849763933049,,0.0,"{""S4_HEADER_FAILURE"":3}",C3,3,0,coco-000000500257-000000526103,0.0,156872704.0,0.38559543083288367,,,,,4.178444293999443,1.0,0.0
0.0,1.0,1.0,clean,45.00001706233342,0.984758286206406,0.0,1.0,"{""S0_COMPLETE"":1}",C3_NP,1,0,coco-000000500257-000000526103,1.0,157339648.0,0.00030131318582478866,1.0,1.0,,1.0,2.221785596999325,0.0,1.0
,0.0,0.0,gaussian:10,45.00001706233342,0.984758286206406,,0.0,"{""S4_HEADER_FAILURE"":3}",C3_NP,3,0,coco-000000500257-000000526103,0.0,156902741.33333334,0.3235159201295197,,,,,1.6182518246666102,1.0,0.0
,0.0,0.0,gaussian:15,45.00001706233342,0.984758286206406,,0.0,"{""S4_HEADER_FAILURE"":3}",C3_NP,3,0,coco-000000500257-000000526103,0.0,155608405.33333334,0.3538286262517239,,,,,1.824256951666636,1.0,0.0
,0.0,0.0,gaussian:5,45.00001706233342,0.984758286206406,,0.0,"{""S4_HEADER_FAILURE"":3}",C3_NP,3,0,coco-000000500257-000000526103,0.0,157373781.33333334,0.26076632487857526,,,,,1.622841827666586,1.0,0.0
,0.0,0.0,jpeg:50,45.00001706233342,0.984758286206406,,0.0,"{""S4_HEADER_FAILURE"":1}",C3_NP,1,0,coco-000000500257-000000526103,0.0,154034176.0,0.4710109731966181,,,,,1.866476593000698,1.0,0.0
,0.0,0.0,jpeg:70,45.00001706233342,0.984758286206406,,0.0,"{""S4_HEADER_FAILURE"":1}",C3_NP,1,0,coco-000000500257-000000526103,0.0,156790784.0,0.4470768123763267,,,,,1.8193184119991201,1.0,0.0
,0.0,0.0,jpeg:90,45.00001706233342,0.984758286206406,,0.0,"{""S4_HEADER_FAILURE"":1}",C3_NP,1,0,coco-000000500257-000000526103,0.0,157741056.0,0.342835941716136,,,,,1.7158977349990892,1.0,0.0
,0.0,0.0,salt_pepper:0.01,45.00001706233342,0.984758286206406,,0.0,"{""S4_HEADER_FAILURE"":3}",C3_NP,3,0,coco-000000500257-000000526103,0.0,156403029.33333334,0.15269233075493194,,,,,1.9825983379996615,1.0,0.0
,0.0,0.0,salt_pepper:0.03,45.00001706233342,0.984758286206406,,0.0,"{""S4_HEADER_FAILURE"":3}",C3_NP,3,0,coco-000000500257-000000526103,0.0,157192192.0,0.31220843077292076,,,,,2.1221107833328765,1.0,0.0
,0.0,0.0,salt_pepper:0.05,45.00001706233342,0.984758286206406,,0.0,"{""S4_HEADER_FAILURE"":3}",C3_NP,3,0,coco-000000500257-000000526103,0.0,156484949.33333334,0.3860166696648078,,,,,2.733265823667049,1.0,0.0
,,1.0,clean,44.53219384875631,0.9857805512004527,,,"{""S0_COMPLETE"":1}",B1,1,0,coco-000000516143-000000451155,1.0,157339648.0,0.0,1.0,1.0,,1.0,0.0022215839999262244,0.0,
,,0.0,gaussian:10,44.5321938487563,0.9857805512004528,,,"{""S2_HEADER_VALID_PARTIAL"":3}",B1,3,0,coco-000000516143-000000451155,0.5056432088216146,155802282.66666666,0.49435679117838544,0.5056432088216146,0.47453606675268095,5.848909130413549,0.004463915687428371,0.010095961666593212,0.0,
,,0.0,gaussian:15,44.5321938487563,0.9857805512004528,,,"{""S2_HEADER_VALID_PARTIAL"":3}",B1,3,0,coco-000000516143-000000451155,0.5003992716471354,155283456.0,0.49960072835286456,0.5003992716471354,0.4759417475976708,5.841594668858666,0.004105786660302578,0.007735757333042177,0.0,
,,0.0,gaussian:5,44.5321938487563,0.9857805512004528,,,"{""S2_HEADER_VALID_PARTIAL"":3}",B1,3,0,coco-000000516143-000000451155,0.5270487467447916,156875434.66666666,0.4729512532552083,0.5270487467447916,0.4790142109086382,5.960004170394707,0.00715993773007563,0.008843112332518407,0.0,
,,0.0,jpeg:50,44.53219384875631,0.9857805512004527,,,"{""S2_HEADER_VALID_PARTIAL"":1}",B1,1,0,coco-000000516143-000000451155,0.59442138671875,155615232.0,0.40557861328125,0.59442138671875,0.555692716393161,8.387759406078114,0.03657296145305293,0.005973181001536432,0.0,
,,0.0,jpeg:70,44.53219384875631,0.9857805512004527,,,"{""S2_HEADER_VALID_PARTIAL"":1}",B1,1,0,coco-000000516143-000000451155,0.5818634033203125,155840512.0,0.4181365966796875,0.5818634033203125,0.5557476856439553,7.6497512089368165,0.013339235590975291,0.008450983999864548,0.0,
,,0.0,jpeg:90,44.53219384875631,0.9857805512004527,,,"{""S2_HEADER_VALID_PARTIAL"":1}",B1,1,0,coco-000000516143-000000451155,0.5996551513671875,154439680.0,0.4003448486328125,0.5996551513671875,0.5508945871656172,7.571465893227921,0.015657554701759682,0.008632734999991953,0.0,
,,0.0,salt_pepper:0.01,44.5321938487563,0.9857805512004528,,,"{""S2_HEADER_VALID_PARTIAL"":3}",B1,3,0,coco-000000516143-000000451155,0.9947586059570312,156693845.33333334,0.00524139404296875,0.9947586059570312,0.986908018408993,25.54499525667643,0.785330889711339,0.006915739000154038,0.0,
,,0.0,salt_pepper:0.03,44.5321938487563,0.9857805512004528,,,"{""S2_HEADER_VALID_PARTIAL"":3}",B1,3,0,coco-000000516143-000000451155,0.9849294026692709,155613866.66666666,0.015070597330729166,0.9849294026692709,0.9606689053902318,20.541481226507166,0.49765274898017925,0.0069359350000013364,0.0,
,,0.0,salt_pepper:0.05,44.5321938487563,0.9857805512004528,,,"{""S2_HEADER_VALID_PARTIAL"":3}",B1,3,0,coco-000000516143-000000451155,0.9756139119466146,155750400.0,0.024386088053385418,0.9756139119466146,0.9403971807725355,18.635979469418064,0.3565377425788346,0.0060257166660449,0.0,
,,1.0,clean,45.07259201529622,0.9852064023256439,,,"{""S0_COMPLETE"":1}",B2,1,0,coco-000000516143-000000451155,1.0,159100928.0,0.0,1.0,1.0,,1.0,0.0054012099990359275,0.0,
,,0.0,gaussian:10,45.07259201529623,0.985206402325644,,,"{""S2_HEADER_VALID_PARTIAL"":3}",B2,3,0,coco-000000516143-000000451155,0.5112965901692709,156960085.33333334,0.4887034098307292,0.5112965901692709,0.4836908100936807,5.963322335735217,0.00618394035093407,0.0170458826663283,0.0,
,,0.0,gaussian:15,45.07259201529623,0.985206402325644,,,"{""S2_HEADER_VALID_PARTIAL"":3}",B2,3,0,coco-000000516143-000000451155,0.5023396809895834,156835840.0,0.4976603190104167,0.5023396809895834,0.4698063642926053,5.835176798454793,0.0038638962002810317,0.021963658999690477,0.0,
,,0.0,gaussian:5,45.07259201529623,0.985206402325644,,,"{""S2_HEADER_VALID_PARTIAL"":3}",B2,3,0,coco-000000516143-000000451155,0.5814997355143229,155802282.66666666,0.41850026448567706,0.5814997355143229,0.5297492171481702,6.835221414364956,0.012560763427507773,0.015550807333056582,0.0,
,,0.0,jpeg:50,45.07259201529622,0.9852064023256439,,,"{""S2_HEADER_VALID_PARTIAL"":1}",B2,1,0,coco-000000516143-000000451155,0.6246414184570312,156786688.0,0.37535858154296875,0.6246414184570312,0.37340806769203466,9.010629773532596,0.029337798536848564,0.015526326998951845,0.0,
,,0.0,jpeg:70,45.07259201529622,0.9852064023256439,,,"{""S2_HEADER_VALID_PARTIAL"":1}",B2,1,0,coco-000000516143-000000451155,0.6062545776367188,156790784.0,0.39374542236328125,0.6062545776367188,0.334930537894959,8.498220846446936,0.02642278908741689,0.021480528001120547,0.0,
,,0.0,jpeg:90,45.07259201529622,0.9852064023256439,,,"{""S2_HEADER_VALID_PARTIAL"":1}",B2,1,0,coco-000000516143-000000451155,0.685211181640625,157339648.0,0.314788818359375,0.685211181640625,0.8393793620930998,13.976580596015328,0.19388645445662567,0.010793298999487888,0.0,
,,0.0,salt_pepper:0.01,45.07259201529623,0.985206402325644,,,"{""S2_HEADER_VALID_PARTIAL"":3}",B2,3,0,coco-000000516143-000000451155,0.7603886922200521,156412586.66666666,0.2396113077799479,0.7603886922200521,0.6824178966161453,9.81211360913872,0.04392320007200492,0.01454047933293623,0.0,
,,0.0,salt_pepper:0.03,45.07259201529623,0.985206402325644,,,"{""S2_HEADER_VALID_PARTIAL"":3}",B2,3,0,coco-000000516143-000000451155,0.5716756184895834,156689749.33333334,0.4283243815104167,0.5716756184895834,0.5232178132637141,6.689759271811383,0.01392017806173281,0.027135501333153417,0.0,
,,0.0,salt_pepper:0.05,45.07259201529623,0.985206402325644,,,"{""S2_HEADER_VALID_PARTIAL"":3}",B2,3,0,coco-000000516143-000000451155,0.5226974487304688,155798186.66666666,0.47730255126953125,0.5226974487304688,0.48994305100299557,6.095888717833385,0.005822475668728638,0.011473193665854827,0.0,
0.0,1.0,1.0,clean,45.000025119199364,0.9839014450595058,0.0,1.0,"{""S0_COMPLETE"":1}",C0,1,0,coco-000000516143-000000451155,1.0,154931200.0,0.0001574024105054866,1.0,1.0,,1.0,2.956251028001134,0.0,1.0
,0.0,0.0,gaussian:10,45.000025119199364,0.9839014450595057,,0.0,"{""S4_HEADER_FAILURE"":3}",C0,3,0,coco-000000516143-000000451155,0.0,157356032.0,0.32164358097979256,,,,,2.6582616783337776,1.0,0.0
,0.0,0.0,gaussian:15,45.000025119199364,0.9839014450595057,,0.0,"{""S4_HEADER_FAILURE"":3}",C0,3,0,coco-000000516143-000000451155,0.0,154771456.0,0.3516969478923068,,,,,2.7371582313329177,1.0,0.0
,0.0,0.0,gaussian:5,45.000025119199364,0.9839014450595057,,0.0,"{""S4_HEADER_FAILURE"":3}",C0,3,0,coco-000000516143-000000451155,0.0,156150442.66666666,0.2585417041434311,,,,,3.30322359999991,1.0,0.0
,0.0,0.0,jpeg:50,45.000025119199364,0.9839014450595058,,0.0,"{""S4_HEADER_FAILURE"":1}",C0,1,0,coco-000000516143-000000451155,0.0,155951104.0,0.4772800863464652,,,,,4.900320089000161,1.0,0.0
,0.0,0.0,jpeg:70,45.000025119199364,0.9839014450595058,,0.0,"{""S4_HEADER_FAILURE"":1}",C0,1,0,coco-000000516143-000000451155,0.0,158806016.0,0.45614768843317144,,,,,2.3563641289983934,1.0,0.0
,0.0,0.0,jpeg:90,45.000025119199364,0.9839014450595058,,0.0,"{""S4_HEADER_FAILURE"":1}",C0,1,0,coco-000000516143-000000451155,0.0,155615232.0,0.35101636985069257,,,,,2.868078572999366,1.0,0.0
,0.0,0.0,salt_pepper:0.01,45.000025119199364,0.9839014450595057,,0.0,"{""S4_HEADER_FAILURE"":3}",C0,3,0,coco-000000516143-000000451155,0.0,156805802.66666666,0.16550788511123105,,,,,3.2771326230000946,1.0,0.0
,0.0,0.0,salt_pepper:0.03,45.000025119199364,0.9839014450595057,,0.0,"{""S4_HEADER_FAILURE"":3}",C0,3,0,coco-000000516143-000000451155,0.0,157252266.66666666,0.3218669424956527,,,,,3.1460194650001845,1.0,0.0
,0.0,0.0,salt_pepper:0.05,45.000025119199364,0.9839014450595057,,0.0,"{""S4_HEADER_FAILURE"":3}",C0,3,0,coco-000000516143-000000451155,0.0,157066581.33333334,0.39584607543323136,,,,,2.80795070166702,1.0,0.0
0.0,1.0,1.0,clean,45.00003317608025,0.9840589500083043,0.0,1.0,"{""S0_COMPLETE"":1}",C1,1,0,coco-000000516143-000000451155,1.0,154931200.0,9.444144630329196e-05,1.0,1.0,,1.0,3.1429268659994705,0.0,1.0
,0.0,0.0,gaussian:10,45.00003317608025,0.9840589500083045,,0.0,"{""S4_HEADER_FAILURE"":3}",C1,3,0,coco-000000516143-000000451155,0.0,155871914.66666666,0.3223346525154404,,,,,3.2336497683336347,1.0,0.0
,0.0,0.0,gaussian:15,45.00003317608025,0.9840589500083045,,0.0,"{""S4_HEADER_FAILURE"":3}",C1,3,0,coco-000000516143-000000451155,0.0,156707498.66666666,0.3530416141991965,,,,,2.768624741333648,1.0,0.0
,0.0,0.0,gaussian:5,45.00003317608025,0.9840589500083045,,0.0,"{""S4_HEADER_FAILURE"":3}",C1,3,0,coco-000000516143-000000451155,0.0,156839936.0,0.25828236493374107,,,,,3.3247249300002295,1.0,0.0
,0.0,0.0,jpeg:50,45.00003317608025,0.9840589500083043,,0.0,"{""S4_HEADER_FAILURE"":1}",C1,1,0,coco-000000516143-000000451155,0.0,154439680.0,0.47414103255981294,,,,,5.257931955999084,1.0,0.0
,0.0,0.0,jpeg:70,45.00003317608025,0.9840589500083043,,0.0,"{""S4_HEADER_FAILURE"":1}",C1,1,0,coco-000000516143-000000451155,0.0,155176960.0,0.44992354740061163,,,,,2.815563387999646,1.0,0.0
,0.0,0.0,jpeg:90,45.00003317608025,0.9840589500083043,,0.0,"{""S4_HEADER_FAILURE"":1}",C1,1,0,coco-000000516143-000000451155,0.0,157753344.0,0.33949451340169096,,,,,3.6576850330002344,1.0,0.0
,0.0,0.0,salt_pepper:0.01,45.00003317608025,0.9840589500083045,,0.0,"{""S4_HEADER_FAILURE"":3}",C1,3,0,coco-000000516143-000000451155,0.0,155884202.66666666,0.16465191581219643,,,,,2.9774440923326133,1.0,0.0
,0.0,0.0,salt_pepper:0.03,45.00003317608025,0.9840589500083045,,0.0,"{""S4_HEADER_FAILURE"":3}",C1,3,0,coco-000000516143-000000451155,0.0,157263189.33333334,0.3249775139413564,,,,,2.7516712343343293,1.0,0.0
,0.0,0.0,salt_pepper:0.05,45.00003317608025,0.9840589500083045,,0.0,"{""S4_HEADER_FAILURE"":3}",C1,3,0,coco-000000516143-000000451155,0.0,156304725.33333334,0.39947532529831503,,,,,2.548484944666901,1.0,0.0
0.0,1.0,1.0,clean,45.000000948646374,0.983908652395453,0.0,1.0,"{""S0_COMPLETE"":1}",C2,1,0,coco-000000516143-000000451155,1.0,158416896.0,0.00013041914013311746,1.0,1.0,,1.0,2.9890460720016563,0.0,1.0
,0.0,0.0,gaussian:10,45.000000948646374,0.9839086523954531,,0.0,"{""S4_HEADER_FAILURE"":3}",C2,3,0,coco-000000516143-000000451155,0.0,156301994.66666666,0.32015050668585476,,,,,1.9380579446666768,1.0,0.0
,0.0,0.0,gaussian:15,45.000000948646374,0.9839086523954531,,0.0,"{""S4_HEADER_FAILURE"":3}",C2,3,0,coco-000000516143-000000451155,0.0,156005717.33333334,0.3519442945373868,,,,,1.8421260553338168,1.0,0.0
,0.0,0.0,gaussian:5,45.000000948646374,0.9839086523954531,,0.0,"{""S4_HEADER_FAILURE"":3}",C2,3,0,coco-000000516143-000000451155,0.0,155605674.66666666,0.25719553876596507,,,,,2.1498394286669886,1.0,0.0
,0.0,0.0,jpeg:50,45.000000948646374,0.983908652395453,,0.0,"{""S4_HEADER_FAILURE"":1}",C2,1,0,coco-000000516143-000000451155,0.0,157753344.0,0.47633117467170355,,,,,2.3038587539995206,1.0,0.0
,0.0,0.0,jpeg:70,45.000000948646374,0.983908652395453,,0.0,"{""S4_HEADER_FAILURE"":1}",C2,1,0,coco-000000516143-000000451155,0.0,157741056.0,0.45612969958625654,,,,,2.2274879300002794,1.0,0.0
,0.0,0.0,jpeg:90,45.000000948646374,0.983908652395453,,0.0,"{""S4_HEADER_FAILURE"":1}",C2,1,0,coco-000000516143-000000451155,0.0,156487680.0,0.3509803921568627,,,,,2.737619908999477,1.0,0.0
,0.0,0.0,salt_pepper:0.01,45.000000948646374,0.9839086523954531,,0.0,"{""S4_HEADER_FAILURE"":3}",C2,3,0,coco-000000516143-000000451155,0.0,156618752.0,0.16592162859027404,,,,,1.8794693779994607,1.0,0.0
,0.0,0.0,salt_pepper:0.03,45.000000948646374,0.9839086523954531,,0.0,"{""S4_HEADER_FAILURE"":3}",C2,3,0,coco-000000516143-000000451155,0.0,157159424.0,0.3218849313425676,,,,,1.762274217666345,1.0,0.0
,0.0,0.0,salt_pepper:0.05,45.000000948646374,0.9839086523954531,,0.0,"{""S4_HEADER_FAILURE"":3}",C2,3,0,coco-000000516143-000000451155,0.0,157115733.33333334,0.3951984769442946,,,,,2.112753495332678,1.0,0.0
0.0,1.0,1.0,clean,45.000009005482426,0.9841061533371767,0.0,1.0,"{""S0_COMPLETE"":1}",C3,1,0,coco-000000516143-000000451155,1.0,154034176.0,8.544702284583559e-05,1.0,1.0,,1.0,2.0174054950002756,0.0,1.0
,0.0,0.0,gaussian:10,45.00000900548243,0.9841061533371768,,0.0,"{""S4_HEADER_FAILURE"":3}",C3,3,0,coco-000000516143-000000451155,0.0,156472661.33333334,0.3215761228038616,,,,,1.7707973846669727,1.0,0.0
,0.0,0.0,gaussian:15,45.00000900548243,0.9841061533371768,,0.0,"{""S4_HEADER_FAILURE"":3}",C3,3,0,coco-000000516143-000000451155,0.0,157607253.33333334,0.3531465491395335,,,,,1.7811742866664038,1.0,0.0
,0.0,0.0,gaussian:5,45.00000900548243,0.9841061533371768,,0.0,"{""S4_HEADER_FAILURE"":3}",C3,3,0,coco-000000516143-000000451155,0.0,156301994.66666666,0.2580979792528632,,,,,1.8039559966667487,1.0,0.0
,0.0,0.0,jpeg:50,45.000009005482426,0.9841061533371767,,0.0,"{""S4_HEADER_FAILURE"":1}",C3,1,0,coco-000000516143-000000451155,0.0,154439680.0,0.4757015650296816,,,,,1.7292045979993418,1.0,0.0
,0.0,0.0,jpeg:70,45.000009005482426,0.9841061533371767,,0.0,"{""S4_HEADER_FAILURE"":1}",C3,1,0,coco-000000516143-000000451155,0.0,156495872.0,0.4516234934340709,,,,,2.0210986719994253,1.0,0.0
,0.0,0.0,jpeg:90,45.000009005482426,0.9841061533371767,,0.0,"{""S4_HEADER_FAILURE"":1}",C3,1,0,coco-000000516143-000000451155,0.0,156286976.0,0.34165317503148046,,,,,1.6299514030015416,1.0,0.0
,0.0,0.0,salt_pepper:0.01,45.00000900548243,0.9841061533371768,,0.0,"{""S4_HEADER_FAILURE"":3}",C3,3,0,coco-000000516143-000000451155,0.0,156468565.33333334,0.16542243808838522,,,,,1.7645374566661,1.0,0.0
,0.0,0.0,salt_pepper:0.03,45.00000900548243,0.9841061533371768,,0.0,"{""S4_HEADER_FAILURE"":3}",C3,3,0,coco-000000516143-000000451155,0.0,156415317.33333334,0.3245907537326857,,,,,1.6900791086663958,1.0,0.0
,0.0,0.0,salt_pepper:0.05,45.00000900548243,0.9841061533371768,,0.0,"{""S4_HEADER_FAILURE"":3}",C3,3,0,coco-000000516143-000000451155,0.0,156024832.0,0.3978443365113629,,,,,2.5120645370000907,1.0,0.0
0.0,1.0,1.0,clean,45.00001706233342,0.9841150475828326,0.0,1.0,"{""S0_COMPLETE"":1}",C3_NP,1,0,coco-000000516143-000000451155,1.0,156487680.0,0.00013491635186184566,1.0,1.0,,1.0,1.8589263770008984,0.0,1.0
,0.0,0.0,gaussian:10,45.00001706233342,0.9841150475828325,,0.0,"{""S4_HEADER_FAILURE"":3}",C3_NP,3,0,coco-000000516143-000000451155,0.0,155613866.66666666,0.3228143550998381,,,,,1.7066294953328907,1.0,0.0
,0.0,0.0,gaussian:15,45.00001706233342,0.9841150475828325,,0.0,"{""S4_HEADER_FAILURE"":3}",C3_NP,3,0,coco-000000516143-000000451155,0.0,156935509.33333334,0.35198926665467417,,,,,1.7639865199998894,1.0,0.0
,0.0,0.0,gaussian:5,45.00001706233342,0.9841150475828325,,0.0,"{""S4_HEADER_FAILURE"":3}",C3_NP,3,0,coco-000000516143-000000451155,0.0,156595541.33333334,0.25881303591773097,,,,,1.7111437336661766,1.0,0.0
,0.0,0.0,jpeg:50,45.00001706233342,0.9841150475828326,,0.0,"{""S4_HEADER_FAILURE"":1}",C3_NP,1,0,coco-000000516143-000000451155,0.0,156286976.0,0.4759713977334053,,,,,1.7353440389997559,1.0,0.0
,0.0,0.0,jpeg:70,45.00001706233342,0.9841150475828326,,0.0,"{""S4_HEADER_FAILURE"":1}",C3_NP,1,0,coco-000000516143-000000451155,0.0,154034176.0,0.452217125382263,,,,,2.047561080999003,1.0,0.0
,0.0,0.0,jpeg:90,45.00001706233342,0.9841150475828326,,0.0,"{""S4_HEADER_FAILURE"":1}",C3_NP,1,0,coco-000000516143-000000451155,0.0,155897856.0,0.34193649937039033,,,,,2.1409610059999977,1.0,0.0
,0.0,0.0,salt_pepper:0.01,45.00001706233342,0.9841150475828325,,0.0,"{""S4_HEADER_FAILURE"":3}",C3_NP,3,0,coco-000000516143-000000451155,0.0,156525909.33333334,0.16473586376446603,,,,,1.6598003893335165,1.0,0.0
,0.0,0.0,salt_pepper:0.03,45.00001706233342,0.9841150475828325,,0.0,"{""S4_HEADER_FAILURE"":3}",C3_NP,3,0,coco-000000516143-000000451155,0.0,156468565.33333334,0.326179768543503,,,,,1.5953824353340071,1.0,0.0
,0.0,0.0,salt_pepper:0.05,45.00001706233342,0.9841150475828325,,0.0,"{""S4_HEADER_FAILURE"":3}",C3_NP,3,0,coco-000000516143-000000451155,0.0,157356032.0,0.3987257900101937,,,,,1.8368107213330707,1.0,0.0
,,1.0,clean,45.92942373380542,0.9928393944990236,,,"{""S0_COMPLETE"":1}",B1,1,0,coco-000000521259-000000506178,1.0,157339648.0,0.0,1.0,1.0,,1.0,0.003670686000987189,0.0,
,,0.0,gaussian:10,45.929423733805415,0.9928393944990236,,,"{""S2_HEADER_VALID_PARTIAL"":3}",B1,3,0,coco-000000521259-000000506178,0.5072555541992188,155908778.66666666,0.49274444580078125,0.5072555541992188,0.7431329228137272,8.020263343985391,0.010668608358624392,0.0107772826662161,0.0,
,,0.0,gaussian:15,45.929423733805415,0.9928393944990236,,,"{""S2_HEADER_VALID_PARTIAL"":3}",B1,3,0,coco-000000521259-000000506178,0.5001144409179688,155564714.66666666,0.49988555908203125,0.5001144409179688,0.7398154550644316,7.957961969961857,0.010101717960048167,0.008449794666982294,0.0,
,,0.0,gaussian:5,45.929423733805415,0.9928393944990236,,,"{""S2_HEADER_VALID_PARTIAL"":3}",B1,3,0,coco-000000521259-000000506178,0.5292307535807291,156348416.0,0.4707692464192708,0.5292307535807291,0.7539885597575601,8.244954849278441,0.014031653802046606,0.008285204999386528,0.0,
,,0.0,jpeg:50,45.92942373380542,0.9928393944990236,,,"{""S2_HEADER_VALID_PARTIAL"":1}",B1,1,0,coco-000000521259-000000506178,0.509918212890625,156495872.0,0.490081787109375,0.509918212890625,0.7514383425771045,8.463321937362537,0.0142029068816106,0.006166380999275134,0.0,
,,0.0,jpeg:70,45.92942373380542,0.9928393944990236,,,"{""S2_HEADER_VALID_PARTIAL"":1}",B1,1,0,coco-000000521259-000000506178,0.5143585205078125,157339648.0,0.4856414794921875,0.5143585205078125,0.7580386658762536,8.392091394192489,0.017132879690597957,0.007139052999264095,0.0,
,,0.0,jpeg:90,45.92942373380542,0.9928393944990236,,,"{""S2_HEADER_VALID_PARTIAL"":1}",B1,1,0,coco-000000521259-000000506178,0.5321273803710938,157339648.0,0.46787261962890625,0.5321273803710938,0.7664440835195411,8.563830140238114,0.017558360947351432,0.008577164999223896,0.0,
,,0.0,salt_pepper:0.01,45.929423733805415,0.9928393944990236,,,"{""S2_HEADER_VALID_PARTIAL"":3}",B1,3,0,coco-000000521259-000000506178,0.9948679606119791,156067157.33333334,0.005132039388020833,0.9948679606119791,0.9958400153913308,26.455435890717883,0.8099685701200817,0.006752882000607012,0.0,
,,0.0,salt_pepper:0.03,45.929423733805415,0.9928393944990236,,,"{""S2_HEADER_VALID_PARTIAL"":3}",B1,3,0,coco-000000521259-000000506178,0.9850819905598959,156091733.33333334,0.014918009440104166,0.9850819905598959,0.9885692558329181,22.034924345685287,0.5910462831609238,0.005722680666319017,0.0,
,,0.0,salt_pepper:0.05,45.929423733805415,0.9928393944990236,,,"{""S2_HEADER_VALID_PARTIAL"":3}",B1,3,0,coco-000000521259-000000506178,0.9742940266927084,157010602.66666666,0.025705973307291668,0.9742940266927084,0.9784524538975763,19.243884522167843,0.41389011648611423,0.006224661333665911,0.0,
,,0.0,clean,,,,,"{""S5_EXTRACTION_TRANSFORM_FAILURE"":1}",B2,1,0,coco-000000521259-000000506178,,157339648.0,,,,,,,,
,,0.0,gaussian:10,,,,,"{""S5_EXTRACTION_TRANSFORM_FAILURE"":3}",B2,3,0,coco-000000521259-000000506178,,156875434.66666666,,,,,,,,
,,0.0,gaussian:15,,,,,"{""S5_EXTRACTION_TRANSFORM_FAILURE"":3}",B2,3,0,coco-000000521259-000000506178,,155280725.33333334,,,,,,,,
,,0.0,gaussian:5,,,,,"{""S5_EXTRACTION_TRANSFORM_FAILURE"":3}",B2,3,0,coco-000000521259-000000506178,,155564714.66666666,,,,,,,,
,,0.0,jpeg:50,,,,,"{""S5_EXTRACTION_TRANSFORM_FAILURE"":1}",B2,1,0,coco-000000521259-000000506178,,156495872.0,,,,,,,,
,,0.0,jpeg:70,,,,,"{""S5_EXTRACTION_TRANSFORM_FAILURE"":1}",B2,1,0,coco-000000521259-000000506178,,154914816.0,,,,,,,,
,,0.0,jpeg:90,,,,,"{""S5_EXTRACTION_TRANSFORM_FAILURE"":1}",B2,1,0,coco-000000521259-000000506178,,154439680.0,,,,,,,,
,,0.0,salt_pepper:0.01,,,,,"{""S5_EXTRACTION_TRANSFORM_FAILURE"":3}",B2,3,0,coco-000000521259-000000506178,,157013333.33333334,,,,,,,,
,,0.0,salt_pepper:0.03,,,,,"{""S5_EXTRACTION_TRANSFORM_FAILURE"":3}",B2,3,0,coco-000000521259-000000506178,,156247381.33333334,,,,,,,,
,,0.0,salt_pepper:0.05,,,,,"{""S5_EXTRACTION_TRANSFORM_FAILURE"":3}",B2,3,0,coco-000000521259-000000506178,,156327936.0,,,,,,,,
0.0,1.0,1.0,clean,45.000009005482426,0.9881560954242122,0.0,1.0,"{""S0_COMPLETE"":1}",C0,1,0,coco-000000521259-000000506178,1.0,156786688.0,0.0008949451340169095,1.0,1.0,,1.0,2.6559245720000035,0.0,1.0
,0.0,0.0,gaussian:10,45.00000900548243,0.9881560954242122,,0.0,"{""S4_HEADER_FAILURE"":3}",C0,3,0,coco-000000521259-000000506178,0.0,157241344.0,0.3218819332014151,,,,,2.0048402726667214,1.0,0.0
,0.0,0.0,gaussian:15,45.00000900548243,0.9881560954242122,,0.0,"{""S4_HEADER_FAILURE"":3}",C0,3,0,coco-000000521259-000000506178,0.0,157235882.66666666,0.35387509743958745,,,,,2.342237404999954,1.0,0.0
,0.0,0.0,gaussian:5,45.00000900548243,0.9881560954242122,,0.0,"{""S4_HEADER_FAILURE"":3}",C0,3,0,coco-000000521259-000000506178,0.0,155514197.33333334,0.25830934820411344,,,,,1.8700800286660524,1.0,0.0
,0.0,0.0,jpeg:50,45.000009005482426,0.9881560954242122,,0.0,"{""S4_HEADER_FAILURE"":1}",C0,1,0,coco-000000521259-000000506178,0.0,156495872.0,0.47240510883252385,,,,,2.004362768999272,1.0,0.0
,0.0,0.0,jpeg:70,45.000009005482426,0.9881560954242122,,0.0,"{""S4_HEADER_FAILURE"":1}",C0,1,0,coco-000000521259-000000506178,0.0,153763840.0,0.45005396654074475,,,,,2.0951478429997223,1.0,0.0
,0.0,0.0,jpeg:90,45.000009005482426,0.9881560954242122,,0.0,"{""S4_HEADER_FAILURE"":1}",C0,1,0,coco-000000521259-000000506178,0.0,155840512.0,0.35086796186364455,,,,,1.7709312560000399,1.0,0.0
,0.0,0.0,salt_pepper:0.01,45.00000900548243,0.9881560954242122,,0.0,"{""S4_HEADER_FAILURE"":3}",C0,3,0,coco-000000521259-000000506178,0.0,157261824.0,0.16064340109132338,,,,,2.088596454332825,1.0,0.0
,0.0,0.0,salt_pepper:0.03,45.00000900548243,0.9881560954242122,,0.0,"{""S4_HEADER_FAILURE"":3}",C0,3,0,coco-000000521259-000000506178,0.0,155574272.0,0.3171178869101157,,,,,1.9362079516668018,1.0,0.0
,0.0,0.0,salt_pepper:0.05,45.00000900548243,0.9881560954242122,,0.0,"{""S4_HEADER_FAILURE"":3}",C0,3,0,coco-000000521259-000000506178,0.0,155914240.0,0.39137884511602805,,,,,1.7939518656670164,1.0,0.0
0.0,1.0,1.0,clean,45.000000948646374,0.988122226352951,0.0,1.0,"{""S0_COMPLETE"":1}",C1,1,0,coco-000000521259-000000506178,1.0,156487680.0,0.0008544702284583558,1.0,1.0,,1.0,2.5043561340007727,0.0,1.0
,0.0,0.0,gaussian:10,45.000000948646374,0.9881222263529509,,0.0,"{""S4_HEADER_FAILURE"":3}",C1,3,0,coco-000000521259-000000506178,0.0,157724672.0,0.32256850752533434,,,,,2.0048438479995334,1.0,0.0
,0.0,0.0,gaussian:15,45.000000948646374,0.9881222263529509,,0.0,"{""S4_HEADER_FAILURE"":3}",C1,3,0,coco-000000521259-000000506178,0.0,156056234.66666666,0.35429783534208786,,,,,1.878669152333411,1.0,0.0
,0.0,0.0,gaussian:5,45.000000948646374,0.9881222263529509,,0.0,"{""S4_HEADER_FAILURE"":3}",C1,3,0,coco-000000521259-000000506178,0.0,156097194.66666666,0.2596090423937159,,,,,1.9825502673326507,1.0,0.0
,0.0,0.0,jpeg:50,45.000000948646374,0.988122226352951,,0.0,"{""S4_HEADER_FAILURE"":1}",C1,1,0,coco-000000521259-000000506178,0.0,156495872.0,0.4698641842057924,,,,,2.1339369819997955,1.0,0.0
,0.0,0.0,jpeg:70,45.000000948646374,0.988122226352951,,0.0,"{""S4_HEADER_FAILURE"":1}",C1,1,0,coco-000000521259-000000506178,0.0,155176960.0,0.4453094081669365,,,,,1.8641432420008641,1.0,0.0
,0.0,0.0,jpeg:90,45.000000948646374,0.988122226352951,,0.0,"{""S4_HEADER_FAILURE"":1}",C1,1,0,coco-000000521259-000000506178,0.0,154439680.0,0.3434340708760568,,,,,1.6655985419984063,1.0,0.0
,0.0,0.0,salt_pepper:0.01,45.000000948646374,0.9881222263529509,,0.0,"{""S4_HEADER_FAILURE"":3}",C1,3,0,coco-000000521259-000000506178,0.0,156962816.0,0.15970198476944295,,,,,1.9230722616666753,1.0,0.0
,0.0,0.0,salt_pepper:0.03,45.000000948646374,0.9881222263529509,,0.0,"{""S4_HEADER_FAILURE"":3}",C1,3,0,coco-000000521259-000000506178,0.0,156306090.66666666,0.31812676140792706,,,,,1.9669278376665413,1.0,0.0
,0.0,0.0,salt_pepper:0.05,45.000000948646374,0.9881222263529509,,0.0,"{""S4_HEADER_FAILURE"":3}",C1,3,0,coco-000000521259-000000506178,0.0,155077290.66666666,0.39264855789410563,,,,,2.2058748213336608,1.0,0.0
0.0,1.0,1.0,clean,45.000049289886874,0.9881492691541832,0.0,1.0,"{""S0_COMPLETE"":1}",C2,1,0,coco-000000521259-000000506178,1.0,156487680.0,0.0010118726389638424,1.0,1.0,,1.0,3.064297466999051,0.0,1.0
,0.0,0.0,gaussian:10,45.000049289886874,0.9881492691541832,,0.0,"{""S4_HEADER_FAILURE"":3}",C2,3,0,coco-000000521259-000000506178,0.0,154764629.33333334,0.32210379564669905,,,,,2.2601755690005425,1.0,0.0
,0.0,0.0,gaussian:15,45.000049289886874,0.9881492691541832,,0.0,"{""S4_HEADER_FAILURE"":3}",C2,3,0,coco-000000521259-000000506178,0.0,157123925.33333334,0.35283774060082745,,,,,2.559349787666482,1.0,0.0
,0.0,0.0,gaussian:5,45.000049289886874,0.9881492691541832,,0.0,"{""S4_HEADER_FAILURE"":3}",C2,3,0,coco-000000521259-000000506178,0.0,157706922.66666666,0.2587185944714277,,,,,2.2046487579991663,1.0,0.0
,0.0,0.0,jpeg:50,45.000049289886874,0.9881492691541832,,0.0,"{""S4_HEADER_FAILURE"":1}",C2,1,0,coco-000000521259-000000506178,0.0,157741056.0,0.46996762007555315,,,,,1.8684353290009312,1.0,0.0
,0.0,0.0,jpeg:70,45.000049289886874,0.9881492691541832,,0.0,"{""S4_HEADER_FAILURE"":1}",C2,1,0,coco-000000521259-000000506178,0.0,155951104.0,0.4505261737722612,,,,,1.9162232859998767,1.0,0.0
,0.0,0.0,jpeg:90,45.000049289886874,0.9881492691541832,,0.0,"{""S4_HEADER_FAILURE"":1}",C2,1,0,coco-000000521259-000000506178,0.0,156786688.0,0.35055315704263357,,,,,3.1277356520004105,1.0,0.0
,0.0,0.0,salt_pepper:0.01,45.000049289886874,0.9881492691541832,,0.0,"{""S4_HEADER_FAILURE"":3}",C2,3,0,coco-000000521259-000000506178,0.0,156306090.66666666,0.1605354680098339,,,,,3.1361390630002766,1.0,0.0
,0.0,0.0,salt_pepper:0.03,45.000049289886874,0.9881492691541832,,0.0,"{""S4_HEADER_FAILURE"":3}",C2,3,0,coco-000000521259-000000506178,0.0,156181845.33333334,0.31694549379384784,,,,,2.9926433816666154,1.0,0.0
,0.0,0.0,salt_pepper:0.05,45.000049289886874,0.9881492691541832,,0.0,"{""S4_HEADER_FAILURE"":3}",C2,3,0,coco-000000521259-000000506178,0.0,155908778.66666666,0.39164418060802303,,,,,2.7947220700001103,1.0,0.0
0.0,1.0,1.0,clean,45.000009005482426,0.9881168566367338,0.0,1.0,"{""S0_COMPLETE"":1}",C3,1,0,coco-000000521259-000000506178,1.0,157339648.0,0.0009174311926605505,1.0,1.0,,1.0,3.0803173610001977,0.0,1.0
,0.0,0.0,gaussian:10,45.00000900548243,0.9881168566367338,,0.0,"{""S4_HEADER_FAILURE"":3}",C3,3,0,coco-000000521259-000000506178,0.0,156390741.33333334,0.3220708160940217,,,,,2.179427680999652,1.0,0.0
,0.0,0.0,gaussian:15,45.00000900548243,0.9881168566367338,,0.0,"{""S4_HEADER_FAILURE"":3}",C3,3,0,coco-000000521259-000000506178,0.0,155553792.0,0.3534763446663069,,,,,2.0213722579998525,1.0,0.0
,0.0,0.0,gaussian:5,45.00000900548243,0.9881168566367338,,0.0,"{""S4_HEADER_FAILURE"":3}",C3,3,0,coco-000000521259-000000506178,0.0,155381760.0,0.2589374587755591,,,,,2.0059608969998712,1.0,0.0
,0.0,0.0,jpeg:50,45.000009005482426,0.9881168566367338,,0.0,"{""S4_HEADER_FAILURE"":1}",C3,1,0,coco-000000521259-000000506178,0.0,156495872.0,0.4690501888828926,,,,,2.287219011999696,1.0,0.0
,0.0,0.0,jpeg:70,45.000009005482426,0.9881168566367338,,0.0,"{""S4_HEADER_FAILURE"":1}",C3,1,0,coco-000000521259-000000506178,0.0,155951104.0,0.4441985968699406,,,,,2.266558735998842,1.0,0.0
,0.0,0.0,jpeg:90,45.000009005482426,0.9881168566367338,,0.0,"{""S4_HEADER_FAILURE"":1}",C3,1,0,coco-000000521259-000000506178,0.0,155897856.0,0.3423097679438748,,,,,1.9273271319998457,1.0,0.0
,0.0,0.0,salt_pepper:0.01,45.00000900548243,0.9881168566367338,,0.0,"{""S4_HEADER_FAILURE"":3}",C3,3,0,coco-000000521259-000000506178,0.0,156643328.0,0.16023865203573787,,,,,1.720823556999676,1.0,0.0
,0.0,0.0,salt_pepper:0.03,45.00000900548243,0.9881168566367338,,0.0,"{""S4_HEADER_FAILURE"":3}",C3,3,0,coco-000000521259-000000506178,0.0,158549333.33333334,0.3178434370690172,,,,,1.7278020420005002,1.0,0.0
,0.0,0.0,salt_pepper:0.05,45.00000900548243,0.9881168566367338,,0.0,"{""S4_HEADER_FAILURE"":3}",C3,3,0,coco-000000521259-000000506178,0.0,155805013.33333334,0.39281045751633986,,,,,1.8113624433335644,1.0,0.0
0.0,1.0,1.0,clean,45.000000948646374,0.9880937946487235,0.0,1.0,"{""S0_COMPLETE"":1}",C3_NP,1,0,coco-000000521259-000000506178,1.0,154832896.0,0.0008634646519158122,1.0,1.0,,1.0,3.8408553909994225,0.0,1.0
,0.0,0.0,gaussian:10,45.000000948646374,0.9880937946487235,,0.0,"{""S4_HEADER_FAILURE"":3}",C3_NP,3,0,coco-000000521259-000000506178,0.0,156874069.33333334,0.32304521196857944,,,,,2.7734458203328054,1.0,0.0
,0.0,0.0,gaussian:15,45.000000948646374,0.9880937946487235,,0.0,"{""S4_HEADER_FAILURE"":3}",C3_NP,3,0,coco-000000521259-000000506178,0.0,155854165.33333334,0.3548330035378065,,,,,2.8759236279996307,1.0,0.0
,0.0,0.0,gaussian:5,45.000000948646374,0.9880937946487235,,0.0,"{""S4_HEADER_FAILURE"":3}",C3_NP,3,0,coco-000000521259-000000506178,0.0,158131541.33333334,0.25983240390957607,,,,,2.9680649690005034,1.0,0.0
,0.0,0.0,jpeg:50,45.000000948646374,0.9880937946487235,,0.0,"{""S4_HEADER_FAILURE"":1}",C3_NP,1,0,coco-000000521259-000000506178,0.0,154439680.0,0.4690187084007915,,,,,3.883593889000622,1.0,0.0
,0.0,0.0,jpeg:70,45.000000948646374,0.9880937946487235,,0.0,"{""S4_HEADER_FAILURE"":1}",C3_NP,1,0,coco-000000521259-000000506178,0.0,158416896.0,0.44412214427055224,,,,,2.6392051839993655,1.0,0.0
,0.0,0.0,jpeg:90,45.000000948646374,0.9880937946487235,,0.0,"{""S4_HEADER_FAILURE"":1}",C3_NP,1,0,coco-000000521259-000000506178,0.0,155897856.0,0.3428629249865084,,,,,2.7306759099992632,1.0,0.0
,0.0,0.0,salt_pepper:0.01,45.000000948646374,0.9880937946487235,,0.0,"{""S4_HEADER_FAILURE"":3}",C3_NP,3,0,coco-000000521259-000000506178,0.0,156024832.0,0.15969149127540924,,,,,2.450731229999292,1.0,0.0
,0.0,0.0,salt_pepper:0.03,45.000000948646374,0.9880937946487235,,0.0,"{""S4_HEADER_FAILURE"":3}",C3_NP,3,0,coco-000000521259-000000506178,0.0,157257728.0,0.31922408106973676,,,,,2.2786565353332358,1.0,0.0
,0.0,0.0,salt_pepper:0.05,45.000000948646374,0.9880937946487235,,0.0,"{""S4_HEADER_FAILURE"":3}",C3_NP,3,0,coco-000000521259-000000506178,0.0,157694634.66666666,0.39374737662649156,,,,,2.238159355000486,1.0,0.0
,,1.0,clean,46.135962561072176,0.9897915806774266,,,"{""S0_COMPLETE"":1}",B1,1,0,coco-000000528980-000000513181,1.0,157741056.0,0.0,1.0,1.0,,1.0,0.003117604999715695,0.0,
,,0.0,gaussian:10,46.135962561072176,0.9897915806774266,,,"{""S2_HEADER_VALID_PARTIAL"":3}",B1,3,0,coco-000000528980-000000513181,0.5076649983723959,156611925.33333334,0.4923350016276042,0.5076649983723959,0.7970764211538736,9.150737821256284,0.01143094669412658,0.011008463667167234,0.0,
,,0.0,gaussian:15,46.135962561072176,0.9897915806774266,,,"{""S2_HEADER_VALID_PARTIAL"":3}",B1,3,0,coco-000000528980-000000513181,0.5019734700520834,156898645.33333334,0.4980265299479167,0.5019734700520834,0.79395591291546,9.04810326917747,0.009219255581500082,0.01069959199958248,0.0,
,,0.0,gaussian:5,46.135962561072176,0.9897915806774266,,,"{""S2_HEADER_VALID_PARTIAL"":3}",B1,3,0,coco-000000528980-000000513181,0.5313161214192709,156898645.33333334,0.4686838785807292,0.5313161214192709,0.8038178749618247,9.358486711760088,0.0153475972792518,0.00984817799993228,0.0,
,,0.0,jpeg:50,46.135962561072176,0.9897915806774266,,,"{""S2_HEADER_VALID_PARTIAL"":1}",B1,1,0,coco-000000528980-000000513181,0.5166702270507812,158416896.0,0.48332977294921875,0.5166702270507812,0.8079580443861714,10.139277083844895,0.01571458196193947,0.0062691419989278074,0.0,
,,0.0,jpeg:70,46.135962561072176,0.9897915806774266,,,"{""S2_HEADER_VALID_PARTIAL"":1}",B1,1,0,coco-000000528980-000000513181,0.524810791015625,154931200.0,0.475189208984375,0.524810791015625,0.8089077893240444,9.544698891002593,0.017095814614593724,0.007099272999766981,0.0,
,,0.0,jpeg:90,46.135962561072176,0.9897915806774266,,,"{""S2_HEADER_VALID_PARTIAL"":1}",B1,1,0,coco-000000528980-000000513181,0.5555953979492188,157339648.0,0.44440460205078125,0.5555953979492188,0.8234910048699603,9.940544404543449,0.024849442008008434,0.007816743000148563,0.0,
,,0.0,salt_pepper:0.01,46.135962561072176,0.9897915806774266,,,"{""S2_HEADER_VALID_PARTIAL"":3}",B1,3,0,coco-000000528980-000000513181,0.9948781331380209,156390741.33333334,0.005121866861979167,0.9948781331380209,0.9954527795765934,26.705941370429255,0.7789738195875712,0.005308568666805513,0.0,
,,0.0,salt_pepper:0.03,46.135962561072176,0.9897915806774266,,,"{""S2_HEADER_VALID_PARTIAL"":3}",B1,3,0,coco-000000528980-000000513181,0.9853871663411459,157257728.0,0.014612833658854166,0.9853871663411459,0.9871891637915405,22.167244412293325,0.5333041196463749,0.006318971666890623,0.0,
,,0.0,salt_pepper:0.05,46.135962561072176,0.9897915806774266,,,"{""S2_HEADER_VALID_PARTIAL"":3}",B1,3,0,coco-000000528980-000000513181,0.9751154581705729,156669269.33333334,0.024884541829427082,0.9751154581705729,0.9778893283503901,19.73451381094631,0.37818844233785853,0.00646006200076954,0.0,
,,1.0,clean,44.73351228343469,0.9838875625598894,,,"{""S0_COMPLETE"":1}",B2,1,0,coco-000000528980-000000513181,1.0,154931200.0,0.0,1.0,1.0,,1.0,0.010550347999014775,0.0,
,,0.0,gaussian:10,44.73351228343469,0.9838875625598894,,,"{""S2_HEADER_VALID_PARTIAL"":3}",B2,3,0,coco-000000528980-000000513181,0.5096359252929688,157261824.0,0.49036407470703125,0.5096359252929688,0.7944735200075845,9.084618344431814,0.01166057461714672,0.013209720666054636,0.0,
,,0.0,gaussian:15,44.73351228343469,0.9838875625598894,,,"{""S2_HEADER_VALID_PARTIAL"":3}",B2,3,0,coco-000000528980-000000513181,0.5010197957356771,156614656.0,0.49898020426432294,0.5010197957356771,0.7923623272045562,9.051851343315564,0.009326863549384673,0.013792618333051601,0.0,
,,0.0,gaussian:5,44.73351228343469,0.9838875625598894,,,"{""S2_HEADER_VALID_PARTIAL"":3}",B2,3,0,coco-000000528980-000000513181,0.5794270833333334,155956565.33333334,0.4205729166666667,0.5794270833333334,0.8130964094713787,9.575515529412863,0.02062281204873281,0.015211790333220657,0.0,
,,0.0,jpeg:50,44.73351228343469,0.9838875625598894,,,"{""S2_HEADER_VALID_PARTIAL"":1}",B2,1,0,coco-000000528980-000000513181,0.5142822265625,158416896.0,0.4857177734375,0.5142822265625,0.5092311350735265,7.452127137804332,0.007295367099121907,0.01526454800114152,0.0,
,,0.0,jpeg:70,44.73351228343469,0.9838875625598894,,,"{""S2_HEADER_VALID_PARTIAL"":1}",B2,1,0,coco-000000528980-000000513181,0.5020828247070312,156487680.0,0.49791717529296875,0.5020828247070312,0.5618128545408138,7.8108960888140935,0.001918381917389203,0.013912464999521035,0.0,
,,0.0,jpeg:90,44.73351228343469,0.9838875625598894,,,"{""S2_HEADER_VALID_PARTIAL"":1}",B2,1,0,coco-000000528980-000000513181,0.6694412231445312,157741056.0,0.33055877685546875,0.6694412231445312,0.9274883292131667,14.455071804010519,0.18332600385308567,0.009358617000543745,0.0,
,,0.0,salt_pepper:0.01,44.73351228343469,0.9838875625598894,,,"{""S2_HEADER_VALID_PARTIAL"":3}",B2,3,0,coco-000000528980-000000513181,0.7637151082356771,157836629.33333334,0.2362848917643229,0.7637151082356771,0.8716649523774217,11.564959745180934,0.06092635372832006,0.013788894999985738,0.0,
,,0.0,salt_pepper:0.03,44.73351228343469,0.9838875625598894,,,"{""S2_HEADER_VALID_PARTIAL"":3}",B2,3,0,coco-000000528980-000000513181,0.5721791585286459,156315648.0,0.4278208414713542,0.5721791585286459,0.812945157073823,9.571953832439478,0.021186874383247293,0.04196993199972591,0.0,
,,0.0,salt_pepper:0.05,44.73351228343469,0.9838875625598894,,,"{""S2_HEADER_VALID_PARTIAL"":3}",B2,3,0,coco-000000528980-000000513181,0.5194447835286459,156839936.0,0.4805552164713542,0.5194447835286459,0.7953023915684548,9.124448514895539,0.015818984711114665,0.014318012000027617,0.0,
0.0,1.0,1.0,clean,45.000000948646374,0.9843131173419714,0.0,1.0,"{""S0_COMPLETE"":1}",C0,1,0,coco-000000528980-000000513181,1.0,155897856.0,4.4972117287281886e-05,1.0,1.0,,1.0,2.5072185850003734,0.0,1.0
,0.0,0.0,gaussian:10,45.000000948646374,0.9843131173419714,,0.0,"{""S4_HEADER_FAILURE"":3}",C0,3,0,coco-000000528980-000000513181,0.0,156263765.33333334,0.32157162559213287,,,,,2.0436815493327836,1.0,0.0
,0.0,0.0,gaussian:15,45.000000948646374,0.9843131173419714,,0.0,"{""S4_HEADER_FAILURE"":3}",C0,3,0,coco-000000528980-000000513181,0.0,157205845.33333334,0.35202374527792774,,,,,2.1014407533330086,1.0,0.0
,0.0,0.0,gaussian:5,45.000000948646374,0.9843131173419714,,0.0,"{""S4_HEADER_FAILURE"":3}",C0,3,0,coco-000000528980-000000513181,0.0,157257728.0,0.2581639383582179,,,,,2.071267472000424,1.0,0.0
,0.0,0.0,jpeg:50,45.000000948646374,0.9843131173419714,,0.0,"{""S4_HEADER_FAILURE"":1}",C0,1,0,coco-000000528980-000000513181,0.0,154439680.0,0.47687533729087966,,,,,2.237757447999684,1.0,0.0
,0.0,0.0,jpeg:70,45.000000948646374,0.9843131173419714,,0.0,"{""S4_HEADER_FAILURE"":1}",C0,1,0,coco-000000528980-000000513181,0.0,156790784.0,0.45572495053067097,,,,,1.98457799300013,1.0,0.0
,0.0,0.0,jpeg:90,45.000000948646374,0.9843131173419714,,0.0,"{""S4_HEADER_FAILURE"":1}",C0,1,0,coco-000000528980-000000513181,0.0,156786688.0,0.3503327936679259,,,,,2.1326201390002097,1.0,0.0
,0.0,0.0,salt_pepper:0.01,45.000000948646374,0.9843131173419714,,0.0,"{""S4_HEADER_FAILURE"":3}",C0,3,0,coco-000000528980-000000513181,0.0,155901952.0,0.15688373208610662,,,,,1.8461841670001984,1.0,0.0
,0.0,0.0,salt_pepper:0.03,45.000000948646374,0.9843131173419714,,0.0,"{""S4_HEADER_FAILURE"":3}",C0,3,0,coco-000000528980-000000513181,0.0,155750400.0,0.3150821490675781,,,,,1.8511723559998547,1.0,0.0
,0.0,0.0,salt_pepper:0.05,45.000000948646374,0.9843131173419714,,0.0,"{""S4_HEADER_FAILURE"":3}",C0,3,0,coco-000000528980-000000513181,0.0,157485738.66666666,0.3890867662049529,,,,,2.45172158566614,1.0,0.0
0.0,1.0,1.0,clean,45.000000948646374,0.9845375869351709,0.0,1.0,"{""S0_COMPLETE"":1}",C1,1,0,coco-000000528980-000000513181,1.0,156790784.0,3.597769382982551e-05,1.0,1.0,,1.0,3.0958603210001456,0.0,1.0
,0.0,0.0,gaussian:10,45.000000948646374,0.9845375869351708,,0.0,"{""S4_HEADER_FAILURE"":3}",C1,3,0,coco-000000528980-000000513181,0.0,155769514.66666666,0.321800983390298,,,,,2.536705494666118,1.0,0.0
,0.0,0.0,gaussian:15,45.000000948646374,0.9845375869351708,,0.0,"{""S4_HEADER_FAILURE"":3}",C1,3,0,coco-000000528980-000000513181,0.0,157709653.33333334,0.3526533549199496,,,,,2.8271174040006977,1.0,0.0
,0.0,0.0,gaussian:5,45.000000948646374,0.9845375869351708,,0.0,"{""S4_HEADER_FAILURE"":3}",C1,3,0,coco-000000528980-000000513181,0.0,156301994.66666666,0.25857618276668465,,,,,2.667533840333514,1.0,0.0
,0.0,0.0,jpeg:50,45.000000948646374,0.9845375869351709,,0.0,"{""S4_HEADER_FAILURE"":1}",C1,1,0,coco-000000528980-000000513181,0.0,154439680.0,0.47305720453318945,,,,,2.8252114140013873,1.0,0.0
,0.0,0.0,jpeg:70,45.000000948646374,0.9845375869351709,,0.0,"{""S4_HEADER_FAILURE"":1}",C1,1,0,coco-000000528980-000000513181,0.0,158416896.0,0.4496177370030581,,,,,2.657504622000488,1.0,0.0
,0.0,0.0,jpeg:90,45.000000948646374,0.9845375869351709,,0.0,"{""S4_HEADER_FAILURE"":1}",C1,1,0,coco-000000528980-000000513181,0.0,155176960.0,0.3390088145349883,,,,,2.5249868240007345,1.0,0.0
,0.0,0.0,salt_pepper:0.01,45.000000948646374,0.9845375869351708,,0.0,"{""S4_HEADER_FAILURE"":3}",C1,3,0,coco-000000528980-000000513181,0.0,155447296.0,0.15492594591353362,,,,,2.574419582999932,1.0,0.0
,0.0,0.0,salt_pepper:0.03,45.000000948646374,0.9845375869351708,,0.0,"{""S4_HEADER_FAILURE"":3}",C1,3,0,coco-000000528980-000000513181,0.0,156497237.33333334,0.31624542783474247,,,,,2.801725504667047,1.0,0.0
,0.0,0.0,salt_pepper:0.05,45.000000948646374,0.9845375869351708,,0.0,"{""S4_HEADER_FAILURE"":3}",C1,3,0,coco-000000528980-000000513181,0.0,156251477.33333334,0.39013761467889907,,,,,2.5079023413327377,1.0,0.0
0.0,1.0,1.0,clean,45.000000948646374,0.984316216939265,0.0,1.0,"{""S0_COMPLETE"":1}",C2,1,0,coco-000000528980-000000513181,1.0,156487680.0,3.597769382982551e-05,1.0,1.0,,1.0,3.159188053001344,0.0,1.0
,0.0,0.0,gaussian:10,45.000000948646374,0.984316216939265,,0.0,"{""S4_HEADER_FAILURE"":3}",C2,3,0,coco-000000528980-000000513181,0.0,154989909.33333334,0.3219478923067698,,,,,2.4568894226661846,1.0,0.0
,0.0,0.0,gaussian:15,45.000000948646374,0.984316216939265,,0.0,"{""S4_HEADER_FAILURE"":3}",C2,3,0,coco-000000528980-000000513181,0.0,155862357.33333334,0.3513821430712958,,,,,2.2711234860004574,1.0,0.0
,0.0,0.0,gaussian:5,45.000000948646374,0.984316216939265,,0.0,"{""S4_HEADER_FAILURE"":3}",C2,3,0,coco-000000528980-000000513181,0.0,156790784.0,0.25788211308988424,,,,,2.5957679153331505,1.0,0.0
,0.0,0.0,jpeg:50,45.000000948646374,0.984316216939265,,0.0,"{""S4_HEADER_FAILURE"":1}",C2,1,0,coco-000000528980-000000513181,0.0,156286976.0,0.47773430473106676,,,,,2.6525916410009813,1.0,0.0
,0.0,0.0,jpeg:70,45.000000948646374,0.984316216939265,,0.0,"{""S4_HEADER_FAILURE"":1}",C2,1,0,coco-000000528980-000000513181,0.0,157339648.0,0.45600827486958084,,,,,2.744577527999354,1.0,0.0
,0.0,0.0,jpeg:90,45.000000948646374,0.984316216939265,,0.0,"{""S4_HEADER_FAILURE"":1}",C2,1,0,coco-000000528980-000000513181,0.0,158416896.0,0.34839899262457275,,,,,3.054006873000617,1.0,0.0
,0.0,0.0,salt_pepper:0.01,45.000000948646374,0.984316216939265,,0.0,"{""S4_HEADER_FAILURE"":3}",C2,3,0,coco-000000528980-000000513181,0.0,157564928.0,0.1571505666486778,,,,,2.2598460509998404,1.0,0.0
,0.0,0.0,salt_pepper:0.03,45.000000948646374,0.984316216939265,,0.0,"{""S4_HEADER_FAILURE"":3}",C2,3,0,coco-000000528980-000000513181,0.0,155953834.66666666,0.31508814534988305,,,,,1.9309991560003255,1.0,0.0
,0.0,0.0,salt_pepper:0.05,45.000000948646374,0.984316216939265,,0.0,"{""S4_HEADER_FAILURE"":3}",C2,3,0,coco-000000528980-000000513181,0.0,155727189.33333334,0.38821130898842715,,,,,1.8690224343336013,1.0,0.0
0.0,1.0,1.0,clean,45.000000948646374,0.9845002427254894,0.0,1.0,"{""S0_COMPLETE"":1}",C3,1,0,coco-000000528980-000000513181,1.0,157741056.0,4.946932901601007e-05,1.0,1.0,,1.0,2.345614575999207,0.0,1.0
,0.0,0.0,gaussian:10,45.000000948646374,0.9845002427254895,,0.0,"{""S4_HEADER_FAILURE"":3}",C3,3,0,coco-000000528980-000000513181,0.0,156385280.0,0.322584997301673,,,,,1.6872047356664552,1.0,0.0
,0.0,0.0,gaussian:15,45.000000948646374,0.9845002427254895,,0.0,"{""S4_HEADER_FAILURE"":3}",C3,3,0,coco-000000528980-000000513181,0.0,156239189.33333334,0.35261288001439106,,,,,1.7910558610001317,1.0,0.0
,0.0,0.0,gaussian:5,45.000000948646374,0.9845002427254895,,0.0,"{""S4_HEADER_FAILURE"":3}",C3,3,0,coco-000000528980-000000513181,0.0,156842666.66666666,0.2585267134376686,,,,,1.7450849589998445,1.0,0.0
,0.0,0.0,jpeg:50,45.000000948646374,0.9845002427254894,,0.0,"{""S4_HEADER_FAILURE"":1}",C3,1,0,coco-000000528980-000000513181,0.0,157339648.0,0.472782874617737,,,,,1.7922252009993827,1.0,0.0
,0.0,0.0,jpeg:70,45.000000948646374,0.9845002427254894,,0.0,"{""S4_HEADER_FAILURE"":1}",C3,1,0,coco-000000528980-000000513181,0.0,156286976.0,0.4498246087425796,,,,,1.724047949001033,1.0,0.0
,0.0,0.0,jpeg:90,45.000000948646374,0.9845002427254894,,0.0,"{""S4_HEADER_FAILURE"":1}",C3,1,0,coco-000000528980-000000513181,0.0,154931200.0,0.3399937039035798,,,,,1.857063167000888,1.0,0.0
,0.0,0.0,salt_pepper:0.01,45.000000948646374,0.9845002427254895,,0.0,"{""S4_HEADER_FAILURE"":3}",C3,3,0,coco-000000528980-000000513181,0.0,155896490.66666666,0.15512082508844516,,,,,2.2241957263334675,1.0,0.0
,0.0,0.0,salt_pepper:0.03,45.000000948646374,0.9845002427254895,,0.0,"{""S4_HEADER_FAILURE"":3}",C3,3,0,coco-000000528980-000000513181,0.0,156543658.66666666,0.3166531750314805,,,,,2.1925288533329876,1.0,0.0
,0.0,0.0,salt_pepper:0.05,45.000000948646374,0.9845002427254895,,0.0,"{""S4_HEADER_FAILURE"":3}",C3,3,0,coco-000000528980-000000513181,0.0,156523178.66666666,0.390199076572525,,,,,2.0450316446670818,1.0,0.0
0.0,1.0,1.0,clean,45.000025119199364,0.9845231071895122,0.0,1.0,"{""S0_COMPLETE"":1}",C3_NP,1,0,coco-000000528980-000000513181,1.0,157339648.0,7.195538765965101e-05,1.0,1.0,,1.0,2.3136702589999913,0.0,1.0
,0.0,0.0,gaussian:10,45.000025119199364,0.9845231071895122,,0.0,"{""S4_HEADER_FAILURE"":3}",C3_NP,3,0,coco-000000528980-000000513181,0.0,157257728.0,0.3213512622174252,,,,,1.5491566020003422,1.0,0.0
,0.0,0.0,gaussian:15,45.000025119199364,0.9845231071895122,,0.0,"{""S4_HEADER_FAILURE"":3}",C3_NP,3,0,coco-000000528980-000000513181,0.0,157256362.66666666,0.3523685315104635,,,,,1.6288545976676687,1.0,0.0
,0.0,0.0,gaussian:5,45.000025119199364,0.9845231071895122,,0.0,"{""S4_HEADER_FAILURE"":3}",C3_NP,3,0,coco-000000528980-000000513181,0.0,155901952.0,0.25909036397433594,,,,,1.6962898363332595,1.0,0.0
,0.0,0.0,jpeg:50,45.000025119199364,0.9845231071895122,,0.0,"{""S4_HEADER_FAILURE"":1}",C3_NP,1,0,coco-000000528980-000000513181,0.0,156495872.0,0.47527882712718117,,,,,1.7510084770001413,1.0,0.0
,0.0,0.0,jpeg:70,45.000025119199364,0.9845231071895122,,0.0,"{""S4_HEADER_FAILURE"":1}",C3_NP,1,0,coco-000000528980-000000513181,0.0,154034176.0,0.4511512862025544,,,,,1.5128315990004921,1.0,0.0
,0.0,0.0,jpeg:90,45.000025119199364,0.9845231071895122,,0.0,"{""S4_HEADER_FAILURE"":1}",C3_NP,1,0,coco-000000528980-000000513181,0.0,158806016.0,0.3409965821190862,,,,,1.6951912759996048,1.0,0.0
,0.0,0.0,salt_pepper:0.01,45.000025119199364,0.9845231071895122,,0.0,"{""S4_HEADER_FAILURE"":3}",C3_NP,3,0,coco-000000528980-000000513181,0.0,155638442.66666666,0.1551792888409186,,,,,1.940598839000207,1.0,0.0
,0.0,0.0,salt_pepper:0.03,45.000025119199364,0.9845231071895122,,0.0,"{""S4_HEADER_FAILURE"":3}",C3_NP,3,0,coco-000000528980-000000513181,0.0,155088213.33333334,0.31546291299394374,,,,,1.7781824290001775,1.0,0.0
,0.0,0.0,salt_pepper:0.05,45.000025119199364,0.9845231071895122,,0.0,"{""S4_HEADER_FAILURE"":3}",C3_NP,3,0,coco-000000528980-000000513181,0.0,157181269.33333334,0.39110451520057565,,,,,1.7756926046664983,1.0,0.0
,,1.0,clean,45.63923633025736,0.9932813997901555,,,"{""S0_COMPLETE"":1}",B1,1,0,coco-000000531036-000000089556,1.0,157339648.0,0.0,1.0,1.0,,1.0,0.0027910549997614,0.0,
,,0.0,gaussian:10,45.63923633025737,0.9932813997901556,,,"{""S2_HEADER_VALID_PARTIAL"":3}",B1,3,0,coco-000000531036-000000089556,0.5178171793619791,158285824.0,0.4821828206380208,0.5178171793619791,0.744746999264914,7.615191572442022,0.015355545583258126,0.034357996333710616,0.0,
,,0.0,gaussian:15,45.63923633025737,0.9932813997901556,,,"{""S2_HEADER_VALID_PARTIAL"":3}",B1,3,0,coco-000000531036-000000089556,0.5135065714518229,157466624.0,0.48649342854817706,0.5135065714518229,0.7433579600498899,7.578238888119493,0.01017013822851928,0.011232347000259324,0.0,
,,0.0,gaussian:5,45.63923633025737,0.9932813997901556,,,"{""S2_HEADER_VALID_PARTIAL"":3}",B1,3,0,coco-000000531036-000000089556,0.5417912801106771,156497237.33333334,0.45820871988932294,0.5417912801106771,0.7596107697097351,7.899486187493957,0.024440197429616756,0.020464955667193863,0.0,
,,0.0,jpeg:50,45.63923633025736,0.9932813997901555,,,"{""S2_HEADER_VALID_PARTIAL"":1}",B1,1,0,coco-000000531036-000000089556,0.5065994262695312,156286976.0,0.49340057373046875,0.5065994262695312,0.7389829593281884,7.655519848090114,0.01270981694111574,0.07140487399919948,0.0,
,,0.0,jpeg:70,45.63923633025736,0.9932813997901555,,,"{""S2_HEADER_VALID_PARTIAL"":1}",B1,1,0,coco-000000531036-000000089556,0.508026123046875,157753344.0,0.491973876953125,0.508026123046875,0.7395074134111603,7.593961665590627,0.00451734602525599,0.007393353000225034,0.0,
,,0.0,jpeg:90,45.63923633025736,0.9932813997901555,,,"{""S2_HEADER_VALID_PARTIAL"":1}",B1,1,0,coco-000000531036-000000089556,0.519561767578125,159100928.0,0.480438232421875,0.519561767578125,0.74925165971804,7.768618709499568,0.0186820164872852,0.005830501000673394,0.0,
,,0.0,salt_pepper:0.01,45.63923633025737,0.9932813997901556,,,"{""S2_HEADER_VALID_PARTIAL"":3}",B1,3,0,coco-000000531036-000000089556,0.9950536092122396,156867242.66666666,0.004946390787760417,0.9950536092122396,0.9964278574444773,26.42432770933733,0.8910927274206836,0.005605285666509492,0.0,
,,0.0,salt_pepper:0.03,45.63923633025737,0.9932813997901556,,,"{""S2_HEADER_VALID_PARTIAL"":3}",B1,3,0,coco-000000531036-000000089556,0.9851582845052084,157645482.66666666,0.014841715494791666,0.9851582845052084,0.9893203854048744,21.64756729544131,0.740464705456886,0.0060477476660404745,0.0,
,,0.0,salt_pepper:0.05,45.63923633025737,0.9932813997901556,,,"{""S2_HEADER_VALID_PARTIAL"":3}",B1,3,0,coco-000000531036-000000089556,0.9745254516601562,157485738.66666666,0.02547454833984375,0.9745254516601562,0.9818065397838563,19.320649633144054,0.6213940129919413,0.00774938033343157,0.0,
,,1.0,clean,44.878346640975195,0.99062596340126,,,"{""S0_COMPLETE"":1}",B2,1,0,coco-000000531036-000000089556,1.0,155840512.0,0.0,1.0,1.0,,1.0,0.010096397001689184,0.0,
,,0.0,gaussian:10,44.878346640975195,0.9906259634012601,,,"{""S2_HEADER_VALID_PARTIAL"":3}",B2,3,0,coco-000000531036-000000089556,0.5127436319986979,156008448.0,0.48725636800130206,0.5127436319986979,0.7323856008884263,7.567361799631129,0.013406881707399745,0.012892656000379551,0.0,
,,0.0,gaussian:15,44.878346640975195,0.9906259634012601,,,"{""S2_HEADER_VALID_PARTIAL"":3}",B2,3,0,coco-000000531036-000000089556,0.5012588500976562,158134272.0,0.49874114990234375,0.5012588500976562,0.7289243197290737,7.506075280950675,0.007901501913007817,0.015795897666369758,0.0,
,,0.0,gaussian:5,44.878346640975195,0.9906259634012601,,,"{""S2_HEADER_VALID_PARTIAL"":3}",B2,3,0,coco-000000531036-000000089556,0.5787887573242188,157836629.33333334,0.42121124267578125,0.5787887573242188,0.7708007669665121,8.273681655475933,0.04383519268579265,0.01841306833375711,0.0,
,,0.0,jpeg:50,44.878346640975195,0.99062596340126,,,"{""S2_HEADER_VALID_PARTIAL"":1}",B2,1,0,coco-000000531036-000000089556,0.4976806640625,156495872.0,0.5023193359375,0.4976806640625,0.5434377909732879,6.447201845682126,0.01758621138772576,0.008615855000243755,0.0,
,,0.0,jpeg:70,44.878346640975195,0.99062596340126,,,"{""S2_HEADER_VALID_PARTIAL"":1}",B2,1,0,coco-000000531036-000000089556,0.4786376953125,159100928.0,0.5213623046875,0.4786376953125,0.5651649945946126,6.532930114985468,-0.01743724307925867,0.008685655000590486,0.0,
,,0.0,jpeg:90,44.878346640975195,0.99062596340126,,,"{""S2_HEADER_VALID_PARTIAL"":1}",B2,1,0,coco-000000531036-000000089556,0.6279525756835938,156286976.0,0.37204742431640625,0.6279525756835938,0.9231524357422722,12.917000351059652,0.3368054355311849,0.008973416999651818,0.0,
,,0.0,salt_pepper:0.01,44.878346640975195,0.9906259634012601,,,"{""S2_HEADER_VALID_PARTIAL"":3}",B2,3,0,coco-000000531036-000000089556,0.7608744303385416,157199018.66666666,0.23912556966145834,0.7608744303385416,0.8728342868934821,10.877483614500818,0.15409190120428115,0.014658522333168852,0.0,
,,0.0,salt_pepper:0.03,44.878346640975195,0.9906259634012601,,,"{""S2_HEADER_VALID_PARTIAL"":3}",B2,3,0,coco-000000531036-000000089556,0.5707804361979166,157584042.66666666,0.4292195638020833,0.5707804361979166,0.7662338835078645,8.177194645325239,0.03946169411340171,0.011468270333352848,0.0,
,,0.0,salt_pepper:0.05,44.878346640975195,0.9906259634012601,,,"{""S2_HEADER_VALID_PARTIAL"":3}",B2,3,0,coco-000000531036-000000089556,0.5206832885742188,157477546.66666666,0.47931671142578125,0.5206832885742188,0.7385937807511208,7.682739699050221,0.019180850531951676,0.013187216999843562,0.0,
0.0,1.0,1.0,clean,45.00001706233342,0.9911422495750499,0.0,1.0,"{""S0_COMPLETE"":1}",C0,1,0,coco-000000531036-000000089556,1.0,156286976.0,0.00010343586976074834,1.0,1.0,,1.0,2.0133612749996246,0.0,1.0
,0.0,0.0,gaussian:10,45.00001706233342,0.9911422495750499,,0.0,"{""S4_HEADER_FAILURE"":3}",C0,3,0,coco-000000531036-000000089556,0.0,156177749.33333334,0.3207876116807579,,,,,1.8196029429994571,1.0,0.0
,0.0,0.0,gaussian:15,45.00001706233342,0.9911422495750499,,0.0,"{""S4_HEADER_FAILURE"":3}",C0,3,0,coco-000000531036-000000089556,0.0,156409856.0,0.35235054266354865,,,,,1.8280497016670172,1.0,0.0
,0.0,0.0,gaussian:5,45.00001706233342,0.9911422495750499,,0.0,"{""S4_HEADER_FAILURE"":3}",C0,3,0,coco-000000531036-000000089556,0.0,155906048.0,0.25769173112670146,,,,,1.8414270313332963,1.0,0.0
,0.0,0.0,jpeg:50,45.00001706233342,0.9911422495750499,,0.0,"{""S4_HEADER_FAILURE"":1}",C0,1,0,coco-000000531036-000000089556,0.0,157339648.0,0.47195988487137974,,,,,1.8329735810002603,1.0,0.0
,0.0,0.0,jpeg:70,45.00001706233342,0.9911422495750499,,0.0,"{""S4_HEADER_FAILURE"":1}",C0,1,0,coco-000000531036-000000089556,0.0,154931200.0,0.45057564310127723,,,,,1.8181205140008387,1.0,0.0
,0.0,0.0,jpeg:90,45.00001706233342,0.9911422495750499,,0.0,"{""S4_HEADER_FAILURE"":1}",C0,1,0,coco-000000531036-000000089556,0.0,155840512.0,0.3432676740420939,,,,,2.036677456000689,1.0,0.0
,0.0,0.0,salt_pepper:0.01,45.00001706233342,0.9911422495750499,,0.0,"{""S4_HEADER_FAILURE"":3}",C0,3,0,coco-000000531036-000000089556,0.0,156263765.33333334,0.1616897523535408,,,,,1.8085288043330365,1.0,0.0
,0.0,0.0,salt_pepper:0.03,45.00001706233342,0.9911422495750499,,0.0,"{""S4_HEADER_FAILURE"":3}",C0,3,0,coco-000000531036-000000089556,0.0,157011968.0,0.32505846375247344,,,,,1.7829415596667484,1.0,0.0
,0.0,0.0,salt_pepper:0.05,45.00001706233342,0.9911422495750499,,0.0,"{""S4_HEADER_FAILURE"":3}",C0,3,0,coco-000000531036-000000089556,0.0,156609194.66666666,0.3957456377046231,,,,,1.9704899163328566,1.0,0.0
0.0,1.0,1.0,clean,45.000025119199364,0.9911389518266498,0.0,1.0,"{""S0_COMPLETE"":1}",C1,1,0,coco-000000531036-000000089556,1.0,154914816.0,0.00017539125742039934,1.0,1.0,,1.0,2.1597934199999145,0.0,1.0
,0.0,0.0,gaussian:10,45.000025119199364,0.9911389518266498,,0.0,"{""S4_HEADER_FAILURE"":3}",C1,3,0,coco-000000531036-000000089556,0.0,156119040.0,0.3235698866702645,,,,,1.79320791633351,1.0,0.0
,0.0,0.0,gaussian:15,45.000025119199364,0.9911389518266498,,0.0,"{""S4_HEADER_FAILURE"":3}",C1,3,0,coco-000000531036-000000089556,0.0,157063850.66666666,0.3529261857648258,,,,,1.7666031299995666,1.0,0.0
,0.0,0.0,gaussian:5,45.000025119199364,0.9911389518266498,,0.0,"{""S4_HEADER_FAILURE"":3}",C1,3,0,coco-000000531036-000000089556,0.0,156097194.66666666,0.25851472087305866,,,,,1.8798215980004898,1.0,0.0
,0.0,0.0,jpeg:50,45.000025119199364,0.9911389518266498,,0.0,"{""S4_HEADER_FAILURE"":1}",C1,1,0,coco-000000531036-000000089556,0.0,157741056.0,0.46985069257060624,,,,,1.8871029040001304,1.0,0.0
,0.0,0.0,jpeg:70,45.000025119199364,0.9911389518266498,,0.0,"{""S4_HEADER_FAILURE"":1}",C1,1,0,coco-000000531036-000000089556,0.0,154931200.0,0.44592552617377224,,,,,2.03289894900081,1.0,0.0
,0.0,0.0,jpeg:90,45.000025119199364,0.9911389518266498,,0.0,"{""S4_HEADER_FAILURE"":1}",C1,1,0,coco-000000531036-000000089556,0.0,157339648.0,0.3376011872638964,,,,,2.032289157001287,1.0,0.0
,0.0,0.0,salt_pepper:0.01,45.000025119199364,0.9911389518266498,,0.0,"{""S4_HEADER_FAILURE"":3}",C1,3,0,coco-000000531036-000000089556,0.0,156153173.33333334,0.16135695868561492,,,,,1.8012586903332704,1.0,0.0
,0.0,0.0,salt_pepper:0.03,45.000025119199364,0.9911389518266498,,0.0,"{""S4_HEADER_FAILURE"":3}",C1,3,0,coco-000000531036-000000089556,0.0,157713749.33333334,0.32518738382203033,,,,,2.1604230376669875,1.0,0.0
,0.0,0.0,salt_pepper:0.05,45.000025119199364,0.9911389518266498,,0.0,"{""S4_HEADER_FAILURE"":3}",C1,3,0,coco-000000531036-000000089556,0.0,156165461.33333334,0.39910055765425434,,,,,3.2759838133327626,1.0,0.0
0.0,1.0,1.0,clean,45.000049289886874,0.9911380290276219,0.0,1.0,"{""S0_COMPLETE"":1}",C2,1,0,coco-000000531036-000000089556,1.0,154034176.0,9.444144630329196e-05,1.0,1.0,,1.0,2.387116015999709,0.0,1.0
,0.0,0.0,gaussian:10,45.000049289886874,0.9911380290276219,,0.0,"{""S4_HEADER_FAILURE"":3}",C2,3,0,coco-000000531036-000000089556,0.0,155759957.33333334,0.32167656053246985,,,,,3.157116739332802,1.0,0.0
,0.0,0.0,gaussian:15,45.000049289886874,0.9911380290276219,,0.0,"{""S4_HEADER_FAILURE"":3}",C2,3,0,coco-000000531036-000000089556,0.0,156547754.66666666,0.35179888469149123,,,,,2.4140288063341964,1.0,0.0
,0.0,0.0,gaussian:5,45.000049289886874,0.9911380290276219,,0.0,"{""S4_HEADER_FAILURE"":3}",C2,3,0,coco-000000531036-000000089556,0.0,155873280.0,0.2577726809378185,,,,,2.541001341666439,1.0,0.0
,0.0,0.0,jpeg:50,45.000049289886874,0.9911380290276219,,0.0,"{""S4_HEADER_FAILURE"":1}",C2,1,0,coco-000000531036-000000089556,0.0,155951104.0,0.47122234214786834,,,,,2.3774764699992375,1.0,0.0
,0.0,0.0,jpeg:70,45.000049289886874,0.9911380290276219,,0.0,"{""S4_HEADER_FAILURE"":1}",C2,1,0,coco-000000531036-000000089556,0.0,157339648.0,0.4507960064759849,,,,,3.992037044999961,1.0,0.0
,0.0,0.0,jpeg:90,45.000049289886874,0.9911380290276219,,0.0,"{""S4_HEADER_FAILURE"":1}",C2,1,0,coco-000000531036-000000089556,0.0,158806016.0,0.3424401870840079,,,,,3.2460552440006722,1.0,0.0
,0.0,0.0,salt_pepper:0.01,45.000049289886874,0.9911380290276219,,0.0,"{""S4_HEADER_FAILURE"":3}",C2,3,0,coco-000000531036-000000089556,0.0,157783381.33333334,0.16234784433651137,,,,,2.6008455253334737,1.0,0.0
,0.0,0.0,salt_pepper:0.03,45.000049289886874,0.9911380290276219,,0.0,"{""S4_HEADER_FAILURE"":3}",C2,3,0,coco-000000531036-000000089556,0.0,155084117.33333334,0.32276338670024585,,,,,3.080393554000087,1.0,0.0
,0.0,0.0,salt_pepper:0.05,45.000049289886874,0.9911380290276219,,0.0,"{""S4_HEADER_FAILURE"":3}",C2,3,0,coco-000000531036-000000089556,0.0,155885568.0,0.39646968879294836,,,,,3.067976369666212,1.0,0.0
0.0,1.0,1.0,clean,45.000000948646374,0.9911383127453579,0.0,1.0,"{""S0_COMPLETE"":1}",C3,1,0,coco-000000531036-000000089556,1.0,157753344.0,0.00017988846914912754,1.0,1.0,,1.0,2.079063724999287,0.0,1.0
,0.0,0.0,gaussian:10,45.000000948646374,0.9911383127453579,,0.0,"{""S4_HEADER_FAILURE"":3}",C3,3,0,coco-000000531036-000000089556,0.0,157192192.0,0.3221892426695449,,,,,1.6557528513330908,1.0,0.0
,0.0,0.0,gaussian:15,45.000000948646374,0.9911383127453579,,0.0,"{""S4_HEADER_FAILURE"":3}",C3,3,0,coco-000000531036-000000089556,0.0,155753130.66666666,0.3533084487617677,,,,,1.8414078509995306,1.0,0.0
,0.0,0.0,gaussian:5,45.000000948646374,0.9911383127453579,,0.0,"{""S4_HEADER_FAILURE"":3}",C3,3,0,coco-000000531036-000000089556,0.0,156045312.0,0.25881453498830725,,,,,1.6062051849997563,1.0,0.0
,0.0,0.0,jpeg:50,45.000000948646374,0.9911383127453579,,0.0,"{""S4_HEADER_FAILURE"":1}",C3,1,0,coco-000000531036-000000089556,0.0,158416896.0,0.4711234034898363,,,,,1.9022673379986372,1.0,0.0
,0.0,0.0,jpeg:70,45.000000948646374,0.9911383127453579,,0.0,"{""S4_HEADER_FAILURE"":1}",C3,1,0,coco-000000531036-000000089556,0.0,158806016.0,0.4466225939917251,,,,,1.6409779120003805,1.0,0.0
,0.0,0.0,jpeg:90,45.000000948646374,0.9911383127453579,,0.0,"{""S4_HEADER_FAILURE"":1}",C3,1,0,coco-000000531036-000000089556,0.0,159100928.0,0.33576182766684654,,,,,1.6642316920006124,1.0,0.0
,0.0,0.0,salt_pepper:0.01,45.000000948646374,0.9911383127453579,,0.0,"{""S4_HEADER_FAILURE"":3}",C3,3,0,coco-000000531036-000000089556,0.0,155333973.33333334,0.16163728488337228,,,,,1.9600266549999408,1.0,0.0
,0.0,0.0,salt_pepper:0.03,45.000000948646374,0.9911383127453579,,0.0,"{""S4_HEADER_FAILURE"":3}",C3,3,0,coco-000000531036-000000089556,0.0,155613866.66666666,0.32520387359836905,,,,,1.94497011233337,1.0,0.0
,0.0,0.0,salt_pepper:0.05,45.000000948646374,0.9911383127453579,,0.0,"{""S4_HEADER_FAILURE"":3}",C3,3,0,coco-000000531036-000000089556,0.0,156202325.33333334,0.39837350842477665,,,,,1.789800621332688,1.0,0.0
0.0,1.0,1.0,clean,45.000000948646374,0.9911344452035441,0.0,1.0,"{""S0_COMPLETE"":1}",C3_NP,1,0,coco-000000531036-000000089556,1.0,154439680.0,0.00017089404569167117,1.0,1.0,,1.0,3.5717649620000884,0.0,1.0
,0.0,0.0,gaussian:10,45.000000948646374,0.9911344452035441,,0.0,"{""S4_HEADER_FAILURE"":3}",C3_NP,3,0,coco-000000531036-000000089556,0.0,156696576.0,0.32199586256520957,,,,,2.5954052153332063,1.0,0.0
,0.0,0.0,gaussian:15,45.000000948646374,0.9911344452035441,,0.0,"{""S4_HEADER_FAILURE"":3}",C3_NP,3,0,coco-000000531036-000000089556,0.0,158060544.0,0.35224710679378785,,,,,2.242280409000159,1.0,0.0
,0.0,0.0,gaussian:5,45.000000948646374,0.9911344452035441,,0.0,"{""S4_HEADER_FAILURE"":3}",C3_NP,3,0,coco-000000531036-000000089556,0.0,157163520.0,0.2592042933381304,,,,,2.6694105899999463,1.0,0.0
,0.0,0.0,jpeg:50,45.000000948646374,0.9911344452035441,,0.0,"{""S4_HEADER_FAILURE"":1}",C3_NP,1,0,coco-000000531036-000000089556,0.0,155615232.0,0.4722611980572045,,,,,2.3647080259997892,1.0,0.0
,0.0,0.0,jpeg:70,45.000000948646374,0.9911344452035441,,0.0,"{""S4_HEADER_FAILURE"":1}",C3_NP,1,0,coco-000000531036-000000089556,0.0,155176960.0,0.44741860046771004,,,,,2.722733899998275,1.0,0.0
,0.0,0.0,jpeg:90,45.000000948646374,0.9911344452035441,,0.0,"{""S4_HEADER_FAILURE"":1}",C3_NP,1,0,coco-000000531036-000000089556,0.0,158416896.0,0.3370300413743479,,,,,3.1360241410002345,1.0,0.0
,0.0,0.0,salt_pepper:0.01,45.000000948646374,0.9911344452035441,,0.0,"{""S4_HEADER_FAILURE"":3}",C3_NP,3,0,coco-000000531036-000000089556,0.0,155151018.66666666,0.16127001259219284,,,,,2.503795907999423,1.0,0.0
,0.0,0.0,salt_pepper:0.03,45.000000948646374,0.9911344452035441,,0.0,"{""S4_HEADER_FAILURE"":3}",C3_NP,3,0,coco-000000531036-000000089556,0.0,155860992.0,0.32312915992084906,,,,,2.003282230666931,1.0,0.0
,0.0,0.0,salt_pepper:0.05,45.000000948646374,0.9911344452035441,,0.0,"{""S4_HEADER_FAILURE"":3}",C3_NP,3,0,coco-000000531036-000000089556,0.0,155380394.66666666,0.39754152425496186,,,,,1.6087264596662862,1.0,0.0
,,1.0,clean,45.340108807159645,0.9866534172680392,,,"{""S0_COMPLETE"":1}",B1,1,0,coco-000000551304-000000094336,1.0,154238976.0,0.0,1.0,1.0,,1.0,0.001802094000595389,0.0,
,,0.0,gaussian:10,45.340108807159645,0.9866534172680392,,,"{""S2_HEADER_VALID_PARTIAL"":3}",B1,3,0,coco-000000551304-000000094336,0.5054575602213541,152899584.0,0.4945424397786458,0.5054575602213541,0.7313380204520739,6.873866954336347,0.011548922353198534,0.011549625000043306,0.0,
,,0.0,gaussian:15,45.340108807159645,0.9866534172680392,,,"{""S2_HEADER_VALID_PARTIAL"":3}",B1,3,0,coco-000000551304-000000094336,0.5009994506835938,153935872.0,0.49900054931640625,0.5009994506835938,0.729985878012517,6.853755839693654,0.0087742260788932,0.007719821000137017,0.0,
,,0.0,gaussian:5,45.340108807159645,0.9866534172680392,,,"{""S2_HEADER_VALID_PARTIAL"":3}",B1,3,0,coco-000000551304-000000094336,0.5297317504882812,152734378.66666666,0.47026824951171875,0.5297317504882812,0.7449820471655096,7.088353463638614,0.0201433745062243,0.00760606999938318,0.0,
,,0.0,jpeg:50,45.340108807159645,0.9866534172680392,,,"{""S2_HEADER_VALID_PARTIAL"":1}",B1,1,0,coco-000000551304-000000094336,0.5081634521484375,153718784.0,0.4918365478515625,0.5081634521484375,0.7423114195130156,7.093738968588271,0.017099771552484926,0.00678885199886281,0.0,
,,0.0,jpeg:70,45.340108807159645,0.9866534172680392,,,"{""S2_HEADER_VALID_PARTIAL"":1}",B1,1,0,coco-000000551304-000000094336,0.512664794921875,151953408.0,0.487335205078125,0.512664794921875,0.7428274767518173,7.049716063977235,0.017409522035163258,0.005848491000506328,0.0,
,,0.0,jpeg:90,45.340108807159645,0.9866534172680392,,,"{""S2_HEADER_VALID_PARTIAL"":1}",B1,1,0,coco-000000551304-000000094336,0.532989501953125,154238976.0,0.467010498046875,0.532989501953125,0.7578168199959663,7.276038100880362,0.025026748296043653,0.0067578530015453,0.0,
,,0.0,salt_pepper:0.01,45.340108807159645,0.9866534172680392,,,"{""S2_HEADER_VALID_PARTIAL"":3}",B1,3,0,coco-000000551304-000000094336,0.9949137369791666,153759744.0,0.005086263020833333,0.9949137369791666,0.9969607123035128,25.97889826235171,0.8628073928044232,0.006833980000616672,0.0,
,,0.0,salt_pepper:0.03,45.340108807159645,0.9866534172680392,,,"{""S2_HEADER_VALID_PARTIAL"":3}",B1,3,0,coco-000000551304-000000094336,0.98504638671875,152787626.66666666,0.01495361328125,0.98504638671875,0.9909819795774218,21.233916469059608,0.6812517265906065,0.0057395283329242375,0.0,
,,0.0,salt_pepper:0.05,45.340108807159645,0.9866534172680392,,,"{""S2_HEADER_VALID_PARTIAL"":3}",B1,3,0,coco-000000551304-000000094336,0.9756622314453125,154815146.66666666,0.0243377685546875,0.9756622314453125,0.9853944994289883,19.151012549457523,0.5677348759624224,0.006842822666537056,0.0,
,,1.0,clean,44.718127310743895,0.9768584556275709,,,"{""S0_COMPLETE"":1}",B2,1,0,coco-000000551304-000000094336,1.0,153718784.0,0.0,1.0,1.0,,1.0,0.010949090999929467,0.0,
,,0.0,gaussian:10,44.71812731074389,0.9768584556275709,,,"{""S2_HEADER_VALID_PARTIAL"":3}",B2,3,0,coco-000000551304-000000094336,0.5099538167317709,154924373.33333334,0.4900461832682292,0.5099538167317709,0.7345849657560968,6.929178837445888,0.01190443095359578,0.01581034599985287,0.0,
,,0.0,gaussian:15,44.71812731074389,0.9768584556275709,,,"{""S2_HEADER_VALID_PARTIAL"":3}",B2,3,0,coco-000000551304-000000094336,0.5018997192382812,153154901.33333334,0.49810028076171875,0.5018997192382812,0.7273926232876046,6.8124303420105194,0.007237896712835759,0.019930967000012362,0.0,
,,0.0,gaussian:5,44.71812731074389,0.9768584556275709,,,"{""S2_HEADER_VALID_PARTIAL"":3}",B2,3,0,coco-000000551304-000000094336,0.5801264444986979,153228629.33333334,0.41987355550130206,0.5801264444986979,0.7817154311036193,7.725757816898522,0.04453694111925168,0.047925303667094944,0.0,
,,0.0,jpeg:50,44.718127310743895,0.9768584556275709,,,"{""S2_HEADER_VALID_PARTIAL"":1}",B2,1,0,coco-000000551304-000000094336,0.4857635498046875,154398720.0,0.5142364501953125,0.4857635498046875,0.3175583950863713,4.241386786930784,0.0033292722028571897,0.02404666599977645,0.0,
,,0.0,jpeg:70,44.718127310743895,0.9768584556275709,,,"{""S2_HEADER_VALID_PARTIAL"":1}",B2,1,0,coco-000000551304-000000094336,0.48453521728515625,152969216.0,0.5154647827148438,0.48453521728515625,0.36138258178614235,4.396093209231562,0.010326776863357479,0.018829254999218392,0.0,
,,0.0,jpeg:90,44.718127310743895,0.9768584556275709,,,"{""S2_HEADER_VALID_PARTIAL"":1}",B2,1,0,coco-000000551304-000000094336,0.7031097412109375,152010752.0,0.2968902587890625,0.7031097412109375,0.9593066070727571,14.75942473914402,0.464199058138521,0.01773401299942634,0.0,
,,0.0,salt_pepper:0.01,44.71812731074389,0.9768584556275709,,,"{""S2_HEADER_VALID_PARTIAL"":3}",B2,3,0,coco-000000551304-000000094336,0.7539342244466146,154924373.33333334,0.2460657755533854,0.7539342244466146,0.8839245241283765,10.339966724142224,0.13543606080997375,0.010448799332759032,0.0,
,,0.0,salt_pepper:0.03,44.71812731074389,0.9768584556275709,,,"{""S2_HEADER_VALID_PARTIAL"":3}",B2,3,0,coco-000000551304-000000094336,0.573455810546875,153126229.33333334,0.426544189453125,0.573455810546875,0.7758864996239251,7.617515568710972,0.04043594314656298,0.03428007133273544,0.0,
,,0.0,salt_pepper:0.05,44.71812731074389,0.9768584556275709,,,"{""S2_HEADER_VALID_PARTIAL"":3}",B2,3,0,coco-000000551304-000000094336,0.519256591796875,152646997.33333334,0.480743408203125,0.519256591796875,0.7415910794535806,7.03555876892342,0.015328853695992474,0.018409001000084874,0.0,
0.0,1.0,1.0,clean,45.00001706233342,0.978954900146972,0.0,1.0,"{""S0_COMPLETE"":1}",C0,1,0,coco-000000551304-000000094336,1.0,154238976.0,4.497211728728188e-06,1.0,1.0,,1.0,2.5549704340010067,0.0,1.0
,0.0,0.0,gaussian:10,45.00001706233342,0.978954900146972,,0.0,"{""S4_HEADER_FAILURE"":3}",C0,3,0,coco-000000551304-000000094336,0.0,152442197.33333334,0.3213512622174252,,,,,1.7806640023336513,1.0,0.0
,0.0,0.0,gaussian:15,45.00001706233342,0.978954900146972,,0.0,"{""S4_HEADER_FAILURE"":3}",C0,3,0,coco-000000551304-000000094336,0.0,153653248.0,0.3519982610781316,,,,,1.8900405463336938,1.0,0.0
,0.0,0.0,gaussian:5,45.00001706233342,0.978954900146972,,0.0,"{""S4_HEADER_FAILURE"":3}",C0,3,0,coco-000000551304-000000094336,0.0,153736533.33333334,0.25690022186244527,,,,,1.7358405576663547,1.0,0.0
,0.0,0.0,jpeg:50,45.00001706233342,0.978954900146972,,0.0,"{""S4_HEADER_FAILURE"":1}",C0,1,0,coco-000000551304-000000094336,0.0,152596480.0,0.48139053786652275,,,,,1.7488354929992056,1.0,0.0
,0.0,0.0,jpeg:70,45.00001706233342,0.978954900146972,,0.0,"{""S4_HEADER_FAILURE"":1}",C0,1,0,coco-000000551304-000000094336,0.0,152903680.0,0.46219643820831086,,,,,1.7812813239997922,1.0,0.0
,0.0,0.0,jpeg:90,45.00001706233342,0.978954900146972,,0.0,"{""S4_HEADER_FAILURE"":1}",C0,1,0,coco-000000551304-000000094336,0.0,151871488.0,0.35300863464651916,,,,,1.8619112870001118,1.0,0.0
,0.0,0.0,salt_pepper:0.01,45.00001706233342,0.978954900146972,,0.0,"{""S4_HEADER_FAILURE"":3}",C0,3,0,coco-000000551304-000000094336,0.0,152522752.0,0.16525454218384603,,,,,1.703483493333503,1.0,0.0
,0.0,0.0,salt_pepper:0.03,45.00001706233342,0.978954900146972,,0.0,"{""S4_HEADER_FAILURE"":3}",C0,3,0,coco-000000551304-000000094336,0.0,153239552.0,0.3234829405768424,,,,,1.7582730329995684,1.0,0.0
,0.0,0.0,salt_pepper:0.05,45.00001706233342,0.978954900146972,,0.0,"{""S4_HEADER_FAILURE"":3}",C0,3,0,coco-000000551304-000000094336,0.0,153444352.0,0.39688343227199135,,,,,1.6039687813336059,1.0,0.0
0.0,1.0,1.0,clean,45.000000948646374,0.9785990829404435,0.0,1.0,"{""S0_COMPLETE"":1}",C1,1,0,coco-000000551304-000000094336,1.0,151617536.0,4.497211728728188e-06,1.0,1.0,,1.0,2.1079663780001283,0.0,1.0
,0.0,0.0,gaussian:10,45.000000948646374,0.9785990829404435,,0.0,"{""S4_HEADER_FAILURE"":3}",C1,3,0,coco-000000551304-000000094336,0.0,153158997.33333334,0.32256850752533434,,,,,1.8340305083323376,1.0,0.0
,0.0,0.0,gaussian:15,45.000000948646374,0.9785990829404435,,0.0,"{""S4_HEADER_FAILURE"":3}",C1,3,0,coco-000000551304-000000094336,0.0,153284608.0,0.35269233075493195,,,,,1.9908467966670287,1.0,0.0
,0.0,0.0,gaussian:5,45.000000948646374,0.9785990829404435,,0.0,"{""S4_HEADER_FAILURE"":3}",C1,3,0,coco-000000551304-000000094336,0.0,153836202.66666666,0.2592942375727049,,,,,1.8433033590002499,1.0,0.0
,0.0,0.0,jpeg:50,45.000000948646374,0.9785990829404435,,0.0,"{""S4_HEADER_FAILURE"":1}",C1,1,0,coco-000000551304-000000094336,0.0,153477120.0,0.479168915272531,,,,,1.7179690419998224,1.0,0.0
,0.0,0.0,jpeg:70,45.000000948646374,0.9785990829404435,,0.0,"{""S4_HEADER_FAILURE"":1}",C1,1,0,coco-000000551304-000000094336,0.0,152596480.0,0.4535483000539665,,,,,1.5255859589997272,1.0,0.0
,0.0,0.0,jpeg:90,45.000000948646374,0.9785990829404435,,0.0,"{""S4_HEADER_FAILURE"":1}",C1,1,0,coco-000000551304-000000094336,0.0,152903680.0,0.3433621154883972,,,,,1.786665121999249,1.0,0.0
,0.0,0.0,salt_pepper:0.01,45.000000948646374,0.9785990829404435,,0.0,"{""S4_HEADER_FAILURE"":3}",C1,3,0,coco-000000551304-000000094336,0.0,153346048.0,0.1641872039335612,,,,,1.847359502667435,1.0,0.0
,0.0,0.0,salt_pepper:0.03,45.000000948646374,0.9785990829404435,,0.0,"{""S4_HEADER_FAILURE"":3}",C1,3,0,coco-000000551304-000000094336,0.0,153223168.0,0.32467020447322664,,,,,2.041402264666734,1.0,0.0
,0.0,0.0,salt_pepper:0.05,45.000000948646374,0.9785990829404435,,0.0,"{""S4_HEADER_FAILURE"":3}",C1,3,0,coco-000000551304-000000094336,0.0,152685226.66666666,0.3975175391257421,,,,,2.971714807667013,1.0,0.0
0.0,1.0,1.0,clean,45.000049289886874,0.9789460318648153,0.0,1.0,"{""S0_COMPLETE"":1}",C2,1,0,coco-000000551304-000000094336,1.0,152969216.0,1.3491635186184566e-05,1.0,1.0,,1.0,2.425450845001251,0.0,1.0
,0.0,0.0,gaussian:10,45.000049289886874,0.9789460318648153,,0.0,"{""S4_HEADER_FAILURE"":3}",C2,3,0,coco-000000551304-000000094336,0.0,154088789.33333334,0.321862445283924,,,,,2.824486995332942,1.0,0.0
,0.0,0.0,gaussian:15,45.000049289886874,0.9789460318648153,,0.0,"{""S4_HEADER_FAILURE"":3}",C2,3,0,coco-000000551304-000000094336,0.0,152734378.66666666,0.3515110631408527,,,,,2.511477811999915,1.0,0.0
,0.0,0.0,gaussian:5,45.000049289886874,0.9789460318648153,,0.0,"{""S4_HEADER_FAILURE"":3}",C2,3,0,coco-000000551304-000000094336,0.0,153673728.0,0.2570756131198657,,,,,2.721407951665848,1.0,0.0
,0.0,0.0,jpeg:50,45.000049289886874,0.9789460318648153,,0.0,"{""S4_HEADER_FAILURE"":1}",C2,1,0,coco-000000551304-000000094336,0.0,152903680.0,0.4842687533729088,,,,,2.274998979999509,1.0,0.0
,0.0,0.0,jpeg:70,45.000049289886874,0.9789460318648153,,0.0,"{""S4_HEADER_FAILURE"":1}",C2,1,0,coco-000000551304-000000094336,0.0,153477120.0,0.4615398452959165,,,,,2.5655327280001075,1.0,0.0
,0.0,0.0,jpeg:90,45.000049289886874,0.9789460318648153,,0.0,"{""S4_HEADER_FAILURE"":1}",C2,1,0,coco-000000551304-000000094336,0.0,151871488.0,0.3547715416441806,,,,,3.0695089290002215,1.0,0.0
,0.0,0.0,salt_pepper:0.01,45.000049289886874,0.9789460318648153,,0.0,"{""S4_HEADER_FAILURE"":3}",C2,3,0,coco-000000551304-000000094336,0.0,153597269.33333334,0.1648392996342268,,,,,2.341282140333836,1.0,0.0
,0.0,0.0,salt_pepper:0.03,45.000049289886874,0.9789460318648153,,0.0,"{""S4_HEADER_FAILURE"":3}",C2,3,0,coco-000000551304-000000094336,0.0,152995157.33333334,0.3236073634346705,,,,,3.075519918333763,1.0,0.0
,0.0,0.0,salt_pepper:0.05,45.000049289886874,0.9789460318648153,,0.0,"{""S4_HEADER_FAILURE"":3}",C2,3,0,coco-000000551304-000000094336,0.0,153264128.0,0.396714037296876,,,,,3.0167162933333507,1.0,0.0
0.0,1.0,1.0,clean,45.00001706233342,0.9785919579168878,0.0,1.0,"{""S0_COMPLETE"":1}",C3,1,0,coco-000000551304-000000094336,1.0,153698304.0,4.497211728728188e-06,1.0,1.0,,1.0,2.359526341999299,0.0,1.0
,0.0,0.0,gaussian:10,45.00001706233342,0.9785919579168878,,0.0,"{""S4_HEADER_FAILURE"":3}",C3,3,0,coco-000000551304-000000094336,0.0,154868394.66666666,0.3223856209150327,,,,,1.6917074106665193,1.0,0.0
,0.0,0.0,gaussian:15,45.00001706233342,0.9785919579168878,,0.0,"{""S4_HEADER_FAILURE"":3}",C3,3,0,coco-000000551304-000000094336,0.0,153079808.0,0.35349433351322174,,,,,1.6962118160002622,1.0,0.0
,0.0,0.0,gaussian:5,45.00001706233342,0.9785919579168878,,0.0,"{""S4_HEADER_FAILURE"":3}",C3,3,0,coco-000000551304-000000094336,0.0,152560981.33333334,0.2585686874138034,,,,,1.9398930716658167,1.0,0.0
,0.0,0.0,jpeg:50,45.00001706233342,0.9785919579168878,,0.0,"{""S4_HEADER_FAILURE"":1}",C3,1,0,coco-000000551304-000000094336,0.0,152969216.0,0.4803876596510164,,,,,2.2281744240008265,1.0,0.0
,0.0,0.0,jpeg:70,45.00001706233342,0.9785919579168878,,0.0,"{""S4_HEADER_FAILURE"":1}",C3,1,0,coco-000000551304-000000094336,0.0,154238976.0,0.45433531210649397,,,,,1.766533485999389,1.0,0.0
,0.0,0.0,jpeg:90,45.00001706233342,0.9785919579168878,,0.0,"{""S4_HEADER_FAILURE"":1}",C3,1,0,coco-000000551304-000000094336,0.0,153604096.0,0.34325867961863643,,,,,1.9703723900001933,1.0,0.0
,0.0,0.0,salt_pepper:0.01,45.00001706233342,0.9785919579168878,,0.0,"{""S4_HEADER_FAILURE"":3}",C3,3,0,coco-000000551304-000000094336,0.0,153744725.33333334,0.1636475385261138,,,,,1.635835649333482,1.0,0.0
,0.0,0.0,salt_pepper:0.03,45.00001706233342,0.9785919579168878,,0.0,"{""S4_HEADER_FAILURE"":3}",C3,3,0,coco-000000551304-000000094336,0.0,152769877.33333334,0.32473766264915754,,,,,2.1010325759998523,1.0,0.0
,0.0,0.0,salt_pepper:0.05,45.00001706233342,0.9785919579168878,,0.0,"{""S4_HEADER_FAILURE"":3}",C3,3,0,coco-000000551304-000000094336,0.0,152973312.0,0.3985009294237573,,,,,2.0763968663328947,1.0,0.0
0.0,1.0,1.0,clean,45.000049289886874,0.9786075828890095,0.0,1.0,"{""S0_COMPLETE"":1}",C3_NP,1,0,coco-000000551304-000000094336,1.0,152903680.0,8.994423457456377e-06,1.0,1.0,,1.0,3.212077132999184,0.0,1.0
,0.0,0.0,gaussian:10,45.000049289886874,0.9786075828890096,,0.0,"{""S4_HEADER_FAILURE"":3}",C3_NP,3,0,coco-000000551304-000000094336,0.0,153228629.33333334,0.32168405588535104,,,,,2.600142948666568,1.0,0.0
,0.0,0.0,gaussian:15,45.000049289886874,0.9786075828890096,,0.0,"{""S4_HEADER_FAILURE"":3}",C3_NP,3,0,coco-000000551304-000000094336,0.0,154158421.33333334,0.3517689032799664,,,,,2.638878867333915,1.0,0.0
,0.0,0.0,gaussian:5,45.000049289886874,0.9786075828890096,,0.0,"{""S4_HEADER_FAILURE"":3}",C3_NP,3,0,coco-000000551304-000000094336,0.0,153152170.66666666,0.2583887989446543,,,,,2.4997078666668435,1.0,0.0
,0.0,0.0,jpeg:50,45.000049289886874,0.9786075828890095,,0.0,"{""S4_HEADER_FAILURE"":1}",C3_NP,1,0,coco-000000551304-000000094336,0.0,151871488.0,0.4790474905558554,,,,,2.350469658000293,1.0,0.0
,0.0,0.0,jpeg:70,45.000049289886874,0.9786075828890095,,0.0,"{""S4_HEADER_FAILURE"":1}",C3_NP,1,0,coco-000000551304-000000094336,0.0,153698304.0,0.4559947832343947,,,,,2.6647617899998295,1.0,0.0
,0.0,0.0,jpeg:90,45.000049289886874,0.9786075828890095,,0.0,"{""S4_HEADER_FAILURE"":1}",C3_NP,1,0,coco-000000551304-000000094336,0.0,153763840.0,0.3449451340169095,,,,,2.1816152409992355,1.0,0.0
,0.0,0.0,salt_pepper:0.01,45.000049289886874,0.9786075828890096,,0.0,"{""S4_HEADER_FAILURE"":3}",C3_NP,3,0,coco-000000551304-000000094336,0.0,154147498.66666666,0.1640957606284104,,,,,1.954651221999787,1.0,0.0
,0.0,0.0,salt_pepper:0.03,45.000049289886874,0.9786075828890096,,0.0,"{""S4_HEADER_FAILURE"":3}",C3_NP,3,0,coco-000000551304-000000094336,0.0,153088000.0,0.32519338010433535,,,,,2.2295725913330293,1.0,0.0
,0.0,0.0,salt_pepper:0.05,45.000049289886874,0.9786075828890096,,0.0,"{""S4_HEADER_FAILURE"":3}",C3_NP,3,0,coco-000000551304-000000094336,0.0,152443562.66666666,0.3984889368591474,,,,,2.0451154466663866,1.0,0.0
